benchmarkType,region,district,festivalType,venueType,durationDays,v0_selectorCandidateCount,v0_selectorTopYearShare,v0_reachedFallbackLevel,v0_finalSampleCount,v0_finalDistinctYearsUsed,v0_finalEffectiveYearCount,v0_finalLatestYearWeightShare,v0_averageSimilarity,v0_minimumSimilarity,v0_estimatedBudget,v0_selectedCandidatesHash,v0_finalSampleHash,v1_selectorCandidateCount,v1_selectorTopYearShare,v1_reachedFallbackLevel,v1_qualityGateActivated,v1_qualityFloor,v1_bestSimilarityAtActivation,v1_topYearShareAtDecision,v1_finalSampleCount,v1_finalDistinctYearsUsed,v1_finalEffectiveYearCount,v1_finalLatestYearWeightShare,v1_averageSimilarity,v1_minimumSimilarity,v1_estimatedBudget,v1_selectedCandidatesHash,v1_finalSampleHash
NO_DISTRICT,SEOUL,,CULTURE_ART,VILLAGE,2,39,1.0,NATIONWIDE_TYPE_VENUE,39,1,1.0,1.0,0.8111445068349026,0.6817164179104478,1.3769689768517697E8,35666bd283d687af38fec7347887732ca0983e78f887177a0dbce730a02f799c,35666bd283d687af38fec7347887732ca0983e78f887177a0dbce730a02f799c,288,0.17870251104739418,SAME_REGION_TYPE,true,0.9,0.9500000000000001,1.0,50,6,5.587405293042294,0.08182304844307128,0.9372254390176351,0.9230769230769231,1.364415295545229E8,ae39890594258f71d02c3ba9c2af797df14f1bd18d175e39157487d0fe785b91,257f884336cc22785c6de5b9b311c1272a201cd0d01a6f90fe3b00e441fb76ba
NO_DISTRICT,SEOUL,,NATURE_ECOLOGY,GREEN,7,88,1.0,NATIONWIDE_TYPE_VENUE,50,1,1.0,1.0,0.7851420847462232,0.75,1.8661004603238282E8,dc459aca48974424d1e63cba2ca3e5c0d723e32a3a4724a75d28d13eea8c5f69,b27637c0dffc6e9ff6fc673287fff8845ad0c6f11a67ac4d1246f61c60baa4ec,119,0.6604757264778447,GLOBAL_SIMILARITY,true,0.8590909090909091,0.9090909090909092,1.0,50,9,5.845367441778211,0.32110729621677997,0.8850891849830196,0.7875000000000001,1.3393976069032878E8,f5818ea55be32c2af43a27c94f0a7dc9b5fbba645c9f1517abaac7afc2aa2a3c,1c60db94fd894fc13bb27f8a9970fbac7b933091884a79bc55c341852e0b436f
NO_DISTRICT,SEOUL,,CULTURE_ART,WATERFRONT,10,90,1.0,NATIONWIDE_TYPE_VENUE,50,1,1.0,1.0,0.8072945611647103,0.7295454545454546,3.7124903461824566E8,c348e29400ebe021db666e856fec31595170b0090866fe06d013a15bb05b35e1,64b98e2f493c190bb66363f08298f54ef2369889d67f7e8cdfd99844832b0294,314,0.21690609459455415,SAME_REGION_TYPE,true,0.8911764705882352,0.9411764705882353,1.0,50,6,1.896656057295421,0.061642245414667125,0.9270448979648167,0.9230769230769231,1.501106401901997E8,d7d707e2fea1e108a272b41c2e31c26b0173c1ae97ac35ce6e4998d72aa516a8,17daf0f86011238d77965a4529c1acdf13d56d1e59df9543263b76474e14a000
NO_DISTRICT,SEOUL,,CULTURE_ART,GREEN,14,158,1.0,NATIONWIDE_TYPE_VENUE,50,1,1.0,1.0,0.804172112969066,0.7250000000000001,5.154868274102146E8,4214f3c3954d05a920f970ebc6a910e54d165aa212212417de62ae5be5a531b0,992140887741c1cebc860dd25b4e1f606696980a3ae4087c8f3a5f98c174f5b9,384,0.31053680350330476,SAME_REGION_TYPE,true,0.8823529411764706,0.9323529411764706,1.0,50,4,1.3336705161956923,0.02039574095980383,0.9232661143392193,0.9230769230769231,1.4067073855142358E8,07bbc0f3f1951a6c9dd6f307df4884182ae2d937547fb80a90c16a976f08b9c1,66aabd82e8d529f1fc7cb3dac440b1f6fc5dfadae1985d94b518a0a035d5449d
NO_DISTRICT,SEOUL,,CULTURE_ART,INDEPENDENT,2,76,1.0,NATIONWIDE_TYPE_VENUE,50,1,1.0,1.0,0.8138976441943702,0.775,2.2825452372029746E8,8d3227fce5057e121afb1463f7003206e6d03aae5ceffb834860623ae7d9b164,88461e1476146b0c4f7e76b8c4448c787f3705acce9caa093e95c1cc793345e2,376,0.15688476318881464,SAME_REGION_TYPE,true,0.8625,0.9125000000000001,1.0,50,5,4.963836193882793,0.22108002169176758,0.9352517844113473,0.9230769230769231,1.5406503235008368E8,6b10e99badf41d849ffdbf4a98d4209ed6e4be4b3357b125a63126edef7bf79a,3f7b547b4b90f5824d23b4e43bd65ff0ff6161a6aa15063d3c7094a1cc181208
NO_DISTRICT,SEOUL,,CULTURE_ART,GREEN,43,158,1.0,NATIONWIDE_TYPE_VENUE,50,1,1.0,1.0,0.7748801984152318,0.6920454545454546,5.564030483669729E8,4214f3c3954d05a920f970ebc6a910e54d165aa212212417de62ae5be5a531b0,a02203d7130fb2018008570526f247273365915253d71c48339beb1d5ab79550,365,0.3131954790255759,SAME_REGION_TYPE,true,0.8965909090909091,0.9465909090909091,1.0,50,4,1.3352989884760045,0.021010236534674574,0.9235709574849494,0.9230769230769231,1.4261399804054523E8,985bbf355c5b1e0a0068c70c613870d96dcebf8643ce87202de80f2aaa6addf0,3e68db25e150998727606f9d9f36d4bc6ea2f3ddd315af1b4203356b96ffceec
NO_DISTRICT,SEOUL,,COMMUNITY,GREEN,10,41,1.0,NATIONWIDE_TYPE_VENUE,41,1,1.0,1.0,0.7571340355094786,0.7159090909090909,1.8691397919333792E8,2e791c1fbe39f5acd2e443473c32520423f6131ee59cef2b016af5dfdade83f7,2e791c1fbe39f5acd2e443473c32520423f6131ee59cef2b016af5dfdade83f7,96,0.33068449740420763,SAME_REGION_TYPE,true,0.8678571428571429,0.9178571428571429,1.0,50,6,3.192106441841657,0.11977366987187289,0.9239678786442831,0.9230769230769231,3.648070798805251E7,0050258ee629cf39e22acd8110bc4b3d4918fd5e91d26159e09ab678157f90e0,97345992b58c06fe437866248d29e2da8d57f2a8a905dfd11a256f765c0b73a2
NO_DISTRICT,SEOUL,,CULTURE_ART,GREEN,16,158,1.0,NATIONWIDE_TYPE_VENUE,50,1,1.0,1.0,0.8019190799320636,0.7191176470588235,5.1057198491649306E8,4214f3c3954d05a920f970ebc6a910e54d165aa212212417de62ae5be5a531b0,a02203d7130fb2018008570526f247273365915253d71c48339beb1d5ab79550,372,0.3191248215230843,SAME_REGION_TYPE,true,0.9,0.9500000000000001,1.0,50,6,1.4780050112492882,0.021113722652282386,0.9246412887245614,0.9230769230769231,1.4748875477839494E8,4854379aa8fa3d10b43ca7f1f496c7550a86b65cdcdb0e75d337ea1dca8c6534,1103ee30f9ff8d02351247f5594b35d977d1b16fd4bf139a68b3b5df29017c61
NO_DISTRICT,SEOUL,,CULTURE_ART,GREEN,3,158,1.0,NATIONWIDE_TYPE_VENUE,50,1,1.0,1.0,0.8413777740529101,0.8250000000000001,4.573979988991295E8,4214f3c3954d05a920f970ebc6a910e54d165aa212212417de62ae5be5a531b0,a359a2d92e7776980ae8962d2ce7c7c51b473c98c0aed2d16f26857614f061d7,408,0.3207908310956073,SAME_REGION_TYPE,true,0.9,0.9500000000000001,1.0,50,6,5.105068139764305,0.041408607176465606,0.9337886007958862,0.9230769230769231,2.0842518840790004E8,e03377192ee28d27ccf44acc8cb12af483412ce328e0844beb789d5676102766,2ae6f6bae5dc471794409d0c6a9a33f7743e6a74b94fafd06f09bc43e2f0a61a
NO_DISTRICT,SEOUL,,COMMUNITY,GREEN,3,41,1.0,NATIONWIDE_TYPE_VENUE,41,1,1.0,1.0,0.8024121293728885,0.6907894736842106,1.508580125001133E8,2e791c1fbe39f5acd2e443473c32520423f6131ee59cef2b016af5dfdade83f7,2e791c1fbe39f5acd2e443473c32520423f6131ee59cef2b016af5dfdade83f7,101,0.3370929530405544,SAME_REGION_TYPE,true,0.9,0.9500000000000001,1.0,50,7,3.1503145047837964,0.021039504701387737,0.9263030628893697,0.9230769230769231,4.7481021117391765E7,bf568cd670b683f7248502d9058184529d15cf6e601a08152378fa5954b7844c,da215ae41272b9ee3b0c9f42612902d466c927741b88947bc15217cbbc7c320a
NO_DISTRICT,SEOUL,,CULTURE_ART,GREEN,11,158,1.0,NATIONWIDE_TYPE_VENUE,50,1,1.0,1.0,0.8106315790599589,0.7375,5.315392505560622E8,4214f3c3954d05a920f970ebc6a910e54d165aa212212417de62ae5be5a531b0,490b2f42312f28def0a8029710ef6697f6640ff0d1b914a110eb348b89487b17,382,0.31611868338722715,SAME_REGION_TYPE,true,0.8875,0.9375,1.0,50,5,1.347506110380891,0.061734107424652684,0.9242641174504737,0.9230769230769231,1.602453584750785E8,3af1feff1a76ca4fe28fbb83ed6894932fceb0a77fbcc3814bdc5882a01a781f,c2f6c18f2f5d9b288061735355ace7b863d9b64af4d4273d1809240fc8ea9e94
NO_DISTRICT,SEOUL,,CULTURE_ART,GREEN,2,158,1.0,NATIONWIDE_TYPE_VENUE,50,1,1.0,1.0,0.8390842198505045,0.8250000000000001,2.242056258000332E8,4214f3c3954d05a920f970ebc6a910e54d165aa212212417de62ae5be5a531b0,874d9c828e68c2bf19b8f5c6e5ae59443797e9a583ef2eb2ce539e57a15d8720,407,0.318488686207119,SAME_REGION_TYPE,true,0.9,0.9500000000000001,1.0,50,6,5.171472277227691,0.02061393692736395,0.9357927514679001,0.9230769230769231,1.6142633955977243E8,4a358f59f234ffa8676d69bfd71e87009287395a84369ba75d484b29d8dd2b8e,32beca418488e1a6a2b4ed1cf05bdd9ef0d882328982f6ff983ad5568db546f3
NO_DISTRICT,SEOUL,,CULTURE_ART,GREEN,10,158,1.0,NATIONWIDE_TYPE_VENUE,50,1,1.0,1.0,0.814180218024755,0.7431818181818182,5.233964263188249E8,4214f3c3954d05a920f970ebc6a910e54d165aa212212417de62ae5be5a531b0,490b2f42312f28def0a8029710ef6697f6640ff0d1b914a110eb348b89487b17,382,0.3177419574220682,SAME_REGION_TYPE,true,0.9,0.9500000000000001,1.0,50,6,1.9012589997544833,0.06293117775989544,0.9277176658157297,0.9230769230769231,1.6527607780562362E8,3af1feff1a76ca4fe28fbb83ed6894932fceb0a77fbcc3814bdc5882a01a781f,00d2a7d4f100a772284b4e46c60987558b834482b1c481c27c16ff06ebac8f5a
NO_DISTRICT,SEOUL,,NATURE_ECOLOGY,GREEN,180,88,1.0,NATIONWIDE_TYPE_VENUE,50,1,1.0,1.0,0.7115827960917496,0.6783149171270718,2.3616316528225717E8,dc459aca48974424d1e63cba2ca3e5c0d723e32a3a4724a75d28d13eea8c5f69,3c6014a36062afe52f1e3848050149cf3b44deef4101bb656fbe1ce680febdd2,119,0.6314832683908282,GLOBAL_SIMILARITY,true,0.7591160220994475,0.8091160220994476,1.0,50,9,5.92274557608601,0.29925650844500706,0.855879290004941,0.6890883977900553,1.4379162507532158E8,bff0a30ab31e1e198c0e10dedaeb6634265931464c7e795c98dba1d9e054571e,571e9064dbe6be85c72326772c67a9ce2aecfa4fd2f3cc47be6fe3be5714db80
NO_DISTRICT,SEOUL,,CULTURE_ART,GREEN,13,158,1.0,NATIONWIDE_TYPE_VENUE,50,1,1.0,1.0,0.8058907273529904,0.7285714285714286,5.098095536849521E8,4214f3c3954d05a920f970ebc6a910e54d165aa212212417de62ae5be5a531b0,992140887741c1cebc860dd25b4e1f606696980a3ae4087c8f3a5f98c174f5b9,388,0.30826666063222247,SAME_REGION_TYPE,true,0.8735294117647059,0.9235294117647059,1.0,50,4,1.3327766655032074,0.020018325862618376,0.923106630228816,0.9230769230769231,1.4401166906234133E8,c88d67c81fa961147bd0c14d93f62d26de07e1fef2c3ad3b6bd96a0bdb0d0a37,f1b4a7163188efc22957a35af4974fec2a861aebdbb44c7f07942560be4717c7
NO_DISTRICT,SEOUL,,TRADITION_HISTORY,GREEN,3,54,1.0,NATIONWIDE_TYPE_VENUE,50,1,1.0,1.0,0.8248702831117961,0.75,3.1343963082645994E8,925fb91efbfb16db5e571b6b008cb99b6c0a3a167e39edb07bb4c1c2cafda7ae,15013135441599761863f195c6b7c25c44c6b8930cfb9f4e510c4f80f3a88a3e,117,0.39917941590723666,SAME_REGION_TYPE,true,0.9,0.9500000000000001,1.0,50,8,5.353025029988191,0.08345492800838294,0.928086392240991,0.9230769230769231,1.5437583092910445E8,4492837777db6d8c0e87a8e5d11199c8a088a6600d6dbd7569cf56f632473a38,2f7227ade8a45c9dc4b4b632bed33b8e25cdd6e823ab83bda57a0e47dbb0cdea
NO_DISTRICT,SEOUL,,CULTURE_ART,INDEPENDENT,3,76,1.0,NATIONWIDE_TYPE_VENUE,50,1,1.0,1.0,0.8146200756157478,0.7875000000000001,3.014079336716273E8,8d3227fce5057e121afb1463f7003206e6d03aae5ceffb834860623ae7d9b164,985e780e294e733b1f0d65e7aca1b818c66293287d04678f7acf59740d72ae86,326,0.18233125199091654,SAME_REGION_TYPE,true,0.9,0.9500000000000001,1.0,50,6,5.105068139764305,0.041408607176465606,0.9337886007958862,0.9230769230769231,2.080611301890692E8,e713b695be687ca416e58ce8210e43664338361e0b569b9157f040aafea6e016,dcbaf0805a5555ac867c96f20ecc20fe8f380c396c1397f82a7af517e0c3124d
NO_DISTRICT,SEOUL,,NATURE_ECOLOGY,GREEN,9,88,1.0,NATIONWIDE_TYPE_VENUE,50,1,1.0,1.0,0.7942965182059024,0.735,1.9288568648393998E8,dc459aca48974424d1e63cba2ca3e5c0d723e32a3a4724a75d28d13eea8c5f69,745b1d833dc3b62a22379fc03d057cfc1bb360bec89004b8e5407192d1d3b35c,119,0.6597413199843487,GLOBAL_SIMILARITY,true,0.8863636363636364,0.9363636363636364,1.0,50,9,5.6902748687417715,0.3318869846871875,0.89274938806984,0.8113636363636364,1.5136635674931112E8,f5818ea55be32c2af43a27c94f0a7dc9b5fbba645c9f1517abaac7afc2aa2a3c,4d05f6875737f85f377bdbb21b185eb5fcba8b5d22977cbf934541c4d4155189
NO_DISTRICT,SEOUL,,CULTURE_ART,OTHER,3,70,1.0,NATIONWIDE_TYPE_VENUE,50,1,1.0,1.0,0.8453989114230902,0.7875000000000001,1.8846432609526142E8,e2894551a9aade3371c9d134fd015763aa296c0fb24e8191f8fdd46932c4cd77,24d616df51ebff459f8809123000b0b3123100b4453316e5aaa355c70915f4b6,320,0.17824273783943279,SAME_REGION_TYPE,true,0.9,0.9500000000000001,1.0,50,6,5.831658864984186,0.12231583636556692,0.9352222340719827,0.9230769230769231,1.978683283580451E8,0dbabe7dba1956916f75e7834a7384956058228b3058534ebe4fad291aea2c99,2ad3ad6b41f37c6c79ee09c90ea78896809b01f29a18f4c4bae59a4abbb8ad82
NO_DISTRICT,SEOUL,,COMMUNITY,WATERFRONT,2,29,1.0,NATIONWIDE_TYPE_VENUE,29,1,1.0,1.0,0.8078050484108545,0.6964285714285715,1.3889098055302474E8,d79174673ff7f3466f21cd9adef13feaf0fb2e943028627027b036405e0d7d39,d79174673ff7f3466f21cd9adef13feaf0fb2e943028627027b036405e0d7d39,115,0.2682575613411706,SAME_REGION_TYPE,true,0.8625,0.9125000000000001,1.0,50,5,2.894980578505695,0.08129064532266131,0.9301116904606146,0.9230769230769231,6.292183496221529E7,a53842ed522efddbf15ec02723533e7b55d3b7f5e75d057827c923ce57a22f94,51f5d5cd2105226e9488752638e169100f6d573900b5a6a3542a95049229d4fb
NO_DISTRICT,SEOUL,,CULTURE_ART,GREEN,5,158,1.0,NATIONWIDE_TYPE_VENUE,50,1,1.0,1.0,0.8249924475883075,0.775,4.093363521630514E8,4214f3c3954d05a920f970ebc6a910e54d165aa212212417de62ae5be5a531b0,c293f3f00ef9f4a9c3de8e5d8c4e35c502a37ee49385bebea61d3e4eb25d2e73,387,0.3288425692047538,SAME_REGION_TYPE,true,0.9,0.9500000000000001,1.0,50,5,1.35065022763372,0.02110552233607816,0.9248309429777051,0.9230769230769231,1.5031979292821252E8,a957154872c639f840603eec865466ccc9f3a2dec2130ffa3173a7d5979e8f3c,f295f61ee974472efbd41e0a5bc88d8b2b6b33751d2d1c074474b354d9bf4eb2
NO_DISTRICT,SEOUL,,NATURE_ECOLOGY,GREEN,3,88,1.0,NATIONWIDE_TYPE_VENUE,50,1,1.0,1.0,0.8064457180150079,0.7875000000000001,1.2013544170324798E8,dc459aca48974424d1e63cba2ca3e5c0d723e32a3a4724a75d28d13eea8c5f69,d56a63617982e3d9d710f199ff78fb901ed37ab1d06bd8faf6e37d627b0fc4d9,128,0.618676467584222,GLOBAL_SIMILARITY,true,0.8045454545454546,0.8545454545454546,1.0,50,9,7.559851540750389,0.20932042504230816,0.89169223015393,0.8250000000000001,1.1785248448041256E8,04668e3512cb74d9d58070d507663028bc79cac8f926bf756b7fd4fc04026f4b,54a479c9608fa6651ec33f1e6e1c3b865187364ccd5291fe7f90188f807541ae
NO_DISTRICT,SEOUL,,COMMUNITY,GREEN,2,41,1.0,NATIONWIDE_TYPE_VENUE,41,1,1.0,1.0,0.8130274579139306,0.6868421052631579,1.2728189994912961E8,2e791c1fbe39f5acd2e443473c32520423f6131ee59cef2b016af5dfdade83f7,2e791c1fbe39f5acd2e443473c32520423f6131ee59cef2b016af5dfdade83f7,115,0.29559848305005554,SAME_REGION_TYPE,true,0.9,0.9500000000000001,1.0,50,6,2.947888816335906,0.041639316458361435,0.9312163813269543,0.9230769230769231,6.762115435439405E7,55619814ce8e078e36bf4a8b4a89a2832128e8593ae0e2eb1d05b55641d0f43f,53f512784c837417a23eb66cd91b8aecdf2cae82214b8a97e7ce3596a112f0fa
NO_DISTRICT,SEOUL,,TRADITION_HISTORY,GREEN,2,54,1.0,NATIONWIDE_TYPE_VENUE,50,1,1.0,1.0,0.8194703058537309,0.75,2.4346427565859908E8,925fb91efbfb16db5e571b6b008cb99b6c0a3a167e39edb07bb4c1c2cafda7ae,629b0d4dc3b42373f864c89399bdd4c8d07d01fb74c9a354eae111ad6bfab652,120,0.38389985500830254,SAME_REGION_TYPE,true,0.9,0.9500000000000001,1.0,50,8,5.789579241189384,0.041527434715040355,0.9281346350391869,0.9230769230769231,1.0682855585334398E8,f9b0cf19faf857c32da5c98ada2e07f40dcb63685108955e3b3954a7c89f6088,3d00a30a825774a26c9f32a6b7d68f462bd41e35d5fb08930c9b52a0001661a7
NO_DISTRICT,SEOUL,,CULTURE_ART,WATERFRONT,2,90,1.0,NATIONWIDE_TYPE_VENUE,50,1,1.0,1.0,0.8364924535268684,0.7875000000000001,1.80853489699572E8,c348e29400ebe021db666e856fec31595170b0090866fe06d013a15bb05b35e1,8e26f640f3164ba326827986a4fdec20d883073fadc3dc8d373906c25c26335e,339,0.2085908686017672,SAME_REGION_TYPE,true,0.9,0.9500000000000001,1.0,50,6,5.637269085012385,0.12231015889330761,0.9381149878341365,0.9230769230769231,1.3738133283562225E8,d7ebd52d97feb1097d9a340ab7077b6b9ced2a4ad099d399c6d5e1bbc04e6c6f,6554ea2af3fe282fbf5cad5635211b26bcf9731edd92967f0f7279989edb3b5b
NO_DISTRICT,SEOUL,,CULTURE_ART,OTHER,7,70,1.0,NATIONWIDE_TYPE_VENUE,50,1,1.0,1.0,0.8192809753290871,0.75,2.5381214770281327E8,e2894551a9aade3371c9d134fd015763aa296c0fb24e8191f8fdd46932c4cd77,f8f468f28d24ae846452c60e7ab6f55fa2495a2603aea3df46989d8c7b2a4c3f,294,0.1861712552256461,SAME_REGION_TYPE,true,0.8911764705882352,0.9411764705882353,1.0,50,5,1.4123760960016547,0.08269766572740755,0.9257571680041403,0.9230769230769231,1.4689745581370944E8,5329e00ee449953fc98de09df74d45d7f0b3a07cddd71721bffaa51fe5409f86,1254a737f6bb48e3c83a747a85f48b808fa1275076efc28cd8b71c7311dc5492
NO_DISTRICT,SEOUL,,NATURE_ECOLOGY,WATERFRONT,5,70,1.0,NATIONWIDE_TYPE_VENUE,50,1,1.0,1.0,0.7861369061854893,0.75,1.6608405922732875E8,0a635fe7c95464734d67fcf3eb34fbe1decb151168419235fa06b370eaf0e0c0,3fc245d356d847ca4c109d8edc43074e443b5dab58fe7891581707657a1afa84,95,0.6605400534149373,GLOBAL_SIMILARITY,true,0.9,0.9500000000000001,1.0,50,7,4.021307811276925,0.43136471259495335,0.8726330616844377,0.775,1.2912028475398946E8,47250e56e8d53eccf27362b2cd92bca2da85f55cf005e3b6221ecaf60772cb6a,2ca13879603adb83c93d3ac12812be304b6ed6b642cf7c5708ac03ae30c18285
NO_DISTRICT,SEOUL,,NATURE_ECOLOGY,GREEN,11,88,1.0,NATIONWIDE_TYPE_VENUE,50,1,1.0,1.0,0.7902958109303889,0.7250000000000001,1.966520469535181E8,dc459aca48974424d1e63cba2ca3e5c0d723e32a3a4724a75d28d13eea8c5f69,99164d6bd1c862e9086cd0621c6d71c0c0865a8630bd150c61410aed2901bc53,118,0.6649024672769879,GLOBAL_SIMILARITY,true,0.8875,0.9375,1.0,50,9,5.370152797188624,0.3469538031494179,0.8871889519071959,0.8,1.570129953478275E8,2f6eb4f1bdf85c6ee736caa15f6296c3b943d5337fa439eab14172cae6e6d9ce,92ceaf01eea48bfb773c45a722bae7b29edb1938c43a96866b4474f3fad7af58
NO_DISTRICT,SEOUL,,CULTURE_ART,WATERFRONT,24,90,1.0,NATIONWIDE_TYPE_VENUE,50,1,1.0,1.0,0.7783806942909166,0.6990000000000001,4.2857506200294733E8,c348e29400ebe021db666e856fec31595170b0090866fe06d013a15bb05b35e1,6411f4fedcb85829ccec8ad192ab26578910782ef101de7ad467a8f33ae4a169,304,0.2122859546185822,SAME_REGION_TYPE,true,0.8911764705882352,0.9411764705882353,1.0,50,5,1.2891175400102641,0.04147916301805231,0.9242705971945991,0.9230769230769231,1.4470356871233913E8,f1a4c1ed7b9a0df4efaab8c76a36f21b0747967042b11e37aba3c1ab821825e1,41ddc8f44a16022da8dc866be42c2406e7451e6cd15e541bb45b89a020b83b5e
NO_DISTRICT,SEOUL,,CULTURE_ART,OTHER,2,70,1.0,NATIONWIDE_TYPE_VENUE,50,1,1.0,1.0,0.8508348654072706,0.7875000000000001,1.5888497486121887E8,e2894551a9aade3371c9d134fd015763aa296c0fb24e8191f8fdd46932c4cd77,1cc716115feb050f337a72bb836c02124ee467e542a9280ef954fba724afa121,319,0.1788860018013779,SAME_REGION_TYPE,true,0.9,0.9500000000000001,1.0,50,6,5.633513352352609,0.16232558257088056,0.9388196098702,0.9375000000000001,1.4018664948604694E8,afa9b3b7dbc5471e83b640f307fa0a77521c5752c76762a21a4bc96ef0eb1340,3631eec63a065bd18fb56360c96436f4c93a00a250e720a45c06fdc95e9fbcd0
NO_DISTRICT,SEOUL,,TRADITION_HISTORY,WATERFRONT,10,31,1.0,NATIONWIDE_TYPE_VENUE,31,1,1.0,1.0,0.7514860035950198,0.7022727272727273,3.262509004561313E8,c0745607175cb18cadd7e1f4435374983eded73e4a37d3abefd288d57a8daaeb,c0745607175cb18cadd7e1f4435374983eded73e4a37d3abefd288d57a8daaeb,90,0.25770534755846136,SAME_REGION_TYPE,true,0.8454545454545455,0.8954545454545455,1.0,50,7,4.378258142553322,0.13982385471427586,0.9236712671161701,0.9230769230769231,1.3887328365950713E8,f4dd43fe5bbe3249e3787e1fcfc049e24a8528dcd650fe4d3031d0f1ec5ed018,ca2da464cb706fe267d6ba75402fc63a3502cb22c88957b2569f314e99939303
NO_DISTRICT,SEOUL,,CULTURE_ART,WATERFRONT,3,90,1.0,NATIONWIDE_TYPE_VENUE,50,1,1.0,1.0,0.84010102796444,0.7875000000000001,2.8656238244232523E8,c348e29400ebe021db666e856fec31595170b0090866fe06d013a15bb05b35e1,7bd7dfa946a2072b22cf963266e43ad396c18f6db7361f2f98e37fd9fd061d1a,340,0.21152826153895157,SAME_REGION_TYPE,true,0.9,0.9500000000000001,1.0,50,6,5.540993102927991,0.08192475366270821,0.9345065254659563,0.9230769230769231,2.133339679806761E8,c260541b4a4d5ba9b0692f601891c1ee4105a9d908a4807f7f353abd0004bd0a,87ac1717747aad081cb371912fc5ccccb36816e787fe73bfcacaeddb53c41560
NO_DISTRICT,SEOUL,,COMMUNITY,OTHER,2,109,0.28876217625910516,SAME_REGION_TYPE,50,6,2.9282821759747093,0.020843906781350452,0.9306646792077573,0.9230769230769231,6.5082792783811264E7,cc551e35dd26b4020e697a34d54242f032b938e24e0a4a636e54bce5791e9a98,61caf0cceff0bb9c0d54e036a1a5ca9aa419f1a17820f7b845c4bb5058960409,109,0.28876217625910516,SAME_REGION_TYPE,false,-Infinity,NaN,NaN,50,6,2.9282821759747093,0.020843906781350452,0.9306646792077573,0.9230769230769231,6.5082792783811264E7,cc551e35dd26b4020e697a34d54242f032b938e24e0a4a636e54bce5791e9a98,61caf0cceff0bb9c0d54e036a1a5ca9aa419f1a17820f7b845c4bb5058960409
NO_DISTRICT,SEOUL,,CULTURE_ART,OTHER,5,70,1.0,NATIONWIDE_TYPE_VENUE,50,1,1.0,1.0,0.8288464227760737,0.75,2.4414680633375135E8,e2894551a9aade3371c9d134fd015763aa296c0fb24e8191f8fdd46932c4cd77,f2be8b91a61eda8c45a74a5f625b0835b6e34521b4ae9040d0160f897f9cc654,299,0.18667699479996328,SAME_REGION_TYPE,true,0.9,0.9500000000000001,1.0,50,5,1.6133284811422877,0.12357568804939296,0.926358541349174,0.9230769230769231,1.305366560932153E8,7f71209533d8e50d38fc018526fe09ca25f2089e0c8c1f38ebeaa8eca4be9a09,8ec086f34f19f34381bb38bec2b182020cf60312f05c412fc232586465fd79fa
NO_DISTRICT,SEOUL,,TRADITION_HISTORY,OTHER,30,22,1.0,NATIONWIDE_TYPE_VENUE,22,1,1.0,1.0,0.7311549481698374,0.6846774193548387,2.6524905412527728E8,3d535e023c473017fdda8ada497fd3aeb9dbae27b046a7bdeb89e40249781229,3d535e023c473017fdda8ada497fd3aeb9dbae27b046a7bdeb89e40249781229,74,0.2443213185953682,SAME_REGION_TYPE,true,0.8911764705882352,0.9411764705882353,1.0,50,8,4.34654604103293,0.020775548777208348,0.9234529511090892,0.9230769230769231,1.3243720078221026E8,1ff525da6cc53d3bde0fa20be50a6609ed84fb87af2cf3cef0f6b850ed04fb1d,146793db275fc200be8509a425885cf7a566f57b4f3055296950717491bba9a1
NO_DISTRICT,SEOUL,,CULTURE_ART,WATERFRONT,4,90,1.0,NATIONWIDE_TYPE_VENUE,50,1,1.0,1.0,0.8260117777334737,0.76875,3.737009771459882E8,c348e29400ebe021db666e856fec31595170b0090866fe06d013a15bb05b35e1,20aa4263185a0d16df139f0fe83b9a82cdb306e6cb5a6fe39936c184df770362,344,0.20666504033113037,SAME_REGION_TYPE,true,0.8911764705882352,0.9411764705882353,1.0,50,6,1.8006425976467733,0.041258770104296606,0.9267758803718082,0.9230769230769231,1.7761194279563984E8,0d7caa03ad8a25e7b0b8df94a9b2ffa612d6611ba659ab96667c8540355ba997,d98aebf369f7e09c49be8b4ac0968eb9ec6668eaec76f68081d0916a31790ba9
NO_DISTRICT,BUSAN,,CULTURE_ART,WATERFRONT,3,90,1.0,NATIONWIDE_TYPE_VENUE,50,1,1.0,1.0,0.8277240332604141,0.7875000000000001,2.9840242074696076E8,c348e29400ebe021db666e856fec31595170b0090866fe06d013a15bb05b35e1,3daa2f1851f67917c268904cbf2503a82c2316ad32922a980e1f025366e18a9e,179,0.42296494590011946,SAME_REGION_TYPE,true,0.9,0.9500000000000001,1.0,50,7,5.758727950179984,0.06219411270472048,0.933195983818036,0.9230769230769231,2.1208640731168532E8,2d46791eb31c620e9dcd7c729e2e2c7d050214e8b9eee4847f5d97d95bc00f7e,2882d3ae2750759e7eaa115ad8e532bcd35749caf7a292cca805f0d4adb7f36c
NO_DISTRICT,BUSAN,,CULTURE_ART,GREEN,3,158,1.0,NATIONWIDE_TYPE_VENUE,50,1,1.0,1.0,0.8548713044829722,0.8250000000000001,3.708580580587904E8,4214f3c3954d05a920f970ebc6a910e54d165aa212212417de62ae5be5a531b0,a0a18bb353b84b0fea1c70734b57dfe5246ceab1f1b358ec255e216180755851,247,0.5671659052311334,GLOBAL_SIMILARITY,true,0.9,0.9500000000000001,1.0,50,7,5.651687969669415,0.14445026759417734,0.935371623929394,0.9230769230769231,2.206848368007072E8,1d799c655c7e866bb9cb38ec9be0602b9462cd5ea61160ae084179ad2afcdc4f,d9e9efa6383915ec921721da1854fb3e911dbe95404b03ce5305fc705afbec0d
NO_DISTRICT,BUSAN,,CULTURE_ART,OTHER,3,70,1.0,NATIONWIDE_TYPE_VENUE,50,1,1.0,1.0,0.8185942264100665,0.7875000000000001,1.9605425499972558E8,e2894551a9aade3371c9d134fd015763aa296c0fb24e8191f8fdd46932c4cd77,e580466ca5511f9d06d5fe3ff02161aa8f3fb9b747a9dfce8408e54399771808,159,0.36636280249623154,SAME_REGION_TYPE,true,0.9,0.9500000000000001,1.0,50,7,5.807795237559185,0.0821266792630173,0.9333703800039317,0.9230769230769231,2.0401658523928282E8,5d67e57da36ca00cbcef5fa33c12ffb2550a3bd11654dce8dd5ae2850289f9c5,99f1ee5e683ca00303c033f9468e4d6e6606a4e5e54c5e6bc9ab16a82fe261af
NO_DISTRICT,BUSAN,,CULTURE_ART,GREEN,2,158,1.0,NATIONWIDE_TYPE_VENUE,50,1,1.0,1.0,0.8517140813145103,0.8250000000000001,1.7882513794579044E8,4214f3c3954d05a920f970ebc6a910e54d165aa212212417de62ae5be5a531b0,86beb2c2f1dcb1d013dbb5b31085663738ebca0a2b66b19a2732fbb55078dd96,223,0.641250767280567,GLOBAL_SIMILARITY,true,0.9,0.9500000000000001,1.0,50,9,6.1246002155648105,0.08407188799952005,0.926816491190309,0.9230769230769231,2.4186975622320965E8,c10197d7a489d89ca6d1fde975064d5ab91cd530360e9f032fc5a986a640fa8d,754afdb438519a3f5d9f2a3c751c348b3413b7db7de6749e1b8fc530f02bfb4a
NO_DISTRICT,BUSAN,,COMMUNITY,WATERFRONT,2,29,1.0,NATIONWIDE_TYPE_VENUE,29,1,1.0,1.0,0.8143297920310828,0.6964285714285715,1.360120401601878E8,d79174673ff7f3466f21cd9adef13feaf0fb2e943028627027b036405e0d7d39,d79174673ff7f3466f21cd9adef13feaf0fb2e943028627027b036405e0d7d39,52,0.48968836564366564,SAME_REGION_TYPE,true,0.9,0.9500000000000001,1.0,50,7,3.585698202064609,0.4761304907647831,0.8764574365140798,0.765,1.276814979062171E8,9bcc2ba319f67e0cdab67865ba49b707f39cd797847300e45f2086733de8630e,47e8069727635381608b3952875c28ac698b03da7cde247b9f2c7946a2138765
NO_DISTRICT,BUSAN,,TRADITION_HISTORY,UNDECIDED,3,72,0.14177042882157706,SAME_REGION_TYPE,50,9,7.412805224085098,0.020830996149416355,0.9309525719568916,0.9230769230769231,2.9309144625194585E8,5af82a82a5c320c95b82347ca74568678316e9221fc760f980546388c54c8a00,bd06e14a2f799da653cf4402678d769306a4626e3bc06fb65eee6480caa06d04,72,0.14177042882157706,SAME_REGION_TYPE,false,-Infinity,NaN,NaN,50,9,7.412805224085098,0.020830996149416355,0.9309525719568916,0.9230769230769231,2.9309144625194585E8,5af82a82a5c320c95b82347ca74568678316e9221fc760f980546388c54c8a00,bd06e14a2f799da653cf4402678d769306a4626e3bc06fb65eee6480caa06d04
NO_DISTRICT,BUSAN,,TRADITION_HISTORY,GREEN,2,54,1.0,NATIONWIDE_TYPE_VENUE,50,1,1.0,1.0,0.80709776545098,0.75,2.5327937830046165E8,925fb91efbfb16db5e571b6b008cb99b6c0a3a167e39edb07bb4c1c2cafda7ae,629b0d4dc3b42373f864c89399bdd4c8d07d01fb74c9a354eae111ad6bfab652,90,0.5270491018654339,GLOBAL_SIMILARITY,true,0.9,0.9500000000000001,1.0,50,8,6.501420751657876,0.24852537221556187,0.9089319145333181,0.8250000000000001,2.2548375890191606E8,e23386912c8e80910cdba89a9fe564ac04f65853b3868488b6ccd84bc8cb5356,49da834db41d6fadc7c43d9d14e6760cc9b5abf468faa174baee837f98586dfd
NO_DISTRICT,BUSAN,,NATURE_ECOLOGY,INDEPENDENT,2,61,0.298936848595843,SAME_REGION_TYPE,50,9,7.521596554801943,0.18854057413656264,0.8819077638360086,0.7875000000000001,1.8453783052825293E8,bc8655e0607c2bf6c9826c11075d402623a8d2f035b943f5b561d14fe9e8f6dd,0fbe95c173917a43724f9c353010e00828c63d9cd4ac3f8e83f6465725e52d30,61,0.298936848595843,SAME_REGION_TYPE,false,-Infinity,NaN,NaN,50,9,7.521596554801943,0.18854057413656264,0.8819077638360086,0.7875000000000001,1.8453783052825293E8,bc8655e0607c2bf6c9826c11075d402623a8d2f035b943f5b561d14fe9e8f6dd,0fbe95c173917a43724f9c353010e00828c63d9cd4ac3f8e83f6465725e52d30
NO_DISTRICT,BUSAN,,CULTURE_ART,GREEN,4,158,1.0,NATIONWIDE_TYPE_VENUE,50,1,1.0,1.0,0.8316165640186447,0.795,3.993014521599967E8,4214f3c3954d05a920f970ebc6a910e54d165aa212212417de62ae5be5a531b0,9f0cafd55870118cc6ec3448ace67218f8629d464be79549452022b8e1757f01,248,0.5632628411178621,GLOBAL_SIMILARITY,true,0.87,0.92,1.0,50,6,4.512635379061376,0.27999999999999986,0.9230769230769226,0.9230769230769231,2.423080689137402E8,bc0f590b6ecc89de0552da41cdf9d219968ea5a073d0a235c382a1f79b99c032,10a4047d1c721cc1aa3f4a16127b5800e9b1cb97a5867de1326dbb308413cd4b
NO_DISTRICT,BUSAN,,LOCAL_SPECIALTY,GREEN,2,95,1.0,NATIONWIDE_TYPE_VENUE,50,1,1.0,1.0,0.8138118742763063,0.7875000000000001,1.18814229767828E8,6f559ff7303a8c2962ebc48f630fcff4006b749cc57f1e138c456575624dd657,66a221910c245fab05411f6bdc674094ffb819f15035bd3d6dfc434e06f0ba5e,143,0.589254670079449,GLOBAL_SIMILARITY,true,0.9,0.9500000000000001,1.0,50,9,6.299710866203585,0.04044378266906832,0.9263926990280061,0.9125000000000001,1.065866743605392E8,30ed189cc475554c34fc96844cc586a4e008ed8b2db15f2689b212f74b6af50f,1f3a9c585db4b7b02d941190822c7635a0683204950b378ec821fe606bc002d0
NO_DISTRICT,BUSAN,,LOCAL_SPECIALTY,VILLAGE,4,23,1.0,NATIONWIDE_TYPE_VENUE,23,1,1.0,1.0,0.7974698383648631,0.7431818181818182,1.836997618396991E8,3fbec895063fe63197622dd9e2f7c6edb414b8212fdbf14439a971c269a81dc0,3fbec895063fe63197622dd9e2f7c6edb414b8212fdbf14439a971c269a81dc0,96,0.19051815613763698,SAME_REGION_TYPE,true,0.8911764705882352,0.9411764705882353,1.0,50,9,6.268953829123625,0.04037795346661618,0.9263448466055595,0.92,1.1361622304840478E8,5ecb1aa37f383df207c0d993fd73a1b37d44fc3e198f9e59ed3939d083691db8,18ff30de75be4ddb9c228931aff14e211bbbaac5444b9597dbcc078b4ef902da
NO_DISTRICT,BUSAN,,CULTURE_ART,OTHER,73,70,1.0,NATIONWIDE_TYPE_VENUE,50,1,1.0,1.0,0.7595473604904311,0.6810810810810811,2.6976056370558745E8,e2894551a9aade3371c9d134fd015763aa296c0fb24e8191f8fdd46932c4cd77,b9c03bb3f18bfedb6582d2a8a127d206663348874678ca58a2d77dcbb7348556,130,0.4215336847623032,SAME_REGION_TYPE,true,0.8911764705882352,0.9411764705882353,1.0,50,7,5.138394394728302,0.06205739473982638,0.92411500885656,0.9230769230769231,2.572833816392922E8,a11079e977d2e9c264385fc910a8518b9e5b43d707c495dbc8d74b8a648a4d39,7884590f38b082a5bdafd002d06ce09a4d50d764bca769bd02a4ef77dcb9f601
NO_DISTRICT,BUSAN,,LOCAL_SPECIALTY,WATERFRONT,3,71,1.0,NATIONWIDE_TYPE_VENUE,50,1,1.0,1.0,0.8208685610098875,0.7875000000000001,1.5586546492536741E8,423ef67fb8d8ce3b4c72bcaeeff7f273fce5f5c7748615ef99cbb399498ea8e6,b81e46091782f6a959614820fd263ea9d343c58e33aee45b8daafaf748656aed,143,0.42345694220083496,SAME_REGION_TYPE,true,0.9,0.9500000000000001,1.0,50,8,7.061591474429844,0.06166481917312479,0.9313922984714186,0.9230769230769231,9.271451296288328E7,86ae88370d2d13c94e80a7ad42d2938c5a311c93e755ebfb1427c2775bcb9959,237969db5e53fc424e8e100a6277b25028f813ebadba8336b106f574670f021d
NO_DISTRICT,BUSAN,,CULTURE_ART,WATERFRONT,2,90,1.0,NATIONWIDE_TYPE_VENUE,50,1,1.0,1.0,0.8219641153598883,0.7875000000000001,2.018919260568753E8,c348e29400ebe021db666e856fec31595170b0090866fe06d013a15bb05b35e1,8e9def148f6df5d5eeeac98cc60873918c867b719791ea47c78a2eb3eabd35a0,155,0.4979508537904141,SAME_REGION_TYPE,true,0.9,0.9500000000000001,1.0,50,9,5.772838315142515,0.021092285685967188,0.9251261055699953,0.9230769230769231,2.365433256796723E8,584046ed73367d74c8bd664456c0fa8503806d2b5449c753f691ebe76b69f9d7,4949a71e964205b43fb8ebf7f973b751993013bd13196cf7317958fac41e7564
NO_DISTRICT,BUSAN,,NATURE_ECOLOGY,GREEN,3,88,1.0,NATIONWIDE_TYPE_VENUE,50,1,1.0,1.0,0.8071598059629068,0.7875000000000001,1.2214533587647249E8,dc459aca48974424d1e63cba2ca3e5c0d723e32a3a4724a75d28d13eea8c5f69,5fe484fd7e6ebd99a7162f0fe6fb14de925c73551b90b9cb88ed99e98c955e48,115,0.6960263638735406,GLOBAL_SIMILARITY,true,0.9,0.9500000000000001,1.0,50,9,4.61009075047114,0.404672102200252,0.8838874823465992,0.795,2.5524209343718648E8,c1eab185ced7fbd0f732c73f26d52ea6cd46b38b784225352fb24839d9e63585,2d03f83a86a7e20af7e1fa19e27b3aa136db8bb91c8fc67464f75b226f00aeb8
NO_DISTRICT,BUSAN,,CULTURE_ART,GREEN,8,158,1.0,NATIONWIDE_TYPE_VENUE,50,1,1.0,1.0,0.8045811808277349,0.7583333333333334,4.1636482003346753E8,4214f3c3954d05a920f970ebc6a910e54d165aa212212417de62ae5be5a531b0,65f308460cbfb76556065f057ab23db6978058e9d79f86a53676e5e2799ce9e9,254,0.539943221117665,GLOBAL_SIMILARITY,true,0.8166666666666667,0.8666666666666667,1.0,50,6,4.721794126590788,0.25983633355942776,0.9233742821622644,0.9230769230769231,2.3480539149155706E8,cc508477ab126dfa876f96d6ee90ca0148872f028038f1afca6896420fac70fd,11d4fdf7b44baa22f02f423808540064b45a2156b296cb877a6ba14d47157da0
NO_DISTRICT,BUSAN,,NATURE_ECOLOGY,WATERFRONT,9,70,1.0,NATIONWIDE_TYPE_VENUE,50,1,1.0,1.0,0.7792952285856967,0.7200000000000001,2.0925483979110312E8,0a635fe7c95464734d67fcf3eb34fbe1decb151168419235fa06b370eaf0e0c0,fd01831e733486b7648cb5d6cbf95491133cb0e2929552fd005ee3af9bb7217c,104,0.5952807554861825,GLOBAL_SIMILARITY,true,0.825,0.875,1.0,50,9,6.611064354141541,0.28065103177899037,0.8781837105563344,0.7941176470588235,2.7433602609411967E8,83363fa413d45b684c236c43227606513a81ae83f643d35e10df72b0effad12a,d348f67e9583c142c94cc1788b59d97191e1c2b0ea8b2feac4b1ed7f4f0db594
NO_DISTRICT,BUSAN,,CULTURE_ART,VILLAGE,2,39,1.0,NATIONWIDE_TYPE_VENUE,39,1,1.0,1.0,0.7964927911039049,0.6817164179104478,1.3884217645077223E8,35666bd283d687af38fec7347887732ca0983e78f887177a0dbce730a02f799c,35666bd283d687af38fec7347887732ca0983e78f887177a0dbce730a02f799c,104,0.30542444045379324,SAME_REGION_TYPE,true,0.9,0.9500000000000001,1.0,50,9,5.772838315142515,0.021092285685967188,0.9251261055699953,0.9230769230769231,2.388999481363443E8,9a7d6d48056d804b07cdfe88fdac60fad3df80028fe0efcb2ac5e1d02747ad36,a9d956d6d3a2d605a7e30f69cae907c3f6e25135fa49f6c4cb15a9ee84c0505d
NO_DISTRICT,BUSAN,,CULTURE_ART,INDEPENDENT,2,76,1.0,NATIONWIDE_TYPE_VENUE,50,1,1.0,1.0,0.8086605468653821,0.765,2.0852478522186905E8,8d3227fce5057e121afb1463f7003206e6d03aae5ceffb834860623ae7d9b164,5610f693d8d84799f2daf0f6aee70e3a587c413706f3c785d0ce35a567a049b5,141,0.45672346439645856,SAME_REGION_TYPE,true,0.9,0.9500000000000001,1.0,50,9,5.772838315142515,0.021092285685967188,0.9251261055699953,0.9230769230769231,2.401272827243462E8,a3d66b5cd367f64a6f3f63e8545c82e1213bc2a3f18e6c297650150e5d02a08b,13b37c24724f64c66d855a387015cad9a111a40fb3176b2571a4cd11a7c85126
NO_DISTRICT,BUSAN,,CULTURE_ART,OTHER,2,70,1.0,NATIONWIDE_TYPE_VENUE,50,1,1.0,1.0,0.8213981127256,0.775,1.7316191700672588E8,e2894551a9aade3371c9d134fd015763aa296c0fb24e8191f8fdd46932c4cd77,e51bc2a153d088db2d570a27a08076b58b56a68c15ca18f939ae9b228d31778e,135,0.4444594424085392,SAME_REGION_TYPE,true,0.9,0.9500000000000001,1.0,50,9,6.0583533356778245,0.06239846867999149,0.9258711031217833,0.9230769230769231,2.3986390585804564E8,050d1ca39e75c82625c485ad522ef7fe6101d9485bd132b9ec4db516a751141d,d2170aced9eb5a6005b1f2745b98106adf2955be788591fb61a63da41c9b2f24
NO_DISTRICT,BUSAN,,TRADITION_HISTORY,GREEN,3,54,1.0,NATIONWIDE_TYPE_VENUE,50,1,1.0,1.0,0.8137680981802788,0.75,3.279936217314646E8,925fb91efbfb16db5e571b6b008cb99b6c0a3a167e39edb07bb4c1c2cafda7ae,15013135441599761863f195c6b7c25c44c6b8930cfb9f4e510c4f80f3a88a3e,108,0.4281411237388608,SAME_REGION_TYPE,true,0.9,0.9500000000000001,1.0,50,8,7.512517803374406,0.062347845953790566,0.9320533443454133,0.9230769230769231,3.0272532549717814E8,12e62f71d4722f6fc85bd4459324cae6a7400db3054ea8de318fcd90fc6a02d8,8943dfd653e37b8f476a5533552dab1cec8507a32601b9e009ec0102b3ecec61
NO_DISTRICT,BUSAN,,CULTURE_ART,WATERFRONT,45,90,1.0,NATIONWIDE_TYPE_VENUE,50,1,1.0,1.0,0.7487924153399161,0.6880434782608696,5.0019171878342426E8,c348e29400ebe021db666e856fec31595170b0090866fe06d013a15bb05b35e1,f8c952f2bac62d28f2919cf5a936ece6d621f78a047c54886309d5eff7b7d6c2,153,0.4640513111550355,SAME_REGION_TYPE,true,0.9,0.9500000000000001,1.0,50,7,4.74496900063739,0.02115863549014377,0.9236465786478113,0.9230769230769231,2.435488315621739E8,66e15839f051cd31a9e744a648a7ae6b48499aec3e7ccffadc678c863ac293cb,6ffaba3e7ec2550a487533f4e40cdc20c26f5b8e3faeb9a8bbe2f3e6264fe340
NO_DISTRICT,BUSAN,,CULTURE_ART,GREEN,10,158,1.0,NATIONWIDE_TYPE_VENUE,50,1,1.0,1.0,0.8005049137115569,0.7431818181818182,4.18279907177089E8,4214f3c3954d05a920f970ebc6a910e54d165aa212212417de62ae5be5a531b0,25777c9b27e579835547630adf1bdd1149078494eb56635fa0952e31ee117a86,254,0.5378630994769462,GLOBAL_SIMILARITY,true,0.8045454545454546,0.8545454545454546,1.0,50,6,4.512635379061376,0.27999999999999986,0.9230769230769226,0.9230769230769231,2.423080689137402E8,cc508477ab126dfa876f96d6ee90ca0148872f028038f1afca6896420fac70fd,10a4047d1c721cc1aa3f4a16127b5800e9b1cb97a5867de1326dbb308413cd4b
NO_DISTRICT,BUSAN,,TRADITION_HISTORY,WATERFRONT,3,31,1.0,NATIONWIDE_TYPE_VENUE,31,1,1.0,1.0,0.8054694671163575,0.6851694915254237,2.6608913441280755E8,c0745607175cb18cadd7e1f4435374983eded73e4a37d3abefd288d57a8daaeb,c0745607175cb18cadd7e1f4435374983eded73e4a37d3abefd288d57a8daaeb,85,0.2980137129690968,SAME_REGION_TYPE,true,0.9,0.9500000000000001,1.0,50,9,7.412805224085098,0.020830996149416355,0.9309525719568916,0.9230769230769231,2.871638656220125E8,ce577291d23d917c1f88b4c36e2a9bfd75463621fcff175738abc96dfab522d7,dc437ed7c91fd29d6594a666e5c5fd993309c3821bf96ae356a78650b49772f1
NO_DISTRICT,BUSAN,,NATURE_ECOLOGY,WATERFRONT,4,70,1.0,NATIONWIDE_TYPE_VENUE,50,1,1.0,1.0,0.7964182353778422,0.765,1.327072724512922E8,0a635fe7c95464734d67fcf3eb34fbe1decb151168419235fa06b370eaf0e0c0,3b3f615d2bf895825b908a7b341d6a5eb88246498d5f8837273f80131ccd279d,98,0.6405244784418503,GLOBAL_SIMILARITY,true,0.9,0.9500000000000001,1.0,50,9,4.924383238586478,0.38161003610269584,0.8811039199075978,0.7941176470588235,3.1408653150651413E8,87a013788a0922648cee109df5ab9276aff93dd47a54f0686e43e766a9d59722,7935798388520d0e5687f3160e187395b05b08afcedb433b3ddce44bc04f11e9
NO_DISTRICT,BUSAN,,TRADITION_HISTORY,WATERFRONT,2,31,1.0,NATIONWIDE_TYPE_VENUE,31,1,1.0,1.0,0.8040593145426331,0.6826271186440679,2.2592315333259824E8,c0745607175cb18cadd7e1f4435374983eded73e4a37d3abefd288d57a8daaeb,c0745607175cb18cadd7e1f4435374983eded73e4a37d3abefd288d57a8daaeb,67,0.38964250443879256,SAME_REGION_TYPE,true,0.9,0.9500000000000001,1.0,50,8,6.567487324130579,0.24220260321015222,0.9063464170833763,0.7875000000000001,1.9872121992747557E8,f13e471e318efd4a53ae08bf19918b57da3231793f63ac8963c6ecca64555140,f092daccef140f70150d9bef830037cdcda8194f8f19819f29a2bbfa3f1d0c17
NO_DISTRICT,BUSAN,,LOCAL_SPECIALTY,VILLAGE,3,23,1.0,NATIONWIDE_TYPE_VENUE,23,1,1.0,1.0,0.8122737843801141,0.7295454545454546,1.5757590428514814E8,3fbec895063fe63197622dd9e2f7c6edb414b8212fdbf14439a971c269a81dc0,3fbec895063fe63197622dd9e2f7c6edb414b8212fdbf14439a971c269a81dc0,95,0.19600022648108656,SAME_REGION_TYPE,true,0.9,0.9500000000000001,1.0,50,8,6.908309360748163,0.04127025645613539,0.9310287721355932,0.9230769230769231,9.075075549028406E7,50c0deffc00df69ea530f35f5f758d700231e7397c989964a052472909a413f9,57f025fd8eebd81ee9cb03d3910dd5f69cb3bc0f557e3b79852e7191077c0cf3
NO_DISTRICT,BUSAN,,LOCAL_SPECIALTY,GREEN,5,95,1.0,NATIONWIDE_TYPE_VENUE,50,1,1.0,1.0,0.8017176531950084,0.775,3.4717900284946376E8,6f559ff7303a8c2962ebc48f630fcff4006b749cc57f1e138c456575624dd657,931a1ed61564d810615e1de2760f24ae51b32996fcee840d6a245d3c7686c508,168,0.4917288910900862,SAME_REGION_TYPE,true,0.875,0.925,1.0,50,9,6.113657784770364,0.02021505864420089,0.9201502264331107,0.9062500000000001,1.1883459605012934E8,844a3d76be958d791c229c82deb3fa802fa6de9d8cd104a2e64d29acffce6c95,e85ee3b1ecc5de05adefbdb189270a22e63a2fe1e8339df1a74eec6101a9f57b
NO_DISTRICT,DAEGU,,CULTURE_ART,GREEN,2,158,1.0,NATIONWIDE_TYPE_VENUE,50,1,1.0,1.0,0.8425633585471014,0.7941176470588235,1.6695323208245105E8,4214f3c3954d05a920f970ebc6a910e54d165aa212212417de62ae5be5a531b0,68173dc417f9d185aba4a67cf8a2e3a8fb72fd31897ad8c15bf31ef740c2a0b0,255,0.5403277271389803,GLOBAL_SIMILARITY,true,0.9,0.9500000000000001,1.0,50,7,5.892876957154698,0.1236536048734121,0.9359586836812364,0.9230769230769231,2.8313076982590014E8,8fb59f7b64ffaa208706a21c9afefd02b13f3892fc5048f7d4e17906bf49136e,432d5ff73c8987861e3b8dd04f8eb56777b4a4f8ffe99a6dd73fa0ef6050b1f6
NO_DISTRICT,DAEGU,,CULTURE_ART,OTHER,18,70,1.0,NATIONWIDE_TYPE_VENUE,50,1,1.0,1.0,0.7654940571894804,0.7065789473684211,2.76810628046659E8,e2894551a9aade3371c9d134fd015763aa296c0fb24e8191f8fdd46932c4cd77,ba431b30c13b9b42fac97b1599dd13b2286216e4127c16e9bd158eab487a617d,176,0.32070249692444747,SAME_REGION_TYPE,true,0.781578947368421,0.8315789473684211,1.0,50,8,3.2620689634039053,0.03994967277550739,0.9236712671161701,0.9230769230769231,2.556203673195233E8,c9b41cbf43889f88b0c38fd34034d9469515ecc558681e8e143c6092fe110a08,fd3868a30d22c1bb96a6577ebd8318e930638ca1b87bc2e825eb447d757474c7
NO_DISTRICT,DAEGU,,CULTURE_ART,OTHER,30,70,1.0,NATIONWIDE_TYPE_VENUE,50,1,1.0,1.0,0.7577839908547611,0.6943548387096775,2.786490072985665E8,e2894551a9aade3371c9d134fd015763aa296c0fb24e8191f8fdd46932c4cd77,ba431b30c13b9b42fac97b1599dd13b2286216e4127c16e9bd158eab487a617d,148,0.3711727510160678,SAME_REGION_TYPE,true,0.775,0.8250000000000001,1.0,50,8,3.238341968911919,0.07999999999999995,0.9230769230769226,0.9230769230769231,2.5349602970018494E8,11e684c92192797c57f412d90de3ea77d253f555700fe5bd953e21797c84b463,5f6af04b2d7d14d36e7fe233fb83cf40b712085a47ff366e1cb4165bd1934f51
NO_DISTRICT,DAEGU,,TRADITION_HISTORY,INDEPENDENT,3,38,1.0,NATIONWIDE_TYPE_VENUE,38,1,1.0,1.0,0.8024542533700948,0.7083333333333334,2.947879821584908E8,8674a18a77fd59101747b5bfbca30d4351075de073f6e1726ea05249ad86bedb,8674a18a77fd59101747b5bfbca30d4351075de073f6e1726ea05249ad86bedb,64,0.5228385440997014,GLOBAL_SIMILARITY,true,0.9,0.9500000000000001,1.0,50,8,4.018860813881116,0.42099454645946527,0.8799990501294104,0.7875000000000001,2.2852287216077274E8,e5cec1ff6b84d2120b2a341775681ee1e49cfef460fe276bf85b7a937507aba4,788b8aad105e33abb182a0bba086e599878700cb3620d3b094f524b300ce3dab
NO_DISTRICT,DAEGU,,LOCAL_SPECIALTY,GREEN,5,95,1.0,NATIONWIDE_TYPE_VENUE,50,1,1.0,1.0,0.7967716607615619,0.775,3.644080611178353E8,6f559ff7303a8c2962ebc48f630fcff4006b749cc57f1e138c456575624dd657,adb85715cf42e6e43e99af40998e3de46541b3361b690f433d68165752e0cf75,100,0.9297963077924493,GLOBAL_SIMILARITY,true,0.9,0.9500000000000001,1.0,50,6,1.3202570287259832,0.8683080815440825,0.8165423484428563,0.775,3.540393218013032E8,7aac4edda06a0ccf7e6d63cc153d0918bc38cb206fe149cc04b2e3308b2d0bab,a22132a6b470cf542e8e69d81b6bc32522e7e2cbca66570f9fda8e821eee63ab
NO_DISTRICT,DAEGU,,TRADITION_HISTORY,OTHER,4,22,1.0,NATIONWIDE_TYPE_VENUE,22,1,1.0,1.0,0.7983219412112781,0.735,2.4666613664017665E8,3d535e023c473017fdda8ada497fd3aeb9dbae27b046a7bdeb89e40249781229,3d535e023c473017fdda8ada497fd3aeb9dbae27b046a7bdeb89e40249781229,54,0.3378833622581822,SAME_REGION_TYPE,true,0.9,0.9500000000000001,1.0,50,9,5.904248946809641,0.3006888878609928,0.8865501793134529,0.7431818181818182,2.1150423927461812E8,e709b2f7bf61667a9958f605ed8e2f7a9eb6963bba2f9a60986a71fc1c465de7,fc235813aae0da2807fe3fda67c2d16f1dfd76176efd77a5dbc3913a7a67dddf
NO_DISTRICT,DAEGU,,CULTURE_ART,OTHER,2,70,1.0,NATIONWIDE_TYPE_VENUE,50,1,1.0,1.0,0.8200899502794117,0.775,1.7212637206590396E8,e2894551a9aade3371c9d134fd015763aa296c0fb24e8191f8fdd46932c4cd77,20527dbab40e147534db859712a80c94cbce05d38cc933563b1bcf00191f5cc8,167,0.3449311344718248,SAME_REGION_TYPE,true,0.9,0.9500000000000001,1.0,50,7,5.951234181276489,0.08262603515688936,0.9348761469998274,0.9230769230769231,2.98208138754032E8,ff6006fc85fe0a0b3f0608c1e607fb7d19871c1c2a21cb6d9482a08e38546a37,cfa57b8c2eee1b68f57d543f28fbdaa75e0ee5a289499ca1ccccdc35e3185438
NO_DISTRICT,DAEGU,,CULTURE_ART,OTHER,3,70,1.0,NATIONWIDE_TYPE_VENUE,50,1,1.0,1.0,0.8153041425137558,0.775,2.1341211606852746E8,e2894551a9aade3371c9d134fd015763aa296c0fb24e8191f8fdd46932c4cd77,77b73f6f2d46349ec6d962a6b2f2b66e41291e1a88dd22e66f596f0051060391,165,0.3494976247173206,SAME_REGION_TYPE,true,0.9,0.9500000000000001,1.0,50,7,5.776161355128345,0.02079236003715148,0.9318141143378197,0.9230769230769231,1.7460564048573476E8,3b83748d3dab8027d0baa8b7bbfc2254532083d8c92fc6e0a5a74d2dad428123,36ebf1a541ecc50511e10ac53ba8fc918f40406c0d96262e0817eb8af543619f
NO_DISTRICT,DAEGU,,CULTURE_ART,VILLAGE,2,39,1.0,NATIONWIDE_TYPE_VENUE,39,1,1.0,1.0,0.8094009713119844,0.6817164179104478,1.37977958120243E8,35666bd283d687af38fec7347887732ca0983e78f887177a0dbce730a02f799c,35666bd283d687af38fec7347887732ca0983e78f887177a0dbce730a02f799c,136,0.23076297261794507,SAME_REGION_TYPE,true,0.9,0.9500000000000001,1.0,50,7,5.785789281150673,0.041408607176465606,0.9337886007958862,0.9230769230769231,3.003734636371452E8,4507afb0c40952f505a4bfb1ec1e18b1d1fc7f1356b1937301fb06fe692dc783,94cd5f2590b15dc315b8aba5a170f35dd7b7eb2d7e4ba0b71fb68a29f1f8f30b
NO_DISTRICT,DAEGU,,TRADITION_HISTORY,VILLAGE,3,69,0.22033168548731544,SAME_REGION_TYPE,50,9,8.343998840605401,0.06258007174669324,0.9089204842561244,0.875,1.3902733347597498E8,657b0a422eee5fe78b34bdf4b1781c941cb04b75d64197972e6b84bcfb1fe16a,ce2fa8d854add7412776fd5a6d903e8af582abfff34f28f1b134d59e3b44cf40,69,0.22033168548731544,SAME_REGION_TYPE,false,-Infinity,NaN,NaN,50,9,8.343998840605401,0.06258007174669324,0.9089204842561244,0.875,1.3902733347597498E8,657b0a422eee5fe78b34bdf4b1781c941cb04b75d64197972e6b84bcfb1fe16a,ce2fa8d854add7412776fd5a6d903e8af582abfff34f28f1b134d59e3b44cf40
NO_DISTRICT,DAEGU,,TRADITION_HISTORY,VILLAGE,2,69,0.21470132879525006,SAME_REGION_TYPE,50,9,8.3281059956127,0.05997838197480499,0.9192153068297104,0.84375,1.2196053279736595E8,657b0a422eee5fe78b34bdf4b1781c941cb04b75d64197972e6b84bcfb1fe16a,ce2fa8d854add7412776fd5a6d903e8af582abfff34f28f1b134d59e3b44cf40,69,0.21470132879525006,SAME_REGION_TYPE,false,-Infinity,NaN,NaN,50,9,8.3281059956127,0.05997838197480499,0.9192153068297104,0.84375,1.2196053279736595E8,657b0a422eee5fe78b34bdf4b1781c941cb04b75d64197972e6b84bcfb1fe16a,ce2fa8d854add7412776fd5a6d903e8af582abfff34f28f1b134d59e3b44cf40
NO_DISTRICT,DAEGU,,NATURE_ECOLOGY,GREEN,5,88,1.0,NATIONWIDE_TYPE_VENUE,50,1,1.0,1.0,0.7915817724926885,0.7568181818181818,1.6803531994058824E8,dc459aca48974424d1e63cba2ca3e5c0d723e32a3a4724a75d28d13eea8c5f69,70aa89967b48d629fca1ea65fbc07b55ee5cd480dd0245170d3c44f51690ab7c,104,0.7911861041491983,GLOBAL_SIMILARITY,true,0.9,0.9500000000000001,1.0,50,7,2.4764039146800347,0.6140968571426016,0.8508834301326654,0.775,9.196356326296966E7,54353192b00f4e0616b46d45a62096c13fde8ae62ea49022217c8985b8f7e222,b257e6bccdba48c025f48d5c40b4c88111e2a92e6511cc255fb61f7dc009affc
NO_DISTRICT,DAEGU,,NATURE_ECOLOGY,GREEN,3,88,1.0,NATIONWIDE_TYPE_VENUE,50,1,1.0,1.0,0.8124817677234178,0.7875000000000001,1.1635539173127773E8,dc459aca48974424d1e63cba2ca3e5c0d723e32a3a4724a75d28d13eea8c5f69,4ca188d89153364bba25c2553f4fd224732edeb75265fdf9eacbdd6bdc43fb00,104,0.7950061392020497,GLOBAL_SIMILARITY,true,0.9,0.9500000000000001,1.0,50,7,2.3912424561378556,0.6261109350535999,0.8612961691703424,0.7875000000000001,8.287851551906745E7,751c7f8eb5935aacf346a8b1cb3b25898f0678f102cfe61b63118369633d55c5,68e195c73669ce2a9143e088b03f2d42da8b4a96e95919c99d31681669bb4919
NO_DISTRICT,DAEGU,,CULTURE_ART,INDEPENDENT,3,76,1.0,NATIONWIDE_TYPE_VENUE,50,1,1.0,1.0,0.8114253280679432,0.7875000000000001,3.031650509788564E8,8d3227fce5057e121afb1463f7003206e6d03aae5ceffb834860623ae7d9b164,4563df83681640ee7bac47c173518343df090a026fd975b9feee23f89c5f8e9e,171,0.36834166240036065,SAME_REGION_TYPE,true,0.9,0.9500000000000001,1.0,50,7,5.776161355128345,0.02079236003715148,0.9318141143378197,0.9230769230769231,1.8099021117324847E8,88d51c94f9fe829e28cb3fc04790e55feb5f83d024640dbba3474a94c4ae8c59,81645b72135ff5958a0e7df2b810f05bc25fcee94447fdf21f86ee28159d423b
NO_DISTRICT,DAEGU,,CULTURE_ART,WATERFRONT,3,90,1.0,NATIONWIDE_TYPE_VENUE,50,1,1.0,1.0,0.8140791220170851,0.7875000000000001,2.860874785107773E8,c348e29400ebe021db666e856fec31595170b0090866fe06d013a15bb05b35e1,014a8cf3034ab608f4cc2e3d4979b6415e8a8225ed366046868149460174695e,185,0.40312635333530583,SAME_REGION_TYPE,true,0.9,0.9500000000000001,1.0,50,7,5.776161355128345,0.02079236003715148,0.9318141143378197,0.9230769230769231,1.819477656291119E8,7c9f94bb77bfeaf17da2813ba9acf8b05ce6998d7a6f545007e071e561733b34,01450bb24f015433f0a6233de4c34b1a7dc0613be602e1ab2718a5bc4e565f37
NO_DISTRICT,DAEGU,,COMMUNITY,WATERFRONT,3,29,1.0,NATIONWIDE_TYPE_VENUE,29,1,1.0,1.0,0.8016056817607122,0.7035714285714286,1.6651170065280175E8,d79174673ff7f3466f21cd9adef13feaf0fb2e943028627027b036405e0d7d39,d79174673ff7f3466f21cd9adef13feaf0fb2e943028627027b036405e0d7d39,39,0.6844892536229701,GLOBAL_SIMILARITY,true,0.9,0.9500000000000001,1.0,39,5,1.9594960742348293,0.6844892536229699,0.8399311637717338,0.7035714285714286,1.436391057057723E8,d45a33c206dc857ca008b79a75248916d0ba788885e321aa9f5e03f68f2431d1,d45a33c206dc857ca008b79a75248916d0ba788885e321aa9f5e03f68f2431d1
NO_DISTRICT,DAEGU,,CULTURE_ART,WATERFRONT,11,90,1.0,NATIONWIDE_TYPE_VENUE,50,1,1.0,1.0,0.7751732852887064,0.7250000000000001,4.325888723814346E8,c348e29400ebe021db666e856fec31595170b0090866fe06d013a15bb05b35e1,9de2bdf487860734c08a0bc3e9341d24c314effda89bc25ade790fbb1d3cd46f,155,0.4759462271231076,SAME_REGION_TYPE,true,0.8875,0.9375,1.0,50,9,3.267547451341574,0.020616896583694824,0.9233742821622644,0.9230769230769231,2.4654500451006004E8,53012d07bdd5d9e57126b454b7c29b4529e2e37acff388875943ba64704d9078,08c9ddf5b190e24c3338f935e81004d61d4d976f209df44ac66f072564533153
NO_DISTRICT,DAEGU,,COMMUNITY,INDEPENDENT,2,21,1.0,NATIONWIDE_TYPE_VENUE,21,1,1.0,1.0,0.8174049688050794,0.7392857142857143,1.378425926728379E8,eedf7791ca3d1393402cd8cd68579a82dd4c14bb23bf3bca6d0ba4c78b4feceb,eedf7791ca3d1393402cd8cd68579a82dd4c14bb23bf3bca6d0ba4c78b4feceb,33,0.5742627957106899,GLOBAL_SIMILARITY,true,0.9,0.9500000000000001,1.0,33,7,2.599138367201704,0.5742627957106896,0.8634435771098883,0.7392857142857143,1.1289125453240243E8,685bc28f7625670c7efe2cb7df96f882049b9743209a813d543d59fe546c77fd,685bc28f7625670c7efe2cb7df96f882049b9743209a813d543d59fe546c77fd
NO_DISTRICT,DAEGU,,TRADITION_HISTORY,GREEN,2,54,1.0,NATIONWIDE_TYPE_VENUE,50,1,1.0,1.0,0.7976301896791772,0.75,2.4619302872084472E8,925fb91efbfb16db5e571b6b008cb99b6c0a3a167e39edb07bb4c1c2cafda7ae,629b0d4dc3b42373f864c89399bdd4c8d07d01fb74c9a354eae111ad6bfab652,93,0.5005049662594641,GLOBAL_SIMILARITY,true,0.9,0.9500000000000001,1.0,50,9,7.774817347703192,0.18622094993503874,0.9127440445613669,0.8250000000000001,1.1290140779236828E8,1b60ef829057a23ce882612d6cb9b96c652e4b7ab3de8af1759d5805142318f3,b4ac5767db153fb530a4a1b29a5819a8786370ffdb59420be3791cef995565b4
NO_DISTRICT,DAEGU,,CULTURE_ART,GREEN,3,158,1.0,NATIONWIDE_TYPE_VENUE,50,1,1.0,1.0,0.8375100609019929,0.8250000000000001,4.039204373201198E8,4214f3c3954d05a920f970ebc6a910e54d165aa212212417de62ae5be5a531b0,f2a4b6e5e02f091747e47d875888709e1a565800dcb8dbbc05e9815c02969372,287,0.4777351910694445,SAME_REGION_TYPE,true,0.8625,0.9125000000000001,1.0,50,6,5.448881485875529,0.2751473043778669,0.9312638317002266,0.9230769230769231,1.798053092185485E8,3a74e3e50c4a8950c2f6e3be2da4e835abe6da015fbe581fb5452e90bd16e9ae,c55f8483ceea9cfbbe6a2dc02571c0d4a6f757c7ee298b073130d2c1c13d549b
NO_DISTRICT,DAEGU,,CULTURE_ART,INDEPENDENT,4,76,1.0,NATIONWIDE_TYPE_VENUE,50,1,1.0,1.0,0.8014153975354574,0.765,4.111331164162927E8,8d3227fce5057e121afb1463f7003206e6d03aae5ceffb834860623ae7d9b164,d4f0c98bb1fc893e12488029d52f6d8bf259d360978aac9d6ef3452b8e4db634,172,0.3663436352392771,SAME_REGION_TYPE,true,0.87,0.92,1.0,50,8,3.256891311536748,0.019962278311978818,0.9239678786442831,0.9230769230769231,2.4184637875933135E8,39c482dcdbeb4aeb245bbbfc40cd5634afb9cf8a7f30a1dd2742f40561b99ef5,f5d7bd9bc44d9ccc5a08daf7d589c18265f4285f47e14a87ac8021b71ba422ef
NO_DISTRICT,INCHEON,,CULTURE_ART,GREEN,10,158,1.0,NATIONWIDE_TYPE_VENUE,50,1,1.0,1.0,0.7870059427343326,0.7431818181818182,4.777053518754072E8,4214f3c3954d05a920f970ebc6a910e54d165aa212212417de62ae5be5a531b0,43d02cbb4e98540e3d4cac43496715bfc0c903e44f034da0d8c2f12d2170033a,240,0.5691168536279008,GLOBAL_SIMILARITY,true,0.8045454545454546,0.8545454545454546,1.0,50,7,4.5516849782802105,0.019974836387753696,0.9236712671161701,0.9230769230769231,2.2831291220096874E8,d9c9d9bb730352ef5730df03099162f176cea9c6a5acd753bc064f95410540a9,713b78bf9a2b11a906f455f3d41880504fb207dc66d76ce01d16abbeeab7fbdc
NO_DISTRICT,INCHEON,,CULTURE_ART,GREEN,3,158,1.0,NATIONWIDE_TYPE_VENUE,50,1,1.0,1.0,0.8377163858310329,0.8250000000000001,4.118697657154365E8,4214f3c3954d05a920f970ebc6a910e54d165aa212212417de62ae5be5a531b0,cb8f46607c822171f7e8156d61a33fd7135b5f7b39f225e2cba7d76c95a4bea0,231,0.6131789759738598,GLOBAL_SIMILARITY,true,0.9,0.9500000000000001,1.0,50,8,5.662443330185586,0.04197713860623301,0.9274499411618636,0.9230769230769231,3.049048792363657E8,372d9ed998a6e003eb862489ac62b60175b25d9e9dc8162c4bdf54e09d93dcf7,da5130e15dfd6609d81bfeb1d05215883c76415e14e4e800f26c1aee28cbd482
NO_DISTRICT,INCHEON,,LOCAL_SPECIALTY,GREEN,2,95,1.0,NATIONWIDE_TYPE_VENUE,50,1,1.0,1.0,0.8048314572490475,0.7875000000000001,1.2048103802219887E8,6f559ff7303a8c2962ebc48f630fcff4006b749cc57f1e138c456575624dd657,ab646ce83054bf9bb95d3c44bd0774cef14fad57ac0a14712d6a5a0fa0f381d2,312,0.29644913276799745,NATIONWIDE_TYPE,true,0.775,0.8250000000000001,1.0,50,8,4.252195682874937,0.42239464848244823,0.8788755607353425,0.7941176470588235,1.440421440479571E8,16cb321c20042e6a4ca580005901d2e97eab84e9e5c0046671d12b7be4b15e8d,8187501737ab5cfe0e0218564f9b7992d651632195f681d3b0ad76ba64ece333
NO_DISTRICT,INCHEON,,CULTURE_ART,INDEPENDENT,2,76,1.0,NATIONWIDE_TYPE_VENUE,50,1,1.0,1.0,0.8050608915717308,0.765,2.095500975263647E8,8d3227fce5057e121afb1463f7003206e6d03aae5ceffb834860623ae7d9b164,5610f693d8d84799f2daf0f6aee70e3a587c413706f3c785d0ce35a567a049b5,169,0.4051470797930503,SAME_REGION_TYPE,true,0.775,0.8250000000000001,1.0,50,7,5.015610359988258,0.25902108243260324,0.9248554797037335,0.9230769230769231,2.3147454891161415E8,c51d2d112b1b95769fb91019e6a07f67a738ab7e0447886d709db1a1f003bbb4,6b8be41e3c66f23ab8afad98bdfcecc324e6be2ece43de777d6730863b0addd0
NO_DISTRICT,INCHEON,,CULTURE_ART,GREEN,5,158,1.0,NATIONWIDE_TYPE_VENUE,50,1,1.0,1.0,0.8065366457116688,0.775,3.8625451707103676E8,4214f3c3954d05a920f970ebc6a910e54d165aa212212417de62ae5be5a531b0,507b90a4c7ed73ce7b493fd6bfa77b14dc85a2262e683afa469f48ce45bf9452,235,0.593083786646211,GLOBAL_SIMILARITY,true,0.85,0.9,1.0,50,7,4.629629629629634,0.05999999999999997,0.9230769230769226,0.9230769230769231,2.2341125305481526E8,f3113f73cd7616dcf7bfff850cd22e68070260a3db815a59853973cebaab7478,04989d920c221f7bbd233e2b42dabd07e5f2d12c2f0a0ce35832e5ff1a4be216
NO_DISTRICT,INCHEON,,TRADITION_HISTORY,GREEN,2,54,1.0,NATIONWIDE_TYPE_VENUE,50,1,1.0,1.0,0.8027057451220185,0.75,2.470790359652443E8,925fb91efbfb16db5e571b6b008cb99b6c0a3a167e39edb07bb4c1c2cafda7ae,5cb9460a210adefbff5e1362ee6d5648deb9201627780b76b6925ee56995feaf,81,0.5953457713219622,GLOBAL_SIMILARITY,true,0.9,0.9500000000000001,1.0,50,9,4.567690593222145,0.40231446252423403,0.8870738955671428,0.7875000000000001,2.591977166415057E8,6b3d465cd1487a34efb60f810cab2b97f39aa5a19d4c6e1baa4296b287336856,46728ba12b2607f616aa5cc870eefdc138d75f7b1c5c0b978737545f38a37109
NO_DISTRICT,INCHEON,,NATURE_ECOLOGY,GREEN,2,88,1.0,NATIONWIDE_TYPE_VENUE,50,1,1.0,1.0,0.8134561875214081,0.765,9.107802129613423E7,dc459aca48974424d1e63cba2ca3e5c0d723e32a3a4724a75d28d13eea8c5f69,52b8c9e6d127ccfb50aeb1e43007fbf8ebbb8689618dd5b66332d397ebc79c5d,98,0.8604180137488752,GLOBAL_SIMILARITY,true,0.9,0.9500000000000001,1.0,50,4,1.6798044442848352,0.7586149910673209,0.8457667809044418,0.7875000000000001,9.736872468863177E7,e65f8fa1b17d6b5c2485509bafa4d8c2b5ffeedfa1be3710c52af129530e34e7,9ca7d15e95cdc8e771b8fe1071da242486a2610053d5d69535979330c9a1f95a
NO_DISTRICT,INCHEON,,TRADITION_HISTORY,GREEN,9,54,1.0,NATIONWIDE_TYPE_VENUE,50,1,1.0,1.0,0.7567789786775109,0.7050000000000001,4.372620363806801E8,925fb91efbfb16db5e571b6b008cb99b6c0a3a167e39edb07bb4c1c2cafda7ae,dc9d8ba60f6bcc6cc73b7c82128f88eba511d8fc4f1b7424fd4527a6b70a93b2,78,0.5955401994514155,GLOBAL_SIMILARITY,true,0.9,0.9500000000000001,1.0,50,9,4.1369149631335365,0.43274901581425584,0.8638242682297905,0.735,3.5161522447855586E8,fc189c993260ac1051a7e401ae5be5e89f0089e3e4cc9d3939218334b3b172d8,4dc1acc2e6e1b7a790d5199dac79a99342d1f92920707c2b061716c02c90c148
NO_DISTRICT,INCHEON,,CULTURE_ART,WATERFRONT,2,90,1.0,NATIONWIDE_TYPE_VENUE,50,1,1.0,1.0,0.8085078239762256,0.7875000000000001,1.9003606019170752E8,c348e29400ebe021db666e856fec31595170b0090866fe06d013a15bb05b35e1,c016968eeb396a94609384681d5e26346ba880b2dfe2cb2d8215012c1e5baaaf,172,0.4386390949537075,SAME_REGION_TYPE,true,0.8625,0.9125000000000001,1.0,50,7,5.015610359988258,0.25902108243260324,0.9248554797037335,0.9230769230769231,2.3147454891161415E8,c1aa4aed1fdda353d3b2bccf3ec2c173578ed29ec2373e139693a67322e5d1f2,6b8be41e3c66f23ab8afad98bdfcecc324e6be2ece43de777d6730863b0addd0
NO_DISTRICT,INCHEON,,LOCAL_SPECIALTY,INDEPENDENT,2,37,1.0,NATIONWIDE_TYPE_VENUE,37,1,1.0,1.0,0.7944581791782269,0.6895161290322581,1.090272545183794E8,f48a1845e91ccd6df2e6cbb8eff45c61703b96b9de9c78eebb998bf15f66a0a2,f48a1845e91ccd6df2e6cbb8eff45c61703b96b9de9c78eebb998bf15f66a0a2,254,0.2109138058376181,NATIONWIDE_TYPE,true,0.775,0.8250000000000001,1.0,50,8,4.332361065572444,0.4155986458087486,0.8749973565680398,0.7875000000000001,1.530426905209231E8,53116c8600c31b565adb42ba28c0fefe3ecc6662b87f43e61c79431b57946418,dceb65fd8aebce856f54f299e08661a1a8a7f91f57d6e34f51d95925bc1fde7d
NO_DISTRICT,INCHEON,,LOCAL_SPECIALTY,INDEPENDENT,3,37,1.0,NATIONWIDE_TYPE_VENUE,37,1,1.0,1.0,0.7985407249968605,0.6943548387096775,1.3635110805505386E8,f48a1845e91ccd6df2e6cbb8eff45c61703b96b9de9c78eebb998bf15f66a0a2,f48a1845e91ccd6df2e6cbb8eff45c61703b96b9de9c78eebb998bf15f66a0a2,395,0.20036888099984573,NATIONWIDE_TYPE,true,0.775,0.8250000000000001,1.0,50,8,4.279992435077766,0.4220407023873482,0.870251680639121,0.7875000000000001,2.0809186292389658E8,c3c4a0d2e5dad337bd0ada69ea5529740d847a96af185b6372eaa0e7e0d9eed3,7e5a4166994a2068441068fcb00f3a15ec7ed6d81ccb9773f3fef161eb06a55e
NO_DISTRICT,INCHEON,,COMMUNITY,GREEN,2,41,1.0,NATIONWIDE_TYPE_VENUE,41,1,1.0,1.0,0.8160086083546145,0.6868421052631579,1.2928623802793181E8,2e791c1fbe39f5acd2e443473c32520423f6131ee59cef2b016af5dfdade83f7,2e791c1fbe39f5acd2e443473c32520423f6131ee59cef2b016af5dfdade83f7,58,0.6494187123135932,GLOBAL_SIMILARITY,true,0.9,0.9500000000000001,1.0,50,7,2.4745842403490936,0.6089478407239771,0.8678408920485348,0.7875000000000001,1.5051870854413068E8,8c2863c2324ea45b09373e8f79ebaa0e0741f7fd3cd412dca35a7c54d1ae69af,6f202b6703203cb0c067ce987f9cad2be65f817b03446b46b9021386086496c5
NO_DISTRICT,INCHEON,,COMMUNITY,WATERFRONT,2,29,1.0,NATIONWIDE_TYPE_VENUE,29,1,1.0,1.0,0.8096007148662333,0.6964285714285715,1.3479696894902495E8,d79174673ff7f3466f21cd9adef13feaf0fb2e943028627027b036405e0d7d39,d79174673ff7f3466f21cd9adef13feaf0fb2e943028627027b036405e0d7d39,46,0.5636315042004353,GLOBAL_SIMILARITY,true,0.9,0.9500000000000001,1.0,46,7,2.7844757420205104,0.5636315042004354,0.8598791016424484,0.6964285714285715,1.6443244657784468E8,abb2132807e499b178c6b0e02645368ddd18cf60afca9b3e6dedcb9fccfb6959,abb2132807e499b178c6b0e02645368ddd18cf60afca9b3e6dedcb9fccfb6959
NO_DISTRICT,INCHEON,,CULTURE_ART,UNDECIDED,2,111,0.17860723508442694,SAME_REGION_TYPE,50,8,5.274749583864035,0.02069738910195786,0.925228690868759,0.9230769230769231,2.257091427608802E8,81cea5d87c7e2ff1b62ee7f23faad07e50a986150896f9fc83eea30c5f61dca2,cf3c08a16308a9724c4189b2749d02cb21ef04d71aa412ddf1347dda2056bec2,111,0.17860723508442694,SAME_REGION_TYPE,false,-Infinity,NaN,NaN,50,8,5.274749583864035,0.02069738910195786,0.925228690868759,0.9230769230769231,2.257091427608802E8,81cea5d87c7e2ff1b62ee7f23faad07e50a986150896f9fc83eea30c5f61dca2,cf3c08a16308a9724c4189b2749d02cb21ef04d71aa412ddf1347dda2056bec2
NO_DISTRICT,INCHEON,,CULTURE_ART,GREEN,2,158,1.0,NATIONWIDE_TYPE_VENUE,50,1,1.0,1.0,0.8382951299365287,0.7941176470588235,1.8197292550902703E8,4214f3c3954d05a920f970ebc6a910e54d165aa212212417de62ae5be5a531b0,018620b4ed22b5acb2d59143d6df3ce3d1718f7eaa86485ec8b06d21020c5604,226,0.6276840935372294,GLOBAL_SIMILARITY,true,0.9,0.9500000000000001,1.0,50,8,5.722306337230128,0.06308858100975179,0.9265477486540689,0.9230769230769231,2.2885260007595074E8,4c9a45c527d7fc4b0dfc8909fcaf1bba761a12bdad5f7823415effe25064d1a6,34d3a867eb2bdd02927d1875969e72d6eaaa44e976b80b18770b70c83188b3c1
NO_DISTRICT,INCHEON,,COMMUNITY,GREEN,8,41,1.0,NATIONWIDE_TYPE_VENUE,41,1,1.0,1.0,0.7674357760999981,0.7105263157894737,1.8774839408384284E8,2e791c1fbe39f5acd2e443473c32520423f6131ee59cef2b016af5dfdade83f7,2e791c1fbe39f5acd2e443473c32520423f6131ee59cef2b016af5dfdade83f7,57,0.6353945881447646,GLOBAL_SIMILARITY,true,0.885,0.935,1.0,50,7,2.550778547771513,0.5958246106140885,0.8350559875746769,0.7250000000000001,2.2815513348507708E8,ffe6eb3358ed0cab73e336c718eb9f5ca89105f07a5189e9c21d4543157652be,cb69492c08dc37b25ba88490942b1e69b83d663658f6c8e782edbe5ff0e16837
NO_DISTRICT,INCHEON,,TRADITION_HISTORY,GREEN,3,54,1.0,NATIONWIDE_TYPE_VENUE,50,1,1.0,1.0,0.8088298862884723,0.75,3.2936616508262354E8,925fb91efbfb16db5e571b6b008cb99b6c0a3a167e39edb07bb4c1c2cafda7ae,cb5cd0a07e56ae2164ba348975972e5a27f0add376f707fa726eb98e6dcc9448,77,0.6378505256256958,GLOBAL_SIMILARITY,true,0.9,0.9500000000000001,1.0,50,7,3.5165153209937747,0.48445622318744214,0.8794346504696902,0.7941176470588235,3.408571962817129E8,18e144e93d111a396ee6c7fd7738e52c572b6fa110238ab7f40eafc73db9921e,c98b8ba981a39ec7807bfb2d38b677137c1928eb75cbc6f8a58fad7a9efa3be9
NO_DISTRICT,INCHEON,,COMMUNITY,INDEPENDENT,51,21,1.0,NATIONWIDE_TYPE_VENUE,21,1,1.0,1.0,0.7304368911961481,0.6807692307692308,1.7615420645702624E8,eedf7791ca3d1393402cd8cd68579a82dd4c14bb23bf3bca6d0ba4c78b4feceb,eedf7791ca3d1393402cd8cd68579a82dd4c14bb23bf3bca6d0ba4c78b4feceb,38,0.4656151317325253,SAME_REGION_TYPE,true,0.7701923076923077,0.8201923076923078,1.0,38,7,3.5386296398704187,0.4656151317325254,0.832141640293751,0.6807692307692308,2.1189399390828028E8,0cd29392b9298e8b8cd969559eadabf83d38e58f16f1ade83996d2e8401871f7,0cd29392b9298e8b8cd969559eadabf83d38e58f16f1ade83996d2e8401871f7
NO_DISTRICT,INCHEON,,NATURE_ECOLOGY,WATERFRONT,3,70,1.0,NATIONWIDE_TYPE_VENUE,50,1,1.0,1.0,0.8007643781754199,0.775,1.1042489370146473E8,0a635fe7c95464734d67fcf3eb34fbe1decb151168419235fa06b370eaf0e0c0,d15ac6d9a39932bc8ddd3e8b69679f977d2fc8375122bc753e240dca0afba41f,85,0.7808720529009766,GLOBAL_SIMILARITY,true,0.825,0.875,1.0,50,9,2.2071198511342773,0.6562283968894673,0.8373735797111104,0.7875000000000001,1.1536498191758837E8,d54e408d50ce5521ec9e7fbe58093efb564da5cf1af9c7104caee9d14eb6c8d4,ac774dda8259a53ab42e54c7516c6ac4821a2bbcd09e19c6155275bea5d22355
NO_DISTRICT,INCHEON,,CULTURE_ART,WATERFRONT,7,90,1.0,NATIONWIDE_TYPE_VENUE,50,1,1.0,1.0,0.7855571875023017,0.75,4.0757198205861974E8,c348e29400ebe021db666e856fec31595170b0090866fe06d013a15bb05b35e1,97413ac4785ba3e0bc5821b511d280c1a79c0a3c5a0c75d0ac8ff628e6452162,156,0.4813733307267585,SAME_REGION_TYPE,true,0.8833333333333333,0.9333333333333333,1.0,50,8,4.667955446110573,0.020437779658967217,0.9232865413298351,0.9230769230769231,2.1845302055289024E8,c65e18701f2a2e4369415f04b757912281f163c668fc1a94d8441c9bb96dd73f,ad7ea6d483f6446a66f98fc1bf141155c993aea7bee80df40f44970b31e4e78b
NO_DISTRICT,GWANGJU,,CULTURE_ART,GREEN,10,158,1.0,NATIONWIDE_TYPE_VENUE,50,1,1.0,1.0,0.7891015738668572,0.7410000000000001,4.699901651123727E8,4214f3c3954d05a920f970ebc6a910e54d165aa212212417de62ae5be5a531b0,4f999cd33392eb40b890cf4cc206a4f8216f612cfe8597c1b4c192b0602bb350,201,0.7039239746809894,GLOBAL_SIMILARITY,true,0.8769230769230769,0.926923076923077,1.0,50,8,4.71995541390667,0.12308155234791311,0.9152137264956623,0.8250000000000001,4.808195950974644E8,fee01b106af1c69ea04225d48960bf963073ec28d674baa72946daa928145286,cf21c8e0ea22662b0a5f9b6626bcfe98ab5ee8479c2a5c8fa5102536804a2366
NO_DISTRICT,GWANGJU,,CULTURE_ART,VILLAGE,12,39,1.0,NATIONWIDE_TYPE_VENUE,39,1,1.0,1.0,0.7428903234903865,0.7041044776119404,2.2329784060234392E8,35666bd283d687af38fec7347887732ca0983e78f887177a0dbce730a02f799c,35666bd283d687af38fec7347887732ca0983e78f887177a0dbce730a02f799c,82,0.36687225234014403,SAME_REGION_TYPE,true,0.9,0.9500000000000001,1.0,50,8,4.6806921915294675,0.11473677464809409,0.9123088606606365,0.7941176470588235,4.38823863114488E8,d2e553b5a872dc533c2fefffdadc96460963ae4f6c830e3f47fa648e93de1364,f1c0a8a6477398fb280696963cee2857256d761a6ab2e39923f38009919755ab
NO_DISTRICT,GWANGJU,,CULTURE_ART,INDEPENDENT,4,76,1.0,NATIONWIDE_TYPE_VENUE,50,1,1.0,1.0,0.8051711215814904,0.765,4.170122000499506E8,8d3227fce5057e121afb1463f7003206e6d03aae5ceffb834860623ae7d9b164,0ff499e00a9eb84c6f4ab197d91f5dc7b9c3a00664f26fd5ba91f7404bbdd20e,129,0.5105071156167078,GLOBAL_SIMILARITY,true,0.9,0.9500000000000001,1.0,50,9,5.007315479544284,0.06138932325194161,0.9224172271525791,0.9062500000000001,5.148629328463843E8,9afedf725cf2e9deb5f2854abf9d548c9ecd5d03056c0e9175c2347c7cf26713,c8a168bfacf21daacab4bb4af98792a75813c30d0d85dd8ffec8e1b3453884ec
NO_DISTRICT,GWANGJU,,CULTURE_ART,INDEPENDENT,73,76,1.0,NATIONWIDE_TYPE_VENUE,50,1,1.0,1.0,0.7151756253620095,0.6831081081081082,5.861514011257238E8,8d3227fce5057e121afb1463f7003206e6d03aae5ceffb834860623ae7d9b164,0947fb5eec235154489f87e7b2b8a56dbcbbf99efd9948459891b87dadc266c5,119,0.5037735963618656,GLOBAL_SIMILARITY,true,0.8911764705882352,0.9411764705882353,1.0,50,8,4.679228664454215,0.1144382333257167,0.912113113986958,0.7941176470588235,4.546290816996839E8,004cb6980b922e7f233da2bc7b937d4be46a2f094e66d24cd061cfa16b96a52c,7c7cc1049d9a2fb984f1d657f093075a3ea5f412ac75babee7f58c163b8209a0
NO_DISTRICT,GWANGJU,,CULTURE_ART,INDEPENDENT,3,76,1.0,NATIONWIDE_TYPE_VENUE,50,1,1.0,1.0,0.813630221441497,0.7875000000000001,3.1131224941307443E8,8d3227fce5057e121afb1463f7003206e6d03aae5ceffb834860623ae7d9b164,7278938cb0f55b204471ea8e5da3e70522b1a75e752c6ae68d576e92ba1144c5,124,0.5371549957483303,GLOBAL_SIMILARITY,true,0.8911764705882352,0.9411764705882353,1.0,50,9,5.088782752585316,0.040504637907957414,0.9248730119132118,0.92,4.3994741200664884E8,4179c02f10264ba3152760b7012733441d0026e8da637116ce328881532f53df,1aa9ea33d398d5f44e3b1d4b37dfcfd85ce1e0081e67396bdb8f09605575abd5
NO_DISTRICT,GWANGJU,,LOCAL_SPECIALTY,INDEPENDENT,3,37,1.0,NATIONWIDE_TYPE_VENUE,37,1,1.0,1.0,0.7985407249968605,0.6943548387096775,1.3635110805505386E8,f48a1845e91ccd6df2e6cbb8eff45c61703b96b9de9c78eebb998bf15f66a0a2,f48a1845e91ccd6df2e6cbb8eff45c61703b96b9de9c78eebb998bf15f66a0a2,382,0.20270255809871277,NATIONWIDE_TYPE,true,0.775,0.8250000000000001,1.0,50,7,2.210072321996723,0.6336067159284594,0.8262363729633003,0.78125,1.938642853146934E8,64c980312868a7c8df8103bdead07c0b0e9cfb17a5f4e8fd2867738426cfe9b9,d4d9ba4e2d244dc78ca08ed2ef5e379eb61fec4439fe2cf5c08d6e1edf3578a4
NO_DISTRICT,GWANGJU,,COMMUNITY,INDEPENDENT,17,21,1.0,NATIONWIDE_TYPE_VENUE,21,1,1.0,1.0,0.7348696317440555,0.6916666666666667,1.7570546653948787E8,eedf7791ca3d1393402cd8cd68579a82dd4c14bb23bf3bca6d0ba4c78b4feceb,eedf7791ca3d1393402cd8cd68579a82dd4c14bb23bf3bca6d0ba4c78b4feceb,26,0.7491122104360076,GLOBAL_SIMILARITY,true,0.7441176470588234,0.7941176470588235,1.0,26,5,1.722491886771249,0.749112210436008,0.7702788173943225,0.6916666666666667,1.6983384557954895E8,e367f6510e3bcd457e5e9599567555ab7d768b513233856aafedc40bffc72961,e367f6510e3bcd457e5e9599567555ab7d768b513233856aafedc40bffc72961
NO_DISTRICT,GWANGJU,,COMMUNITY,VILLAGE,7,20,0.7938621268996021,SAME_REGION_TYPE,20,3,1.5294631180654235,0.7938621268996024,0.7977586353128743,0.7062500000000002,8.203913935406555E7,3828e01691cbb6bbba810a8d71f72656ae024c3eecf53c7483febce86a0b01eb,3828e01691cbb6bbba810a8d71f72656ae024c3eecf53c7483febce86a0b01eb,20,0.7938621268996021,GLOBAL_SIMILARITY,true,0.8730769230769231,0.9230769230769231,0.7938621268996021,20,3,1.5294631180654235,0.7938621268996024,0.7977586353128743,0.7062500000000002,8.203913935406555E7,3828e01691cbb6bbba810a8d71f72656ae024c3eecf53c7483febce86a0b01eb,3828e01691cbb6bbba810a8d71f72656ae024c3eecf53c7483febce86a0b01eb
NO_DISTRICT,GWANGJU,,CULTURE_ART,VILLAGE,7,39,1.0,NATIONWIDE_TYPE_VENUE,39,1,1.0,1.0,0.7527315449446368,0.692910447761194,2.102734567430874E8,35666bd283d687af38fec7347887732ca0983e78f887177a0dbce730a02f799c,35666bd283d687af38fec7347887732ca0983e78f887177a0dbce730a02f799c,92,0.3319546387741616,SAME_REGION_TYPE,true,0.8423076923076923,0.8923076923076924,1.0,50,9,4.896470389027003,0.018906475190006412,0.9180979851260389,0.84375,5.1047795557890695E8,46db68c349c0da8326d8c71f60a723b14b297bf500082ce742d836d3d2242677,3bf640ea08d16dd57bc3796f903516ecec92d066bd601344abe180af26ddd495
NO_DISTRICT,GWANGJU,,TRADITION_HISTORY,GREEN,2,54,1.0,NATIONWIDE_TYPE_VENUE,50,1,1.0,1.0,0.7976301896791772,0.75,2.502227333746298E8,925fb91efbfb16db5e571b6b008cb99b6c0a3a167e39edb07bb4c1c2cafda7ae,629b0d4dc3b42373f864c89399bdd4c8d07d01fb74c9a354eae111ad6bfab652,57,0.9296028099163618,GLOBAL_SIMILARITY,true,0.9,0.9500000000000001,1.0,50,4,1.1751254115263892,0.9213640979585922,0.8097306355235551,0.765,2.523588415751721E8,b37fc44e23019177090d059aa3c4912b5989ec2232b4c0fe1689d78e3fac3aac,528d382088e285999b883037796fc3f0ffcdf5ae74d3a2aba364f4a818eede28
NO_DISTRICT,GWANGJU,,CULTURE_ART,GREEN,2,158,1.0,NATIONWIDE_TYPE_VENUE,50,1,1.0,1.0,0.8348900510164262,0.8250000000000001,1.776918832761969E8,4214f3c3954d05a920f970ebc6a910e54d165aa212212417de62ae5be5a531b0,c2c513f915fefdaff97604f876b9831a8b66d48cf98fb24eb1e55a47e4b8f3a0,201,0.7277004320409445,GLOBAL_SIMILARITY,true,0.9,0.9500000000000001,1.0,50,8,4.748833250544085,0.12971715873541498,0.9185128632438827,0.8250000000000001,4.2041185054726094E8,fee01b106af1c69ea04225d48960bf963073ec28d674baa72946daa928145286,8970cd398fd16e0702add7d157bf736eb6de69114ef5c0b0d751b7d078dd8eea
NO_DISTRICT,GWANGJU,,CULTURE_ART,GREEN,5,158,1.0,NATIONWIDE_TYPE_VENUE,50,1,1.0,1.0,0.807068511334206,0.775,3.664316854445166E8,4214f3c3954d05a920f970ebc6a910e54d165aa212212417de62ae5be5a531b0,86fd51e09f17457dfc227483652ee1889fa0a909842f45293fc7d09690cee7f6,206,0.6952234192719127,GLOBAL_SIMILARITY,true,0.9,0.9500000000000001,1.0,50,9,5.024205799175459,0.040062148845988646,0.9246908353753278,0.9,5.2023373869335407E8,141c552a85604389453d05d3ddcd6c1901cfc42fa96232fb68901510201940ea,23141b946dfc4d76aa4b05179503d940a8ea53aa772179133ff723619084f3d0
NO_DISTRICT,GWANGJU,,NATURE_ECOLOGY,WATERFRONT,9,70,1.0,NATIONWIDE_TYPE_VENUE,50,1,1.0,1.0,0.7765026949296805,0.7200000000000001,2.065643737737218E8,0a635fe7c95464734d67fcf3eb34fbe1decb151168419235fa06b370eaf0e0c0,fd01831e733486b7648cb5d6cbf95491133cb0e2929552fd005ee3af9bb7217c,78,0.8678039803803921,GLOBAL_SIMILARITY,true,0.825,0.875,1.0,50,9,1.5216759424994604,0.8077830433720987,0.802291886090845,0.735,2.27814644970838E8,d8d98dbc4fc6e0e7d475058dd4b84e91bbde648154a6c5c6c418efb9ac02ed1e,2a40a9d57856ac4d5e92f8f76d03df33062fd05b18053079fc62d95460597a0f
NO_DISTRICT,GWANGJU,,COMMUNITY,VILLAGE,3,20,0.8070901469889943,SAME_REGION_TYPE,20,3,1.4879423094010553,0.8070901469889941,0.821333546924711,0.6907894736842106,6.779447153041384E7,3828e01691cbb6bbba810a8d71f72656ae024c3eecf53c7483febce86a0b01eb,3828e01691cbb6bbba810a8d71f72656ae024c3eecf53c7483febce86a0b01eb,20,0.8070901469889943,GLOBAL_SIMILARITY,true,0.8730769230769231,0.9230769230769231,0.8070901469889943,20,3,1.4879423094010553,0.8070901469889941,0.821333546924711,0.6907894736842106,6.779447153041384E7,3828e01691cbb6bbba810a8d71f72656ae024c3eecf53c7483febce86a0b01eb,3828e01691cbb6bbba810a8d71f72656ae024c3eecf53c7483febce86a0b01eb
NO_DISTRICT,GWANGJU,,TRADITION_HISTORY,INDEPENDENT,3,38,1.0,NATIONWIDE_TYPE_VENUE,38,1,1.0,1.0,0.7932669994599485,0.7083333333333334,2.9793542438657093E8,8674a18a77fd59101747b5bfbca30d4351075de073f6e1726ea05249ad86bedb,8674a18a77fd59101747b5bfbca30d4351075de073f6e1726ea05249ad86bedb,246,0.21184604308289462,NATIONWIDE_TYPE,true,0.775,0.8250000000000001,1.0,50,6,2.193510702922614,0.6217934938240217,0.8185152952211934,0.78125,2.734268430763414E8,202b8387e9b7aee8fff5711f6eaf0346cdfaa0b4325abb02d640e8372e5e4c35,5485f060f2eb3dc3348d7f3de87a92a1e358b0f1e6e38e82253c559321b92040
NO_DISTRICT,GWANGJU,,CULTURE_ART,OTHER,31,70,1.0,NATIONWIDE_TYPE_VENUE,50,1,1.0,1.0,0.758179465565432,0.6890625,2.902117366418109E8,e2894551a9aade3371c9d134fd015763aa296c0fb24e8191f8fdd46932c4cd77,fb16f453a23ff69796a9c352fd47ea3a05880db3295983ead8d74f17f8907693,113,0.5067735113158646,GLOBAL_SIMILARITY,true,0.9,0.9500000000000001,1.0,50,8,4.705135357383967,0.11985072099463823,0.914189702624322,0.7941176470588235,4.5992395303053457E8,37c157a896c1acfd535053d3986afe58bba9ff4de6ed5825bf2e256d54f71b98,7fbe99d72ed486e5518c792c281304da1f0d8b8db6eff16aab39de614289866e
NO_DISTRICT,DAEJEON,,CULTURE_ART,VILLAGE,11,39,1.0,NATIONWIDE_TYPE_VENUE,39,1,1.0,1.0,0.7466974258690526,0.701865671641791,2.1700597200710538E8,35666bd283d687af38fec7347887732ca0983e78f887177a0dbce730a02f799c,35666bd283d687af38fec7347887732ca0983e78f887177a0dbce730a02f799c,77,0.39977593717916377,SAME_REGION_TYPE,true,0.8375,0.8875000000000001,1.0,50,6,4.928031587120696,0.19156346189323728,0.8988038920075945,0.7330645161290323,3.9653682301924694E8,c44fe2c58b6eb719bda77109e755a41feddb12f6e4539e339c7c8c6457de4921,7c12e981087c62d20a60e8f43be492fc9f160aa554b7247449241990a5c8c64a
NO_DISTRICT,DAEJEON,,CULTURE_ART,INDEPENDENT,3,76,1.0,NATIONWIDE_TYPE_VENUE,50,1,1.0,1.0,0.8091805419738339,0.7875000000000001,3.119140474515203E8,8d3227fce5057e121afb1463f7003206e6d03aae5ceffb834860623ae7d9b164,205f6b894f11300b9d619a7f22e5b3d496c0d699f24c00682b72594956b744e6,128,0.5181815725208844,GLOBAL_SIMILARITY,true,0.8625,0.9125000000000001,1.0,50,9,6.079136898057346,0.019596849638560468,0.9220856880118624,0.8906250000000001,4.132028528415707E8,bfb3f5ce658fdb9b24e6c00e8f8757ee479e531beb56738853d9c07529fc84e0,b3d04ed11e6e42bf5acad8d6e2c7bfc5807aae4b4e891c1680eb9932b981752c
NO_DISTRICT,DAEJEON,,COMMUNITY,WATERFRONT,3,29,1.0,NATIONWIDE_TYPE_VENUE,29,1,1.0,1.0,0.8016056817607122,0.7035714285714286,1.688207574269169E8,d79174673ff7f3466f21cd9adef13feaf0fb2e943028627027b036405e0d7d39,d79174673ff7f3466f21cd9adef13feaf0fb2e943028627027b036405e0d7d39,38,0.7060647573010358,GLOBAL_SIMILARITY,true,0.9,0.9500000000000001,1.0,38,4,1.8742410337862099,0.7060647573010356,0.837794551590077,0.7035714285714286,1.551878651020936E8,614dba7cf3dc6e6bb1c7171d94fcb222d755608d6d36b6e317d71d3f54e88753,614dba7cf3dc6e6bb1c7171d94fcb222d755608d6d36b6e317d71d3f54e88753
NO_DISTRICT,DAEJEON,,CULTURE_ART,VILLAGE,26,39,1.0,NATIONWIDE_TYPE_VENUE,39,1,1.0,1.0,0.731441948765866,0.6916666666666667,2.254173906640394E8,35666bd283d687af38fec7347887732ca0983e78f887177a0dbce730a02f799c,35666bd283d687af38fec7347887732ca0983e78f887177a0dbce730a02f799c,73,0.41487585991902703,SAME_REGION_TYPE,true,0.8361702127659575,0.8861702127659575,1.0,50,6,4.3160868770460175,0.24677844091715812,0.8867910890448505,0.6972222222222223,3.705684415867655E8,d806b3800883d4e93176feaf539554814d0bd47bd1daf434c08016f232d6c451,9e2c8cbb63ef8c3e0c0191b503aa4b81527d3da1dc91f1caf6d72e2707b24a6e
NO_DISTRICT,DAEJEON,,CULTURE_ART,GREEN,2,158,1.0,NATIONWIDE_TYPE_VENUE,50,1,1.0,1.0,0.8376629734950095,0.8250000000000001,1.9298760337735137E8,4214f3c3954d05a920f970ebc6a910e54d165aa212212417de62ae5be5a531b0,36eff17d0cb86f0a2b36ec1d7d08fb3bd4b0edab4e204284a8e8c16f8b593a0e,200,0.7323655432718874,GLOBAL_SIMILARITY,true,0.9,0.9500000000000001,1.0,50,9,5.790385879487977,0.1501357446627964,0.9211923527901017,0.8250000000000001,3.022513383916583E8,d922e4ed4a426b1bc33c98d15244fb3966281e53b701cac3d82ed504e9b9632d,5c95974ad185afe0ef67848bb84e06379e4fd95a5dbea98001b7e2ee2a5d8bfa
NO_DISTRICT,DAEJEON,,COMMUNITY,WATERFRONT,9,29,1.0,NATIONWIDE_TYPE_VENUE,29,1,1.0,1.0,0.7458311673490271,0.7050000000000001,2.0387450272327027E8,d79174673ff7f3466f21cd9adef13feaf0fb2e943028627027b036405e0d7d39,d79174673ff7f3466f21cd9adef13feaf0fb2e943028627027b036405e0d7d39,38,0.681102032617664,GLOBAL_SIMILARITY,true,0.8099999999999999,0.86,1.0,38,4,1.9732708558514793,0.6811020326176641,0.7995150706739558,0.7050000000000001,1.7278543861892295E8,614dba7cf3dc6e6bb1c7171d94fcb222d755608d6d36b6e317d71d3f54e88753,614dba7cf3dc6e6bb1c7171d94fcb222d755608d6d36b6e317d71d3f54e88753
NO_DISTRICT,DAEJEON,,CULTURE_ART,GREEN,3,158,1.0,NATIONWIDE_TYPE_VENUE,50,1,1.0,1.0,0.8417730126253593,0.8250000000000001,4.117473484174365E8,4214f3c3954d05a920f970ebc6a910e54d165aa212212417de62ae5be5a531b0,44ce1b38619383bda8e565eae8b87d68abcec212abd232a7a4ba261ac4500a38,202,0.7256239499832511,GLOBAL_SIMILARITY,true,0.9,0.9500000000000001,1.0,50,9,6.086303462168308,0.12231629184621202,0.9269212905348685,0.9,4.512606651440601E8,56e8736334971cc4ad3f233f46eee70e8d230619d5db614bed3b1b5e1e9ead5e,64bd3eb55831f562c076ab7b1e7d0b63ce21eb5883980195b5e4aebc5741bbb3
NO_DISTRICT,DAEJEON,,CULTURE_ART,VILLAGE,14,39,1.0,NATIONWIDE_TYPE_VENUE,39,1,1.0,1.0,0.7405640977308611,0.7050000000000001,2.1965706186091837E8,35666bd283d687af38fec7347887732ca0983e78f887177a0dbce730a02f799c,35666bd283d687af38fec7347887732ca0983e78f887177a0dbce730a02f799c,77,0.3974233601885361,SAME_REGION_TYPE,true,0.82,0.87,1.0,50,6,4.890107150516306,0.1914366179638151,0.8956364955586851,0.735,4.017736373244018E8,c44fe2c58b6eb719bda77109e755a41feddb12f6e4539e339c7c8c6457de4921,7c12e981087c62d20a60e8f43be492fc9f160aa554b7247449241990a5c8c64a
NO_DISTRICT,DAEJEON,,TRADITION_HISTORY,OTHER,3,22,1.0,NATIONWIDE_TYPE_VENUE,22,1,1.0,1.0,0.7914598826298077,0.7295454545454546,2.2112430983846116E8,3d535e023c473017fdda8ada497fd3aeb9dbae27b046a7bdeb89e40249781229,3d535e023c473017fdda8ada497fd3aeb9dbae27b046a7bdeb89e40249781229,235,0.22784779132431643,NATIONWIDE_TYPE,true,0.775,0.8250000000000001,1.0,50,9,3.9708620564458204,0.3143959722762151,0.8424871846495386,0.78125,2.812102543471399E8,0731c640e51d8a3c07de332cd4e28b197b2c8d2fac5a804fe426b4e868c279b0,0f4cbf3a61bceb478e7c6bfc98d10614d7308a5a7aecac5911ebba9775fd6af9
NO_DISTRICT,DAEJEON,,CULTURE_ART,OTHER,4,70,1.0,NATIONWIDE_TYPE_VENUE,50,1,1.0,1.0,0.7908858399074639,0.765,2.645747072141943E8,e2894551a9aade3371c9d134fd015763aa296c0fb24e8191f8fdd46932c4cd77,f14f1318e00f3e018a0bb356773b7e5af57a6a99027be3193088f64e246b7f9b,126,0.4781261924457692,SAME_REGION_TYPE,true,0.825,0.875,1.0,50,9,5.983851469617506,0.018390042490695185,0.9131172489618483,0.8625,4.355645113785911E8,7cea7d2bff8894f93e5f339a72c54a4240abf8e20c66393a1c849f161c57c200,a46b326e9fa25cc04d6dfb07bff41db2714eb64144b0bd539b15419cf362665c
NO_DISTRICT,DAEJEON,,COMMUNITY,GREEN,3,41,1.0,NATIONWIDE_TYPE_VENUE,41,1,1.0,1.0,0.7868931244337506,0.6907894736842106,1.4775965363626945E8,2e791c1fbe39f5acd2e443473c32520423f6131ee59cef2b016af5dfdade83f7,2e791c1fbe39f5acd2e443473c32520423f6131ee59cef2b016af5dfdade83f7,122,0.3358393495041954,NATIONWIDE_TYPE,true,0.775,0.8250000000000001,1.0,50,5,2.136034140460285,0.6585994681917985,0.8275065908849263,0.78125,1.4398509492685166E8,1e21defa1186951652be8931004e6da0cfc73667e97e2ab004bd5ce2dc94c174,480ec180a79d2d2c6deae53108b36596afe4f26d3aab1dddac36a99d2ebe4cb7
NO_DISTRICT,DAEJEON,,NATURE_ECOLOGY,GREEN,2,88,1.0,NATIONWIDE_TYPE_VENUE,50,1,1.0,1.0,0.8083408135999376,0.765,9.019108119690862E7,dc459aca48974424d1e63cba2ca3e5c0d723e32a3a4724a75d28d13eea8c5f69,235f2deb1c8b78c4800f8ddd1d8c99f06258e8b465562f15290165a37ea569b5,99,0.8460679150822745,GLOBAL_SIMILARITY,true,0.9,0.9500000000000001,1.0,50,7,1.818081795305071,0.7316143700209993,0.8462543145872166,0.7875000000000001,1.0044701763204768E8,fdb391391476bf9e22d7469e01acf0e083d127e0b47351fdc6e7f127beb0f91a,9c435535a254d0cacc71ea06dbefb9466b112de03d9103d86b06cb376a3f2802
NO_DISTRICT,DAEJEON,,NATURE_ECOLOGY,GREEN,16,88,1.0,NATIONWIDE_TYPE_VENUE,50,1,1.0,1.0,0.7741948483389257,0.7161290322580646,1.8932972770302075E8,dc459aca48974424d1e63cba2ca3e5c0d723e32a3a4724a75d28d13eea8c5f69,edc78ca9acec761cad8ce75fb6f7a76108870619a47562dfcabcebc2512fd783,99,0.849322991364602,GLOBAL_SIMILARITY,true,0.7852941176470588,0.8352941176470589,1.0,50,8,1.7981161586770211,0.7359023792641148,0.8141752105461756,0.7455882352941177,1.636073089281323E8,8595173520f1adac28339afd142d91a2006c3f12921073f97bd1b7efa9c2221b,c547e5cd2b699f6d6fd928ff91473a55a4d1d471844d818a85c3281f96ddd8d9
NO_DISTRICT,DAEJEON,,CULTURE_ART,GREEN,15,158,1.0,NATIONWIDE_TYPE_VENUE,50,1,1.0,1.0,0.7858115536608794,0.721875,4.791409158589343E8,4214f3c3954d05a920f970ebc6a910e54d165aa212212417de62ae5be5a531b0,1bf693b745ea51e897611eb48b6ab4dbc9841f0e4ca6f0c19810d214373c486f,192,0.7450603873561842,GLOBAL_SIMILARITY,true,0.8833333333333333,0.9333333333333333,1.0,50,6,4.274185476292353,0.2759118715770678,0.8982209575593804,0.7941176470588235,4.2562427337013626E8,cf7c100ca0dc375ec38bd7428243db05445d28a8766bf3a29b4e280d056ea905,21f21e370f23d686be2f21d453b2cf6dfbae873bf960c51a0591232dff79253c
NO_DISTRICT,DAEJEON,,CULTURE_ART,VILLAGE,6,39,1.0,NATIONWIDE_TYPE_VENUE,39,1,1.0,1.0,0.7626192327199696,0.6906716417910448,2.033420654950854E8,35666bd283d687af38fec7347887732ca0983e78f887177a0dbce730a02f799c,35666bd283d687af38fec7347887732ca0983e78f887177a0dbce730a02f799c,74,0.42987439107781944,SAME_REGION_TYPE,true,0.9,0.9500000000000001,1.0,50,6,4.479689436544564,0.23959222303966013,0.8924085172537436,0.7607142857142858,3.394168084788916E8,c3c6940a5fe0bfb1290634c03a8c29cdaab53cc691c05d7d95350abdd4b86ed2,4e7d0af1bef03450c934d89f8d5586152ffd697a0a2ee6fb884391e16f08bffe
NO_DISTRICT,DAEJEON,,CULTURE_ART,INDEPENDENT,11,76,1.0,NATIONWIDE_TYPE_VENUE,50,1,1.0,1.0,0.7591552574504558,0.7250000000000001,5.577231703861583E8,8d3227fce5057e121afb1463f7003206e6d03aae5ceffb834860623ae7d9b164,bdfc9405b19da5fc86b9084fa8b2b0ddd376bcec1ab304ee9a68485b7073db1a,114,0.5636890996819824,GLOBAL_SIMILARITY,true,0.8625,0.9125000000000001,1.0,50,6,4.930994798282936,0.19745095078306363,0.9008903409474147,0.7875000000000001,4.132052660105325E8,2980bb5d2bfce428d2732fd1cac29a348052204f95f679404a3c59001b33d39a,574a6e8b6eb5633cbb74ffae5090dd112ba5951f58e9167f9ad7c9cba772c6e1
NO_DISTRICT,DAEJEON,,TRADITION_HISTORY,GREEN,2,54,1.0,NATIONWIDE_TYPE_VENUE,50,1,1.0,1.0,0.7999573546044838,0.75,2.462029810744731E8,925fb91efbfb16db5e571b6b008cb99b6c0a3a167e39edb07bb4c1c2cafda7ae,629b0d4dc3b42373f864c89399bdd4c8d07d01fb74c9a354eae111ad6bfab652,70,0.7183601007124419,GLOBAL_SIMILARITY,true,0.85,0.9,1.0,50,9,2.4221215115815977,0.6262436874788703,0.8493810657202823,0.7875000000000001,2.6061440298964384E8,fac180a1405f6e001a87fbaf56ecf60a363a1d729551f1b1d44496d60351775b,74424f1486e639a5e0aff07df0f4c54f9b2b03114cb40bd7d8fcb8b945aea2e4
NO_DISTRICT,ULSAN,,COMMUNITY,WATERFRONT,4,29,1.0,NATIONWIDE_TYPE_VENUE,29,1,1.0,1.0,0.7894047679146691,0.7107142857142857,1.8565228209350666E8,d79174673ff7f3466f21cd9adef13feaf0fb2e943028627027b036405e0d7d39,d79174673ff7f3466f21cd9adef13feaf0fb2e943028627027b036405e0d7d39,39,0.6790737103842582,GLOBAL_SIMILARITY,true,0.87,0.92,1.0,39,5,2.032351027710029,0.6790737103842577,0.8315961512410535,0.7107142857142857,2.164726497710391E8,d355914ce25775e3347dc5f1d52fd4be35c4bab4bc91131abeb37bc71a442502,d355914ce25775e3347dc5f1d52fd4be35c4bab4bc91131abeb37bc71a442502
NO_DISTRICT,ULSAN,,NATURE_ECOLOGY,GREEN,5,88,1.0,NATIONWIDE_TYPE_VENUE,50,1,1.0,1.0,0.801042202120951,0.7568181818181818,1.8224010549563468E8,dc459aca48974424d1e63cba2ca3e5c0d723e32a3a4724a75d28d13eea8c5f69,be4896add250ecf2694cb6a9d7b05c191d7a8a00abe5bb0187fdf72725494bed,108,0.7565829680685273,GLOBAL_SIMILARITY,true,0.9,0.9500000000000001,1.0,50,8,2.9153821386238183,0.541506596081345,0.8664730797004875,0.775,2.2101372439592072E8,80b868e25d5cce67a96ef637f135dac6ea888f12554509d1968bb7074002a6a3,0ac2e63dfc26304550dc9fdb0b898482ebd422de6afed173f8a094d1b52398bf
NO_DISTRICT,ULSAN,,NATURE_ECOLOGY,WATERFRONT,2,70,1.0,NATIONWIDE_TYPE_VENUE,50,1,1.0,1.0,0.8025391781173946,0.75,8.963424307804616E7,0a635fe7c95464734d67fcf3eb34fbe1decb151168419235fa06b370eaf0e0c0,cdcc13633146adab08e202ec00db40bd8657e1b7d1ed80b2e03f5cedae29d2a3,86,0.7547931156291073,GLOBAL_SIMILARITY,true,0.9,0.9500000000000001,1.0,50,6,2.307279052924213,0.620901993766556,0.856675806140904,0.7875000000000001,1.0728260068368529E8,b18a1dd83a990992bc882725da58548efdebfcc67d142268f0a662163ec4bf4c,aaea41cc3d98162c9d2f0453995d08d684fc492619e22f202e6a55f0e4240cae
NO_DISTRICT,ULSAN,,NATURE_ECOLOGY,GREEN,2,88,1.0,NATIONWIDE_TYPE_VENUE,50,1,1.0,1.0,0.8214445432072384,0.765,9.4660798235588E7,dc459aca48974424d1e63cba2ca3e5c0d723e32a3a4724a75d28d13eea8c5f69,8c0b523efcec1913456946e396c5aa56502c0a8fb46b643f7a92dc008120a340,104,0.7948975958748322,GLOBAL_SIMILARITY,true,0.9,0.9500000000000001,1.0,50,6,2.2467226478973465,0.6325297961830378,0.8695236209077648,0.7875000000000001,1.233241309310945E8,7f53244af189b16b4c2056566e9bb334ea2b86f1052a8bedbca1f83b4def7d67,5468cc040bd4b8932401bf3067c0892ca012662946632a0059f595a3d7948342
NO_DISTRICT,ULSAN,,NATURE_ECOLOGY,GREEN,3,88,1.0,NATIONWIDE_TYPE_VENUE,50,1,1.0,1.0,0.822633932157771,0.7875000000000001,1.3012181312469453E8,dc459aca48974424d1e63cba2ca3e5c0d723e32a3a4724a75d28d13eea8c5f69,2994dfb49c3d3ff7bea66cfbee90a784254a019994bbdd46eff37f88310f8ae2,109,0.7521942826368496,GLOBAL_SIMILARITY,true,0.9,0.9500000000000001,1.0,50,8,2.9804116187373615,0.5353642643439647,0.8791248243809343,0.795,1.977231934385309E8,47d8be4d9399031c398cf740927747013baa6e96ec2302466ef5597fe0d99106,e25942e7cf27a4dc129cfefc7f7649aadfc58917a997a3222a21582eda4a8deb
NO_DISTRICT,ULSAN,,CULTURE_ART,GREEN,3,158,1.0,NATIONWIDE_TYPE_VENUE,50,1,1.0,1.0,0.8315540787301263,0.8250000000000001,4.005410601873376E8,4214f3c3954d05a920f970ebc6a910e54d165aa212212417de62ae5be5a531b0,1695006e7928c63c2605f0d46a6df77ba2954bead6abed6bdba8eb05da4a9461,213,0.6786294409446726,GLOBAL_SIMILARITY,true,0.87,0.92,1.0,50,9,7.193663778961311,0.058558079312757166,0.926307333999308,0.9,3.9793829944473505E8,f788121444a28103398f849a0650a8c4befcffed7dfd7d49e0b903736052e982,597e630fae3befc25a302e6776f3572535ce1951c4ea662d8ca3ca8c57e7bf7b
NO_DISTRICT,ULSAN,,CULTURE_ART,UNDECIDED,2,88,0.2667862976016989,SAME_REGION_TYPE,50,9,6.807153403303687,0.04076123965342359,0.9170648840699004,0.8906250000000001,3.478940311706835E8,863f0007a6dfe50e7324eb05139ab10fc8f7c3bf99b691d6f9224270a8530aa3,8c8b930643197852a7f4131ee05f27f8d049cff2e173c7afa815707de26942c1,88,0.2667862976016989,SAME_REGION_TYPE,false,-Infinity,NaN,NaN,50,9,6.807153403303687,0.04076123965342359,0.9170648840699004,0.8906250000000001,3.478940311706835E8,863f0007a6dfe50e7324eb05139ab10fc8f7c3bf99b691d6f9224270a8530aa3,8c8b930643197852a7f4131ee05f27f8d049cff2e173c7afa815707de26942c1
NO_DISTRICT,ULSAN,,CULTURE_ART,WATERFRONT,5,90,1.0,NATIONWIDE_TYPE_VENUE,50,1,1.0,1.0,0.7981387761974722,0.775,4.5480929053167677E8,c348e29400ebe021db666e856fec31595170b0090866fe06d013a15bb05b35e1,9a08f40734849f01ef88ee0a30ceef063e675449a1bb21d541698a074a88f4b3,145,0.54141151228171,GLOBAL_SIMILARITY,true,0.875,0.925,1.0,50,9,7.480076993862763,0.0938473249497321,0.9143240116285107,0.875,4.7294751550928265E8,4e358fedcb9687ccd0b6d6e712e718d3a82a05d2568e77fc086ded87c0dac64d,0440d3bed051bda21fe56b313b4443aa752aa172b26436a7795d3325e811adfc
NO_DISTRICT,ULSAN,,LOCAL_SPECIALTY,WATERFRONT,2,71,1.0,NATIONWIDE_TYPE_VENUE,50,1,1.0,1.0,0.8084855538162832,0.7875000000000001,9.796302651590677E7,423ef67fb8d8ce3b4c72bcaeeff7f273fce5f5c7748615ef99cbb399498ea8e6,1a8061bc27e46f4e66e262343be1982c5e07ed7a562f79a269c5eaa304e859b5,78,0.8838968718276745,GLOBAL_SIMILARITY,true,0.84,0.89,1.0,50,6,1.437489751293623,0.8300746621987283,0.8283649228552913,0.7875000000000001,1.1093304951008569E8,e9d0f56f68ff7ec685b8128857b6c3b9e9708bef08eb06d958cdccbb094c8b7a,54211568860cf54338e76bbcdc3d12112f0dc3a37f4b736e89397f7c90288b78
NO_DISTRICT,ULSAN,,TRADITION_HISTORY,WATERFRONT,3,31,1.0,NATIONWIDE_TYPE_VENUE,31,1,1.0,1.0,0.7951293858488635,0.6851694915254237,2.7259793921350276E8,c0745607175cb18cadd7e1f4435374983eded73e4a37d3abefd288d57a8daaeb,c0745607175cb18cadd7e1f4435374983eded73e4a37d3abefd288d57a8daaeb,59,0.44679692531933074,SAME_REGION_TYPE,true,0.9,0.9500000000000001,1.0,50,9,5.152587022283879,0.3761058782958157,0.883891394516134,0.7875000000000001,3.877057601184007E8,dd9501bab76dbc4bc893ad77fc00d4d5ad1bb08be5420b6510b966ebbdda5aa5,9fad1549e7f29d432176cd1a6ffd49b4a37d5dd5b87d28cbf231f62bb9ba9ed9
NO_DISTRICT,ULSAN,,CULTURE_ART,WATERFRONT,2,90,1.0,NATIONWIDE_TYPE_VENUE,50,1,1.0,1.0,0.8205308484763091,0.7875000000000001,2.0593957405085585E8,c348e29400ebe021db666e856fec31595170b0090866fe06d013a15bb05b35e1,e76c1196abc76009fd9272a21eaf889cc7aea2c9150dd171f888622bd8d562df,126,0.6398910940338434,GLOBAL_SIMILARITY,true,0.9,0.9500000000000001,1.0,50,7,5.598173730159459,0.2548492201585511,0.9114795222825908,0.8250000000000001,2.855038498853365E8,5c2def5897502c099d2025d7cfd9be4c330df675ead39b482d5728fe8ae797f0,64e644a2727b0fb222d7c2cc08434a57708e15d4b494f6aa3899ead3aef1f41c
NO_DISTRICT,ULSAN,,COMMUNITY,OTHER,4,25,0.44818109631832415,SAME_REGION_TYPE,25,6,3.5492660591444336,0.44818109631832437,0.8618482684600846,0.6870967741935484,2.3906059337968305E8,7e278e2ac864374b00a07b611722101e053c06139ba31cd2fdf0344533087923,7e278e2ac864374b00a07b611722101e053c06139ba31cd2fdf0344533087923,25,0.44818109631832415,SAME_REGION_TYPE,false,-Infinity,NaN,NaN,25,6,3.5492660591444336,0.44818109631832437,0.8618482684600846,0.6870967741935484,2.3906059337968305E8,7e278e2ac864374b00a07b611722101e053c06139ba31cd2fdf0344533087923,7e278e2ac864374b00a07b611722101e053c06139ba31cd2fdf0344533087923
NO_DISTRICT,ULSAN,,COMMUNITY,VILLAGE,2,32,0.5450835961611094,SAME_REGION_TYPE,32,6,2.8325152233932904,0.5450835961611092,0.8397173517047319,0.6868421052631579,1.3660151804340497E8,0c55d14cc3ff6853144bf0b0e76f7fcb704138dd4d056f6c03d9fbc9221999ec,0c55d14cc3ff6853144bf0b0e76f7fcb704138dd4d056f6c03d9fbc9221999ec,32,0.5450835961611094,GLOBAL_SIMILARITY,true,0.8875000000000001,0.9375000000000001,0.5450835961611094,32,6,2.8325152233932904,0.5450835961611092,0.8397173517047319,0.6868421052631579,1.3660151804340497E8,0c55d14cc3ff6853144bf0b0e76f7fcb704138dd4d056f6c03d9fbc9221999ec,0c55d14cc3ff6853144bf0b0e76f7fcb704138dd4d056f6c03d9fbc9221999ec
NO_DISTRICT,ULSAN,,CULTURE_ART,VILLAGE,3,39,1.0,NATIONWIDE_TYPE_VENUE,39,1,1.0,1.0,0.7900161631645873,0.683955223880597,1.6760033603256738E8,35666bd283d687af38fec7347887732ca0983e78f887177a0dbce730a02f799c,35666bd283d687af38fec7347887732ca0983e78f887177a0dbce730a02f799c,88,0.36434933101475087,SAME_REGION_TYPE,true,0.9,0.9500000000000001,1.0,50,9,6.788416883559089,0.021035599612122827,0.9264727473117975,0.9,4.0124218816389805E8,af502dc85b99d42bb967b82b0a6df356586b11dea22b57c23d5970db811e2db5,7b00bf6d83b64c44215050e00d80f34c7bd211abdf8070cfbaf7fdae9facf729
NO_DISTRICT,ULSAN,,CULTURE_ART,WATERFRONT,4,90,1.0,NATIONWIDE_TYPE_VENUE,50,1,1.0,1.0,0.8080095292819178,0.765,4.2061117517717177E8,c348e29400ebe021db666e856fec31595170b0090866fe06d013a15bb05b35e1,3474e451ecefead2c5d91d5a05459c068681614998a33ac1e3fd6185fe252810,141,0.5598015600098805,GLOBAL_SIMILARITY,true,0.9,0.9500000000000001,1.0,50,9,6.997827741495447,0.021402450243163146,0.9185801662181554,0.9,4.593939123703383E8,f7bce44c17ef09359948e6bd895b44c41c888ed4eaba46109a2ca31ee5417be9,b805042b9698106598e15080c2c9a941753084e4cd2a2b28c422667d5b1d9808
NO_DISTRICT,ULSAN,,NATURE_ECOLOGY,VILLAGE,17,48,0.33567553575440207,SAME_REGION_TYPE,48,8,5.031695658344685,0.335675535754402,0.823057565262187,0.6666666666666667,2.8267608098657256E8,3b8863ff43821dd828612ce797319f4d9e6b33bcddbab1f9028ca87276941a4d,3b8863ff43821dd828612ce797319f4d9e6b33bcddbab1f9028ca87276941a4d,48,0.33567553575440207,SAME_REGION_TYPE,false,-Infinity,NaN,NaN,48,8,5.031695658344685,0.335675535754402,0.823057565262187,0.6666666666666667,2.8267608098657256E8,3b8863ff43821dd828612ce797319f4d9e6b33bcddbab1f9028ca87276941a4d,3b8863ff43821dd828612ce797319f4d9e6b33bcddbab1f9028ca87276941a4d
NO_DISTRICT,ULSAN,,COMMUNITY,WATERFRONT,3,29,1.0,NATIONWIDE_TYPE_VENUE,29,1,1.0,1.0,0.8061657438745183,0.7035714285714286,1.6793606545422405E8,d79174673ff7f3466f21cd9adef13feaf0fb2e943028627027b036405e0d7d39,d79174673ff7f3466f21cd9adef13feaf0fb2e943028627027b036405e0d7d39,39,0.6861678998297461,GLOBAL_SIMILARITY,true,0.9,0.9500000000000001,1.0,39,5,1.9985041498797382,0.6861678998297459,0.8433216569754886,0.7035714285714286,2.0052513014694262E8,d355914ce25775e3347dc5f1d52fd4be35c4bab4bc91131abeb37bc71a442502,d355914ce25775e3347dc5f1d52fd4be35c4bab4bc91131abeb37bc71a442502
NO_DISTRICT,ULSAN,,LOCAL_SPECIALTY,UNDECIDED,4,2032,0.12636001592492543,NATIONWIDE_TYPE,50,6,2.9638675956724607,0.10085391476406594,0.8078159284973434,0.78125,2.844644279239339E8,3790d929e8b8a2cb28007165bb41ab165da4cf577398d7d9f0798f9ca018d8b2,862e998fd007eabb9a69bfa8c2fa6d659ad53bf456122d0a53c4d2cc97c748ff,2032,0.12636001592492543,NATIONWIDE_TYPE,false,-Infinity,NaN,NaN,50,6,2.9638675956724607,0.10085391476406594,0.8078159284973434,0.78125,2.844644279239339E8,3790d929e8b8a2cb28007165bb41ab165da4cf577398d7d9f0798f9ca018d8b2,862e998fd007eabb9a69bfa8c2fa6d659ad53bf456122d0a53c4d2cc97c748ff
NO_DISTRICT,ULSAN,,LOCAL_SPECIALTY,INDEPENDENT,3,37,1.0,NATIONWIDE_TYPE_VENUE,37,1,1.0,1.0,0.8035444220589434,0.6943548387096775,1.3618827539490512E8,f48a1845e91ccd6df2e6cbb8eff45c61703b96b9de9c78eebb998bf15f66a0a2,f48a1845e91ccd6df2e6cbb8eff45c61703b96b9de9c78eebb998bf15f66a0a2,44,0.7969028525205989,GLOBAL_SIMILARITY,true,0.9,0.9500000000000001,1.0,44,6,1.5522495358374815,0.7969028525205988,0.8290988324932299,0.6943548387096775,1.4316137280145627E8,b6212b9f074f063a7deaaa0383928fc69fe09b23f71027eee598acfb9c206527,b6212b9f074f063a7deaaa0383928fc69fe09b23f71027eee598acfb9c206527
NO_DISTRICT,ULSAN,,CULTURE_ART,INDEPENDENT,5,76,1.0,NATIONWIDE_TYPE_VENUE,50,1,1.0,1.0,0.7967243473678958,0.75,4.682111880977567E8,8d3227fce5057e121afb1463f7003206e6d03aae5ceffb834860623ae7d9b164,e4a696dcaeffabd36c39538ce8788c825ce162b2122d9d59bb5f59325185dd3b,116,0.5740898917909009,GLOBAL_SIMILARITY,true,0.9,0.9500000000000001,1.0,50,9,6.74221224083167,0.17549036830595985,0.9101750164772717,0.8,4.485088088267236E8,6e0dce89b90cc58d4c02e43960ebf053f0401cde3c398749ecea5017e8712376,732c1c0f4158c404c9c6c1d7e8929aa2178f279f18c7c877a05c219c352fada3
NO_DISTRICT,ULSAN,,TRADITION_HISTORY,VILLAGE,3,44,0.27979857979053063,SAME_REGION_TYPE,44,9,6.756126733199309,0.2797985797905307,0.8913955511247342,0.7295454545454546,4.2065037116383785E8,f5aec0c9415d03fde94a230fd568af7f6f6511a44fe8b5b3d01ac8af950a9fb5,f5aec0c9415d03fde94a230fd568af7f6f6511a44fe8b5b3d01ac8af950a9fb5,44,0.27979857979053063,SAME_REGION_TYPE,false,-Infinity,NaN,NaN,44,9,6.756126733199309,0.2797985797905307,0.8913955511247342,0.7295454545454546,4.2065037116383785E8,f5aec0c9415d03fde94a230fd568af7f6f6511a44fe8b5b3d01ac8af950a9fb5,f5aec0c9415d03fde94a230fd568af7f6f6511a44fe8b5b3d01ac8af950a9fb5
NO_DISTRICT,SEJONG,,LOCAL_SPECIALTY,OTHER,3,30,1.0,NATIONWIDE_TYPE_VENUE,30,1,1.0,1.0,0.7973190375193672,0.6943548387096775,1.265366209111653E8,d7eb5f5a7795ed75ed648bbe71eacb81a6fe0bd8c57b502eb69efc2e8672ca56,d7eb5f5a7795ed75ed648bbe71eacb81a6fe0bd8c57b502eb69efc2e8672ca56,35,0.8161849797615468,GLOBAL_SIMILARITY,true,0.8911764705882352,0.9411764705882353,1.0,35,6,1.4860706580636505,0.8161849797615469,0.8204352257982747,0.6943548387096775,1.499197973956496E8,0d5c4412acf751a352e4175978c684c5fe2264ade0b2c40e60811d0638739613,0d5c4412acf751a352e4175978c684c5fe2264ade0b2c40e60811d0638739613
NO_DISTRICT,SEJONG,,COMMUNITY,OTHER,2,730,0.15363359292472767,NATIONWIDE_TYPE,50,5,3.4396535701513833,0.19091558546392137,0.8103935308211776,0.78125,8.622526309362067E7,fe48b2c6ad625db2bb28c9d9587a75a84ccc82698e13b346487327a1bd15849f,f3c739c128efa36fc4eb625668c0be92cc122c186a5157401fa099b178b88083,730,0.15363359292472767,NATIONWIDE_TYPE,false,-Infinity,NaN,NaN,50,5,3.4396535701513833,0.19091558546392137,0.8103935308211776,0.78125,8.622526309362067E7,fe48b2c6ad625db2bb28c9d9587a75a84ccc82698e13b346487327a1bd15849f,f3c739c128efa36fc4eb625668c0be92cc122c186a5157401fa099b178b88083
NO_DISTRICT,SEJONG,,CULTURE_ART,GREEN,2,158,1.0,NATIONWIDE_TYPE_VENUE,50,1,1.0,1.0,0.8272317348514875,0.7941176470588235,1.645743411942129E8,4214f3c3954d05a920f970ebc6a910e54d165aa212212417de62ae5be5a531b0,f1ff8c07cd51bf5d010157be3f6299fab630a137cb42700c1c8ed15ee7dd9ce0,167,0.9279661275208523,GLOBAL_SIMILARITY,true,0.8625,0.9125000000000001,1.0,50,8,1.5911676223717093,0.7882589437030817,0.8470087745222009,0.8250000000000001,2.1904947986604276E8,d0f6aff06d35bda5c15989fde1169128ca4b6f8098883dbf5ea5dbc50cf2a92c,e9c876eb79091df92601df7104fb4f61f98948562bdf77bd62934296a348b0ee
NO_DISTRICT,SEJONG,,LOCAL_SPECIALTY,INDEPENDENT,3,37,1.0,NATIONWIDE_TYPE_VENUE,37,1,1.0,1.0,0.8039775596912648,0.6943548387096775,1.3823793433249748E8,f48a1845e91ccd6df2e6cbb8eff45c61703b96b9de9c78eebb998bf15f66a0a2,f48a1845e91ccd6df2e6cbb8eff45c61703b96b9de9c78eebb998bf15f66a0a2,42,0.8479137845499256,GLOBAL_SIMILARITY,true,0.8911764705882352,0.9411764705882353,1.0,42,6,1.3820098782575352,0.8479137845499257,0.8220909311311027,0.6943548387096775,1.5693381475900477E8,730f2fb2335e6dbef34e04f8793991a7b2e34a2b6689c6a0ad91fc667f0c21cb,730f2fb2335e6dbef34e04f8793991a7b2e34a2b6689c6a0ad91fc667f0c21cb
NO_DISTRICT,SEJONG,,CULTURE_ART,GREEN,3,158,1.0,NATIONWIDE_TYPE_VENUE,50,1,1.0,1.0,0.8294001747328946,0.8250000000000001,3.9738060058643085E8,4214f3c3954d05a920f970ebc6a910e54d165aa212212417de62ae5be5a531b0,47c3f11608eefee81cd269682f9e85b3356862f036455bcf17118a3cbd53a32e,167,0.9272398232244125,GLOBAL_SIMILARITY,true,0.9,0.9500000000000001,1.0,50,8,1.602978861255158,0.7851022548896769,0.8509867016325077,0.8250000000000001,4.2913006002421623E8,d0f6aff06d35bda5c15989fde1169128ca4b6f8098883dbf5ea5dbc50cf2a92c,a0a4f1014e892eaa579ade9d042b43e32fa8caed8355a197e9cc7f16b41ab6ec
NO_DISTRICT,SEJONG,,NATURE_ECOLOGY,INDEPENDENT,5,21,0.866368160515394,SAME_REGION_TYPE,21,2,1.3013187101807946,0.866368160515394,0.7847991094602099,0.7250000000000001,9.851608892270395E7,1246d13934872f169161b5263c2b03e106dfd5d5b5793b149aef89b58eca4cce,1246d13934872f169161b5263c2b03e106dfd5d5b5793b149aef89b58eca4cce,21,0.866368160515394,GLOBAL_SIMILARITY,true,0.8730769230769231,0.9230769230769231,0.866368160515394,21,2,1.3013187101807946,0.866368160515394,0.7847991094602099,0.7250000000000001,9.851608892270395E7,1246d13934872f169161b5263c2b03e106dfd5d5b5793b149aef89b58eca4cce,1246d13934872f169161b5263c2b03e106dfd5d5b5793b149aef89b58eca4cce
NO_DISTRICT,GYEONGGI,,CULTURE_ART,INDEPENDENT,2,22,1.0,SAME_REGION_TYPE_VENUE,22,1,1.0,1.0,0.911683175774613,0.8264705882352942,2.2136276726271522E8,84e9da0ba7f3fe028b245586e405e2a03e1e417a7c409ccb098a01a2948c173e,84e9da0ba7f3fe028b245586e405e2a03e1e417a7c409ccb098a01a2948c173e,300,0.24879610710908312,SAME_REGION_TYPE,true,0.9,0.9500000000000001,1.0,50,5,4.118754286640504,0.20397152165731205,0.9398726695911193,0.9375000000000001,1.4688578235010433E8,341ae0ea138264710acc648fd844277575e619355f7e4b3cb8b8bb11ecc263cd,909baf90b348eb0e14a22f6386bafd8b1ef79dac26f72c31760afe5db801dcf6
NO_DISTRICT,GYEONGGI,,TRADITION_HISTORY,INDEPENDENT,3,38,1.0,NATIONWIDE_TYPE_VENUE,38,1,1.0,1.0,0.8445334032890024,0.75,2.9381485553635633E8,8674a18a77fd59101747b5bfbca30d4351075de073f6e1726ea05249ad86bedb,8674a18a77fd59101747b5bfbca30d4351075de073f6e1726ea05249ad86bedb,143,0.22909036637957914,SAME_REGION_TYPE,true,0.9,0.9500000000000001,1.0,50,7,5.903436078346455,0.062463645570080314,0.9311926508175813,0.9230769230769231,3.506286636281679E8,e262e10c92cf24e531140c2d6572108c8283e241ef88e58eb67592a46eb24bb3,31ae7eda84cb0e3ecbbaf904101a47de514c0ea54373b12244d430b606197e8b
NO_DISTRICT,GYEONGGI,,CULTURE_ART,GREEN,2,29,1.0,SAME_REGION_TYPE_VENUE,29,1,1.0,1.0,0.9177090656642147,0.8562500000000001,2.395414278436303E8,66ddf710099067054a5da691f1f789717de9f3ff3d19fc60ef323aad6c8d64f4,66ddf710099067054a5da691f1f789717de9f3ff3d19fc60ef323aad6c8d64f4,307,0.24293406119778266,SAME_REGION_TYPE,true,0.9,0.9500000000000001,1.0,50,5,4.118754286640504,0.20397152165731205,0.9398726695911193,0.9375000000000001,1.3569475412897184E8,5669b19e4fc82ea7e263b91f0128c71bf739cc395d7ce5d8eeb651b9efc70247,5f5e9a83f829138373afeccaa7cf1a348d348673c2261f78c1f53b7145ce2af9
NO_DISTRICT,GYEONGGI,,TRADITION_HISTORY,INDEPENDENT,8,38,1.0,NATIONWIDE_TYPE_VENUE,38,1,1.0,1.0,0.8038470408775084,0.7083333333333334,3.648839182943954E8,8674a18a77fd59101747b5bfbca30d4351075de073f6e1726ea05249ad86bedb,8674a18a77fd59101747b5bfbca30d4351075de073f6e1726ea05249ad86bedb,120,0.2562257168347011,SAME_REGION_TYPE,true,0.9,0.9500000000000001,1.0,50,8,3.6311295316651164,0.02115863549014377,0.9236465786478113,0.9230769230769231,3.757971168482043E8,2d142e8876f885d3f7796fefcb84fa8e362bb3d01897299c9b31b7b2565237da,03e6bfcc643a3f4ccae9bbb400b540d5eba561da5d87a4ef1fa3a6f49d7c04f5
NO_DISTRICT,GYEONGGI,,CULTURE_ART,INDEPENDENT,16,22,1.0,SAME_REGION_TYPE_VENUE,22,1,1.0,1.0,0.8579760521208949,0.8264705882352942,3.636927542796202E8,84e9da0ba7f3fe028b245586e405e2a03e1e417a7c409ccb098a01a2948c173e,84e9da0ba7f3fe028b245586e405e2a03e1e417a7c409ccb098a01a2948c173e,232,0.32766624594784,SAME_REGION_TYPE,true,0.9,0.9500000000000001,1.0,50,6,4.956287352374146,0.041892916481935036,0.9240217121811902,0.9230769230769231,2.9332982726859075E8,307f8d50de09a4c499ae8a118688c25f267e4f8b488b7dc527ec2f815b63e964,33ad93822c7f393a676064a901ed4958cc30a0b4dfac6899b6876804b240e59c
NO_DISTRICT,GYEONGGI,,CULTURE_ART,INDEPENDENT,10,22,1.0,SAME_REGION_TYPE_VENUE,22,1,1.0,1.0,0.8769408887651595,0.8409090909090909,3.4014842936117107E8,84e9da0ba7f3fe028b245586e405e2a03e1e417a7c409ccb098a01a2948c173e,84e9da0ba7f3fe028b245586e405e2a03e1e417a7c409ccb098a01a2948c173e,248,0.305205006151074,SAME_REGION_TYPE,true,0.9,0.9500000000000001,1.0,50,7,4.81280133715308,0.08261010777478497,0.9263569977921636,0.9230769230769231,2.6198011514269856E8,effa77f7461a5c4b20d8b09f47cce7e90701b438636c40d53c3194f7e3744b96,6fba2d83a02ea59f3be17ad240d53923977ec170d6ac2cc7b00e3740e3aa6155
NO_DISTRICT,GYEONGGI,,COMMUNITY,INDEPENDENT,2,21,1.0,NATIONWIDE_TYPE_VENUE,21,1,1.0,1.0,0.8236641395118401,0.7392857142857143,1.450314740776829E8,eedf7791ca3d1393402cd8cd68579a82dd4c14bb23bf3bca6d0ba4c78b4feceb,eedf7791ca3d1393402cd8cd68579a82dd4c14bb23bf3bca6d0ba4c78b4feceb,110,0.16908080182870175,SAME_REGION_TYPE,true,0.9,0.9500000000000001,1.0,50,7,5.942575323333633,0.04145965469584601,0.9332194627789328,0.9230769230769231,9.221865392128877E7,dc204aa42660b9c6c9dfba451cef140a9acaa02d4874f8421b77dcd63038b50a,56311f1d041ebc5f5e2a406097aa82c3c24ef32fba2f2ebd0124b98a6f83da4f
NO_DISTRICT,GYEONGGI,,COMMUNITY,VILLAGE,2,138,0.1548247758496893,SAME_REGION_TYPE,50,7,6.058268878758574,0.06211753002917247,0.9337651930719193,0.9230769230769231,8.32630237423625E7,df3ce01a048a4a091a22f773765cbab3ca6d4a90606648089f52681d0373e7a0,471bad38ae4fc4025e2a4bfbb6a662c0b933f2c575713704398959dc865d996d,138,0.1548247758496893,SAME_REGION_TYPE,false,-Infinity,NaN,NaN,50,7,6.058268878758574,0.06211753002917247,0.9337651930719193,0.9230769230769231,8.32630237423625E7,df3ce01a048a4a091a22f773765cbab3ca6d4a90606648089f52681d0373e7a0,471bad38ae4fc4025e2a4bfbb6a662c0b933f2c575713704398959dc865d996d
NO_DISTRICT,GYEONGGI,,TRADITION_HISTORY,INDEPENDENT,2,38,1.0,NATIONWIDE_TYPE_VENUE,38,1,1.0,1.0,0.8413789968118544,0.75,2.367351347736866E8,8674a18a77fd59101747b5bfbca30d4351075de073f6e1726ea05249ad86bedb,8674a18a77fd59101747b5bfbca30d4351075de073f6e1726ea05249ad86bedb,142,0.2285227844743454,SAME_REGION_TYPE,true,0.9,0.9500000000000001,1.0,50,7,6.426070607733348,0.10380028453670904,0.9325782578197184,0.9230769230769231,2.512271657360774E8,6492bc3a710a1b508df944808728750b270bcedfb3d47b840fe56ac7fb4b176d,66dbc9ed37879e545f096965c41a4ff16cab39b7777b20a7d59c886aa75b1120
NO_DISTRICT,GYEONGGI,,COMMUNITY,GREEN,4,41,1.0,NATIONWIDE_TYPE_VENUE,41,1,1.0,1.0,0.7925418838620866,0.7250000000000001,1.614403501967128E8,2e791c1fbe39f5acd2e443473c32520423f6131ee59cef2b016af5dfdade83f7,2e791c1fbe39f5acd2e443473c32520423f6131ee59cef2b016af5dfdade83f7,118,0.28227745524229914,SAME_REGION_TYPE,true,0.87,0.92,1.0,50,8,3.9855022497822143,0.1199244616428128,0.9233742821622644,0.9230769230769231,1.170348185758997E8,fdac7cfca75cdf8db0cc8dee3eb2bac19942d3d1890f762918e4ca7e61c5d264,4a8284c6061f770880ca5d4f95abca91ce2e7dc8803d45b2eeca906f78c8a869
NO_DISTRICT,GYEONGGI,,CULTURE_ART,WATERFRONT,4,90,1.0,NATIONWIDE_TYPE_VENUE,50,1,1.0,1.0,0.8198201640586458,0.76875,3.80527932309883E8,c348e29400ebe021db666e856fec31595170b0090866fe06d013a15bb05b35e1,1869e3df01fbb6f55cc4db105d0b0bf8144976f977023e7725fc5aab50fe8f68,371,0.21753227448337342,SAME_REGION_TYPE,true,0.9,0.9500000000000001,1.0,50,6,4.410731389761549,0.04070276672681077,0.9295470952693773,0.9230769230769231,3.547049265827805E8,1ba00ad30b69527b6c8f186b099268c62e442f2c690d9c5f0e371afd9e901bc5,adf055116e8c55c4a56883b97ae7cd61aeb4c56d61ff833b2e1307bc7b875991
NO_DISTRICT,GYEONGGI,,COMMUNITY,GREEN,46,41,1.0,NATIONWIDE_TYPE_VENUE,41,1,1.0,1.0,0.7323919939375789,0.6845744680851065,1.820353128180087E8,2e791c1fbe39f5acd2e443473c32520423f6131ee59cef2b016af5dfdade83f7,2e791c1fbe39f5acd2e443473c32520423f6131ee59cef2b016af5dfdade83f7,99,0.3032477226129989,SAME_REGION_TYPE,true,0.8712765957446809,0.9212765957446809,1.0,50,7,3.906250000000003,0.1399999999999999,0.9230769230769226,0.9230769230769231,1.197210418703936E8,c6cf164e2084ca582de24ef1f22fa832abd3bfa18be341888192c16edcc22379,0ade9428d29ab818726b7212f560cc8ed8249cad204bf71473c3ae086f1c6b69
NO_DISTRICT,GYEONGGI,,CULTURE_ART,INDEPENDENT,3,22,1.0,SAME_REGION_TYPE_VENUE,22,1,1.0,1.0,0.9075345879706767,0.8352941176470589,2.565046058510765E8,84e9da0ba7f3fe028b245586e405e2a03e1e417a7c409ccb098a01a2948c173e,84e9da0ba7f3fe028b245586e405e2a03e1e417a7c409ccb098a01a2948c173e,285,0.2638634437433646,SAME_REGION_TYPE,true,0.9,0.9500000000000001,1.0,50,6,4.059906377628618,0.08227552838128956,0.9346914068446908,0.9230769230769231,3.4369062840361106E8,d59c7eb1edf8f2edb3b24cf86b7fdd5dc90be3766ccced489d65df45e00862af,bc298c3f2b20e3e1821a73f6b43678c00162bdf3d753e63b225e8ae6cb9deba1
NO_DISTRICT,GYEONGGI,,CULTURE_ART,WATERFRONT,11,90,1.0,NATIONWIDE_TYPE_VENUE,50,1,1.0,1.0,0.8004778200274032,0.7250000000000001,3.951637336755524E8,c348e29400ebe021db666e856fec31595170b0090866fe06d013a15bb05b35e1,e689b0e39236d12846d247f51d7cfdea12b7db94b507273c81b17a60ed620453,312,0.26485204595544143,SAME_REGION_TYPE,true,0.9,0.9500000000000001,1.0,50,7,5.040757748056842,0.04163316293381439,0.9251261055699953,0.9230769230769231,3.424125767377916E8,a44ed6ed49b0306b79cade07572c2afeae0ebbb7cc380c97f215faf9db7640b4,0328627eb82d9ce59ed011349758c33bc03442141ae8d1c51c76c8cd5ba688c2
NO_DISTRICT,GYEONGGI,,CULTURE_ART,INDEPENDENT,5,22,1.0,SAME_REGION_TYPE_VENUE,22,1,1.0,1.0,0.8930079775717865,0.8529411764705883,2.994231249406472E8,84e9da0ba7f3fe028b245586e405e2a03e1e417a7c409ccb098a01a2948c173e,84e9da0ba7f3fe028b245586e405e2a03e1e417a7c409ccb098a01a2948c173e,271,0.2784317681294056,SAME_REGION_TYPE,true,0.8911764705882352,0.9411764705882353,1.0,50,6,4.7233369091263695,0.10001893263986701,0.9289618898415137,0.9230769230769231,3.156174419369527E8,c1b5192202d1a062bbd5a8c372430896afab07b186878d59cf22a8e550ae81a7,755ec698a0547dbe291a4db7a87796de126330a35b19cf6115cda510de41e7ec
NO_DISTRICT,GYEONGGI,,CULTURE_ART,WATERFRONT,6,90,1.0,NATIONWIDE_TYPE_VENUE,50,1,1.0,1.0,0.8080384850112692,0.7607142857142858,3.6763879392811775E8,c348e29400ebe021db666e856fec31595170b0090866fe06d013a15bb05b35e1,c9a3658d10b4a876b6778593f0319acf842df02200c92dbb4befe81345b16d48,346,0.23648950554211925,SAME_REGION_TYPE,true,0.8785714285714286,0.9285714285714286,1.0,50,7,4.968071654946175,0.02022123793508324,0.9234853169163411,0.9230769230769231,3.138696765288283E8,3aa38e76b0f664dc9ed1a2b9446450862cd28ef6d7d70736801e66d60ec1866e,573682ff4f41b703913a6c843d41b72ef15542d208d4e43aaf7b8dd56a0c67fd
NO_DISTRICT,GYEONGGI,,CULTURE_ART,GREEN,4,29,1.0,SAME_REGION_TYPE_VENUE,29,1,1.0,1.0,0.9024785702625626,0.86,3.153065931058529E8,66ddf710099067054a5da691f1f789717de9f3ff3d19fc60ef323aad6c8d64f4,66ddf710099067054a5da691f1f789717de9f3ff3d19fc60ef323aad6c8d64f4,310,0.24429388324863185,SAME_REGION_TYPE,true,0.9,0.9500000000000001,1.0,50,6,4.479029206410059,0.08094931640156054,0.9299504336592361,0.9230769230769231,3.073967235017058E8,fd2323eb854d07eea7557da8951912a80c63ee905d9bcca4414ce0fae3aecd9c,b1277a3cd2c810a7cf9b1ec832f2bd13a3f0ae4e46a6995bf9854f0bf8195bf5
NO_DISTRICT,GYEONGGI,,COMMUNITY,GREEN,2,41,1.0,NATIONWIDE_TYPE_VENUE,41,1,1.0,1.0,0.8193013064133038,0.7050000000000001,1.2115859016193856E8,2e791c1fbe39f5acd2e443473c32520423f6131ee59cef2b016af5dfdade83f7,2e791c1fbe39f5acd2e443473c32520423f6131ee59cef2b016af5dfdade83f7,130,0.2614257780974167,SAME_REGION_TYPE,true,0.9,0.9500000000000001,1.0,50,7,6.058268878758574,0.06211753002917247,0.9337651930719193,0.9230769230769231,8.308157692611395E7,c957390405a009b2bc87827fcb9e6cb2dae05208f8f17577efbdaf34d4ef0bf0,d118a1aa9de93bef2dbf4d6476397844d1fd9267807d1a22c428615bf9704bce
NO_DISTRICT,GYEONGGI,,CULTURE_ART,INDEPENDENT,4,22,1.0,SAME_REGION_TYPE_VENUE,22,1,1.0,1.0,0.9018710393783672,0.8441176470588235,2.8581146205955964E8,84e9da0ba7f3fe028b245586e405e2a03e1e417a7c409ccb098a01a2948c173e,84e9da0ba7f3fe028b245586e405e2a03e1e417a7c409ccb098a01a2948c173e,303,0.24976028313033427,SAME_REGION_TYPE,true,0.9,0.9500000000000001,1.0,50,6,4.491319004835848,0.08293801660224484,0.9309812612132453,0.9230769230769231,2.958468267172551E8,1cac99d68470cd96745ef2cc1dfe96a9046e1e402051dd8fb2b10f71043831fe,ef7865792f46f984bcbc68814b026b12691a262d8a13e0ea8c27b46e2c53ce78
NO_DISTRICT,GYEONGGI,,NATURE_ECOLOGY,GREEN,2,88,1.0,NATIONWIDE_TYPE_VENUE,50,1,1.0,1.0,0.8207226844398989,0.775,9.968418555015917E7,dc459aca48974424d1e63cba2ca3e5c0d723e32a3a4724a75d28d13eea8c5f69,5c33da951e8913a2d107c748b59eea94afa73c833c2db31adca443c23c3d5353,174,0.42046215022388267,SAME_REGION_TYPE,true,0.9,0.9500000000000001,1.0,50,7,4.464130775535391,0.04205587746725164,0.9265720673736513,0.9230769230769231,1.0822327646479622E8,0ecd39af196aec8c182fdd95120f49c16ac36cb4c145727a9e7f521f25e2b29c,c1fc97eec36026c019223428146b926e54fecb71a5c647f6fe9d89f515fd0542
NO_DISTRICT,GYEONGGI,,TRADITION_HISTORY,GREEN,2,54,1.0,NATIONWIDE_TYPE_VENUE,50,1,1.0,1.0,0.8055884032484969,0.75,2.5082259813546088E8,925fb91efbfb16db5e571b6b008cb99b6c0a3a167e39edb07bb4c1c2cafda7ae,5bafa8e6f3f22e5a77a4f848f71b985ce03178fbe5ff690b6a5986da8bdcb0b3,158,0.278086754317641,SAME_REGION_TYPE,true,0.9,0.9500000000000001,1.0,50,7,5.6290361971111205,0.020856833426708726,0.9303764293770542,0.9230769230769231,2.5784565303372282E8,19c133fb3fd625b8c62ecff33ccbbd96c4225890afd37d95f45fd589a9d43da1,5ad40ad063c6b9f2dcf9cde3b379c1d3c8e2c115b276d69067271052de66a57e
NO_DISTRICT,GYEONGGI,,NATURE_ECOLOGY,GREEN,14,88,1.0,NATIONWIDE_TYPE_VENUE,50,1,1.0,1.0,0.7938665802961674,0.7250000000000001,2.1373916906752664E8,dc459aca48974424d1e63cba2ca3e5c0d723e32a3a4724a75d28d13eea8c5f69,15c86603ca4e8e6bf28c0abd2a9478af3c5fb1f73a8ccdf3c3588733a27e566b,171,0.417408950223494,SAME_REGION_TYPE,true,0.875,0.925,1.0,50,8,4.31100186319748,0.020081744916938774,0.9231155418171476,0.9230769230769231,1.402294776324227E8,69da876011eb2ce0031a1feb7ce1658664d1fb5f95c1cf745498808f1e9ea7bc,2ae4f496ad8dc0c59021c35fb3d6242345e6a76a864c74989a2f4f5554ba7ec1
NO_DISTRICT,GYEONGGI,,CULTURE_ART,GREEN,3,29,1.0,SAME_REGION_TYPE_VENUE,29,1,1.0,1.0,0.917544387828106,0.875,2.81227812361531E8,66ddf710099067054a5da691f1f789717de9f3ff3d19fc60ef323aad6c8d64f4,66ddf710099067054a5da691f1f789717de9f3ff3d19fc60ef323aad6c8d64f4,292,0.25717911106886027,SAME_REGION_TYPE,true,0.9,0.9500000000000001,1.0,50,6,5.102200182444128,0.20484278677414836,0.9379266238562362,0.9230769230769231,3.65115113997772E8,b5f9d61db4c258a0658519f1e0350f37bea764be733f6d6f9d1810bcdc95554c,8f09e3bf6e3f9ae9a117c2117016890c02f0b711bf0a83c5e84a4d969426f333
NO_DISTRICT,GYEONGGI,,LOCAL_SPECIALTY,GREEN,2,95,1.0,NATIONWIDE_TYPE_VENUE,50,1,1.0,1.0,0.8222138326645132,0.7875000000000001,1.2696824045129536E8,6f559ff7303a8c2962ebc48f630fcff4006b749cc57f1e138c456575624dd657,2656d26e95af21d67332627efbde1ed97a7bc5f914d402df502183821dd9fa67,193,0.415383134863362,SAME_REGION_TYPE,true,0.9,0.9500000000000001,1.0,50,7,5.802100885956827,0.020908700739722518,0.9292198459185554,0.9230769230769231,2.3231574571291927E8,98ff6cef8448a1d7792ebdb0c926d93f490e03a8cde28a8b10107ac44958b7e3,9a488a32d3b4d416f6ac9efc31a4864bb2424a171a2400af6e677457ae8ef26f
NO_DISTRICT,GYEONGGI,,CULTURE_ART,WATERFRONT,2,90,1.0,NATIONWIDE_TYPE_VENUE,50,1,1.0,1.0,0.8251567220492536,0.7875000000000001,1.999428942686126E8,c348e29400ebe021db666e856fec31595170b0090866fe06d013a15bb05b35e1,1f9a0dfc32d879f52af9dfd7e3cac6af70af5370c9143787af10e03a4f73ed07,368,0.21696739959690872,SAME_REGION_TYPE,true,0.9,0.9500000000000001,1.0,50,5,4.230491647674011,0.04102972097516622,0.9380128715121895,0.9375000000000001,1.2805330517357296E8,5283fcb9bc5b845598fd291cf194ae969656c4144b7047586e1bf010f737a226,98ea06bf5f4345fd1b247e2680f8db39917140fda7b17fec31585dd03518ad2c
NO_DISTRICT,GYEONGGI,,NATURE_ECOLOGY,GREEN,3,88,1.0,NATIONWIDE_TYPE_VENUE,50,1,1.0,1.0,0.8225162923664859,0.7875000000000001,1.4160572651404592E8,dc459aca48974424d1e63cba2ca3e5c0d723e32a3a4724a75d28d13eea8c5f69,1bbd4b369b8bc7115014974cd6b365a237056579cc00cfaebcc1046c988b4b30,187,0.3895493156486353,SAME_REGION_TYPE,true,0.9,0.9500000000000001,1.0,50,7,5.754056866355775,0.041768602573315154,0.9297749470716273,0.9230769230769231,1.4627029990895173E8,1f347b4d7c208ef8c8e03cd076c6405dc03db51b5fe4d1d6b054a3be504a9532,90c6af5905e7e1cea3e8dfd62ffec557c7609044d4f6cbf39341173dc336080a
NO_DISTRICT,GYEONGGI,,CULTURE_ART,VILLAGE,4,39,1.0,NATIONWIDE_TYPE_VENUE,39,1,1.0,1.0,0.7978093944196779,0.6861940298507463,1.9339442786509502E8,35666bd283d687af38fec7347887732ca0983e78f887177a0dbce730a02f799c,35666bd283d687af38fec7347887732ca0983e78f887177a0dbce730a02f799c,321,0.24277145094499133,SAME_REGION_TYPE,true,0.87,0.92,1.0,50,5,4.223930844529287,0.16049763718777116,0.9289538157377386,0.9230769230769231,3.181657278779239E8,0c8b3520cb5f9262af8f64f3df5e35ff0f5c1b82023a5ac53a710f14b1a9aa19,6ce47fcc67045f416e2d1e4b528fce892e441bf071252775c9feb97b0b998bbd
NO_DISTRICT,GYEONGGI,,CULTURE_ART,GREEN,7,29,1.0,SAME_REGION_TYPE_VENUE,29,1,1.0,1.0,0.8748770284136901,0.8375,3.5642083097847396E8,66ddf710099067054a5da691f1f789717de9f3ff3d19fc60ef323aad6c8d64f4,66ddf710099067054a5da691f1f789717de9f3ff3d19fc60ef323aad6c8d64f4,247,0.3076124687819988,SAME_REGION_TYPE,true,0.9,0.9500000000000001,1.0,50,7,5.274642983915967,0.06214738111922829,0.9244833293645273,0.9230769230769231,2.987831347448926E8,435487f4e4f902c96693558aef768be86bd65e4c44cbc516fc26487da50ec870,0aef451ad3ef4b66680842512ae0e3b9ff502cb3d17a7a259914bce2ef4b5aed
NO_DISTRICT,GYEONGGI,,CULTURE_ART,GREEN,92,29,1.0,SAME_REGION_TYPE_VENUE,29,1,1.0,1.0,0.8123360361377353,0.8032258064516129,3.588993743960489E8,66ddf710099067054a5da691f1f789717de9f3ff3d19fc60ef323aad6c8d64f4,66ddf710099067054a5da691f1f789717de9f3ff3d19fc60ef323aad6c8d64f4,239,0.32273318180362526,SAME_REGION_TYPE,true,0.8911764705882352,0.9411764705882353,1.0,50,6,4.7778161958019165,0.020775548777208348,0.9234529511090892,0.9230769230769231,2.9160935980051756E8,f0d5e1b7be388a7456ffffe30f877719ebd730dd31e070fc1597be302598500e,7dec1682aa3f6e64bab1cf2d9309154254e6bbe7a9a18830624f24443a9f613d
NO_DISTRICT,GYEONGGI,,CULTURE_ART,VILLAGE,3,39,1.0,NATIONWIDE_TYPE_VENUE,39,1,1.0,1.0,0.8141169082280323,0.683955223880597,1.7006397108023134E8,35666bd283d687af38fec7347887732ca0983e78f887177a0dbce730a02f799c,35666bd283d687af38fec7347887732ca0983e78f887177a0dbce730a02f799c,302,0.25615288676139214,SAME_REGION_TYPE,true,0.9,0.9500000000000001,1.0,50,6,3.974663770481977,0.041408607176465606,0.9337886007958862,0.9230769230769231,3.4162652374586433E8,f6a61203ba516d6ea09048e81205ae4dce036929c9633dd7d6f335fcf7bfd5fb,808213b61e3003d41d06300ba2754cc51d67b1db8f9f5bb13f1913350e8b1197
NO_DISTRICT,GYEONGGI,,COMMUNITY,WATERFRONT,2,29,1.0,NATIONWIDE_TYPE_VENUE,29,1,1.0,1.0,0.8033373988628226,0.6964285714285715,1.3734569782406336E8,d79174673ff7f3466f21cd9adef13feaf0fb2e943028627027b036405e0d7d39,d79174673ff7f3466f21cd9adef13feaf0fb2e943028627027b036405e0d7d39,118,0.19488011704205474,SAME_REGION_TYPE,true,0.9,0.9500000000000001,1.0,50,7,5.77585467512977,0.020753866979555922,0.9326724667585482,0.9230769230769231,9.273934077835533E7,e70f24bbf991c3400210d66fa65018d83caf88114f5a10893cc5bc118af6cd52,cf835e6a6373661aeb209b06876aa9e2c2563e23ebf659b1b17a1ae2a3adf3f3
NO_DISTRICT,GYEONGGI,,CULTURE_ART,VILLAGE,2,39,1.0,NATIONWIDE_TYPE_VENUE,39,1,1.0,1.0,0.8210895111460962,0.6817164179104478,1.418403705610808E8,35666bd283d687af38fec7347887732ca0983e78f887177a0dbce730a02f799c,35666bd283d687af38fec7347887732ca0983e78f887177a0dbce730a02f799c,317,0.24170182260913156,SAME_REGION_TYPE,true,0.9,0.9500000000000001,1.0,50,5,4.3827515624284805,0.0819715171684631,0.9385246439646058,0.9375000000000001,1.3645566129369655E8,9f9747b0c3b55c66e7cfe170889c861751d8b4a617c138c69fe08a3ddb98ead3,9a8ec2d6807dd65ded555dc2b0a58d5eabc5d213387c96b251082a76408d97cc
NO_DISTRICT,GYEONGGI,,LOCAL_SPECIALTY,GREEN,3,95,1.0,NATIONWIDE_TYPE_VENUE,50,1,1.0,1.0,0.8347883645212374,0.795,3.155004241959224E8,6f559ff7303a8c2962ebc48f630fcff4006b749cc57f1e138c456575624dd657,5a986b0215651824de95e1adb43a632d8f711bffaf0af63ec78d1360bf21ab13,212,0.38010458892636295,SAME_REGION_TYPE,true,0.9,0.9500000000000001,1.0,50,6,5.60498916411034,0.08252466059183981,0.9354412419237703,0.9230769230769231,2.548706515409234E8,375ef3ec66d604fbea63135acae3212769b9dadef7ea55fa9519cbbb24ad4363,986e4e4b33a9ec6db209ac90a10b08d33261758b7984c809f1845183cb0a9bf5
NO_DISTRICT,GYEONGGI,,COMMUNITY,OTHER,2,137,0.14646974277523317,SAME_REGION_TYPE,50,6,5.566468820508458,0.17655256969621497,0.9321242006021985,0.9230769230769231,8.929258499966387E7,62927a35a000ca7ce838d28918aee078cc741be1283e00356ccadbc352241a1d,4b3706855998e0368611e010a9ee08c68daa2c1ce9a20fe07a92c5b5900932f4,137,0.14646974277523317,SAME_REGION_TYPE,false,-Infinity,NaN,NaN,50,6,5.566468820508458,0.17655256969621497,0.9321242006021985,0.9230769230769231,8.929258499966387E7,62927a35a000ca7ce838d28918aee078cc741be1283e00356ccadbc352241a1d,4b3706855998e0368611e010a9ee08c68daa2c1ce9a20fe07a92c5b5900932f4
NO_DISTRICT,GYEONGGI,,CULTURE_ART,WATERFRONT,3,90,1.0,NATIONWIDE_TYPE_VENUE,50,1,1.0,1.0,0.8320496444094773,0.7875000000000001,3.027443791826458E8,c348e29400ebe021db666e856fec31595170b0090866fe06d013a15bb05b35e1,078590e8772083d7b980e5eeac88d7f9f04cac043ee5f5513c305322da13ce38,353,0.22736223088387914,SAME_REGION_TYPE,true,0.9,0.9500000000000001,1.0,50,6,3.974663770481977,0.041408607176465606,0.9337886007958862,0.9230769230769231,3.579534253341039E8,62b0df5bb3d2c143c95a9fe9c6288a08338e3e1478bb18bc67c60c028641929a,bfe5aaddc75de64d8dd594aa5b28b8ba2cd8ce4dede172a71900073c5e3c7a7b
NO_DISTRICT,GYEONGGI,,CULTURE_ART,GREEN,9,29,1.0,SAME_REGION_TYPE_VENUE,29,1,1.0,1.0,0.860878716851308,0.8300000000000001,3.61483358989549E8,66ddf710099067054a5da691f1f789717de9f3ff3d19fc60ef323aad6c8d64f4,66ddf710099067054a5da691f1f789717de9f3ff3d19fc60ef323aad6c8d64f4,256,0.29768281994199736,SAME_REGION_TYPE,true,0.8911764705882352,0.9411764705882353,1.0,50,7,4.8930495807080705,0.020749430044616345,0.9240463526526238,0.9230769230769231,3.0473538747443855E8,b29ebe6f2f327f834c1361a5ec4d25c114967cc56c8dd80b3c4906cf77791c92,7a2d52b6f9f5fa265023080fd63b0deb29e0b86dff65231630270505e6e65d7e
NO_DISTRICT,GYEONGGI,,CULTURE_ART,OTHER,2,70,1.0,NATIONWIDE_TYPE_VENUE,50,1,1.0,1.0,0.8195583762632513,0.775,1.7601540176646742E8,e2894551a9aade3371c9d134fd015763aa296c0fb24e8191f8fdd46932c4cd77,20527dbab40e147534db859712a80c94cbce05d38cc933563b1bcf00191f5cc8,348,0.22604955807182464,SAME_REGION_TYPE,true,0.9,0.9500000000000001,1.0,50,5,4.318185400504061,0.061155668642955976,0.9380868071369141,0.9375000000000001,1.392989334367324E8,e7e313957a9f186ae3051ec5610190f269d25027f7614b26b30f200a765565dd,33b9fe3d93b64897928a22e7d20edb54787b55fafcaf04ec93c092f782500d27
NO_DISTRICT,GYEONGGI,,LOCAL_SPECIALTY,VILLAGE,2,23,1.0,NATIONWIDE_TYPE_VENUE,23,1,1.0,1.0,0.8125186824442135,0.7159090909090909,1.2261323050074872E8,3fbec895063fe63197622dd9e2f7c6edb414b8212fdbf14439a971c269a81dc0,3fbec895063fe63197622dd9e2f7c6edb414b8212fdbf14439a971c269a81dc0,121,0.16340032182299513,SAME_REGION_TYPE,true,0.9,0.9500000000000001,1.0,50,7,5.802100885956827,0.020908700739722518,0.9292198459185554,0.9230769230769231,2.186079284987696E8,9f5595fdf3b817a99f0cb6229fa3d7900b300a6d220d5d7130d3987302e533c5,2dba067e71306cd067082e5483fd29c68d86a0992a144a446d19edd1fec7777d
NO_DISTRICT,GYEONGGI,,TRADITION_HISTORY,GREEN,3,54,1.0,NATIONWIDE_TYPE_VENUE,50,1,1.0,1.0,0.812048477759697,0.75,3.346375833708248E8,925fb91efbfb16db5e571b6b008cb99b6c0a3a167e39edb07bb4c1c2cafda7ae,f0dc0fae760e5602e0ec45cb7cafce4fa9baf819ea2c9dcac304fec8e6b3339f,159,0.2796243410624472,SAME_REGION_TYPE,true,0.9,0.9500000000000001,1.0,50,7,5.66496418247532,0.0416909347424271,0.9306408797513979,0.9230769230769231,3.4465983078645724E8,17ec55102713b27b7243fe75146aa7b7f33da4fc17cbd31725d0ed376c801b5a,912742e2c5ad42aed03785e09b26a8b6e44af4e9a49966accb353a57d70b96f5
NO_DISTRICT,GYEONGGI,,TRADITION_HISTORY,GREEN,10,54,1.0,NATIONWIDE_TYPE_VENUE,50,1,1.0,1.0,0.7549063294174659,0.7022727272727273,4.3911707107644725E8,925fb91efbfb16db5e571b6b008cb99b6c0a3a167e39edb07bb4c1c2cafda7ae,dc9d8ba60f6bcc6cc73b7c82128f88eba511d8fc4f1b7424fd4527a6b70a93b2,136,0.30123927300357795,SAME_REGION_TYPE,true,0.8769230769230769,0.926923076923077,1.0,50,8,3.7129330721625946,0.02015095565879455,0.9234517362143226,0.9230769230769231,3.54946103653226E8,5cb73bba0b3ff5a5c782bb42607199cbddcfa8a423d0b1505a701c861c76cfa0,6e2a6c195b16f7223de36e749e3779c68d920683600a6f71b0193ada5f07398c
NO_DISTRICT,GYEONGGI,,LOCAL_SPECIALTY,OTHER,3,30,1.0,NATIONWIDE_TYPE_VENUE,30,1,1.0,1.0,0.8356145148492785,0.6943548387096775,1.3008538335059793E8,d7eb5f5a7795ed75ed648bbe71eacb81a6fe0bd8c57b502eb69efc2e8672ca56,d7eb5f5a7795ed75ed648bbe71eacb81a6fe0bd8c57b502eb69efc2e8672ca56,147,0.1699065878977083,SAME_REGION_TYPE,true,0.9,0.9500000000000001,1.0,50,6,5.27311456308093,0.041357685207803245,0.9343563390251993,0.9230769230769231,2.5587199887246048E8,761087d89f2bc6c44bfab1932ee0376a2058943ab53c41bab16b13cb3ec5ba46,4286014a8a281a38de1fdadcaab8c07148b4d16cd454d97e39a3f2a8aae88768
NO_DISTRICT,GYEONGGI,,TRADITION_HISTORY,INDEPENDENT,10,38,1.0,NATIONWIDE_TYPE_VENUE,38,1,1.0,1.0,0.7968391318257058,0.7022727272727273,3.6433035782214755E8,8674a18a77fd59101747b5bfbca30d4351075de073f6e1726ea05249ad86bedb,8674a18a77fd59101747b5bfbca30d4351075de073f6e1726ea05249ad86bedb,120,0.2521809810093079,SAME_REGION_TYPE,true,0.9,0.9500000000000001,1.0,50,8,3.7199008032931027,0.021145332155752504,0.9239432282254695,0.9230769230769231,3.397132900141234E8,2d142e8876f885d3f7796fefcb84fa8e362bb3d01897299c9b31b7b2565237da,4726c04de33ab447cacf4afd17d71eed08f70f0f12a806260641b0506aa5a7dc
NO_DISTRICT,GYEONGGI,,COMMUNITY,VILLAGE,3,138,0.15557791736131607,SAME_REGION_TYPE,50,8,5.769994501875584,0.04179455619722903,0.9294855854292521,0.9230769230769231,1.2326906433462419E8,df3ce01a048a4a091a22f773765cbab3ca6d4a90606648089f52681d0373e7a0,25ebd714a90ea9a12a453a2099ccc2dda3aefb43490d924179eb15798ff0957e,138,0.15557791736131607,SAME_REGION_TYPE,false,-Infinity,NaN,NaN,50,8,5.769994501875584,0.04179455619722903,0.9294855854292521,0.9230769230769231,1.2326906433462419E8,df3ce01a048a4a091a22f773765cbab3ca6d4a90606648089f52681d0373e7a0,25ebd714a90ea9a12a453a2099ccc2dda3aefb43490d924179eb15798ff0957e
NO_DISTRICT,GYEONGGI,,NATURE_ECOLOGY,WATERFRONT,2,70,1.0,NATIONWIDE_TYPE_VENUE,50,1,1.0,1.0,0.8164830748278995,0.765,8.634450285304731E7,0a635fe7c95464734d67fcf3eb34fbe1decb151168419235fa06b370eaf0e0c0,8727a495c11e1deb9472f6c95de513e9af3d841087edf9ab2b77ac2a4167dc44,156,0.3733548539372553,SAME_REGION_TYPE,true,0.9,0.9500000000000001,1.0,50,7,4.204808153175014,0.021052675167357007,0.9260093761299126,0.9230769230769231,1.0458335336245906E8,acb498580b22436e392ced221820cdfd8f2099ecb686cb8998e38151716b0b0a,e7d3290bb3ad5f00c6a2b849f38e91070f038cb582cee72e1551530ce76e438f
NO_DISTRICT,GYEONGGI,,CULTURE_ART,GREEN,15,29,1.0,SAME_REGION_TYPE_VENUE,29,1,1.0,1.0,0.8401997698073611,0.8187500000000001,3.626339996063539E8,66ddf710099067054a5da691f1f789717de9f3ff3d19fc60ef323aad6c8d64f4,66ddf710099067054a5da691f1f789717de9f3ff3d19fc60ef323aad6c8d64f4,239,0.32055928551509383,SAME_REGION_TYPE,true,0.8911764705882352,0.9411764705882353,1.0,50,6,4.7778161958019165,0.020775548777208348,0.9234529511090892,0.9230769230769231,2.9160935980051756E8,f0d5e1b7be388a7456ffffe30f877719ebd730dd31e070fc1597be302598500e,7dec1682aa3f6e64bab1cf2d9309154254e6bbe7a9a18830624f24443a9f613d
NO_DISTRICT,GYEONGGI,,CULTURE_ART,GREEN,27,29,1.0,SAME_REGION_TYPE_VENUE,29,1,1.0,1.0,0.8256758097452891,0.8107142857142857,3.6072168471139866E8,66ddf710099067054a5da691f1f789717de9f3ff3d19fc60ef323aad6c8d64f4,66ddf710099067054a5da691f1f789717de9f3ff3d19fc60ef323aad6c8d64f4,242,0.3176211637571041,SAME_REGION_TYPE,true,0.8911764705882352,0.9411764705882353,1.0,50,6,4.871092817390232,0.020773817193912077,0.9234915079490316,0.9230769230769231,2.9157762436930466E8,8ac70615a25cfa17d6b1aae96c4f833ebb63cbca5f6ac74f10d9ad2a1f0ffde3,9ebded93aeaf291c14f9dfdb0e02fd416727202d49eaa334dd7ec8a7ce961e94
NO_DISTRICT,GYEONGGI,,NATURE_ECOLOGY,GREEN,9,88,1.0,NATIONWIDE_TYPE_VENUE,50,1,1.0,1.0,0.8072815858265744,0.7402173913043478,2.063437813046996E8,dc459aca48974424d1e63cba2ca3e5c0d723e32a3a4724a75d28d13eea8c5f69,1b6592e85daefd50923b8d655e7e3474e8eae14981885ce86474e1ae154b26b8,170,0.42776394993254,SAME_REGION_TYPE,true,0.9,0.9500000000000001,1.0,50,8,4.196580593662668,0.02110552233607816,0.9248309429777051,0.9230769230769231,1.380073579729043E8,ad174ff1392703a96b0ef1a01038a6f24a99b76fd61efdff15357b6926ed91d1,8cd324ccd4a7c00e1aacf8bfa50546fcab699fed428ab3e583a395ddcff3eeb3
NO_DISTRICT,GYEONGGI,,CULTURE_ART,VILLAGE,12,39,1.0,NATIONWIDE_TYPE_VENUE,39,1,1.0,1.0,0.7649077665780817,0.7041044776119404,2.2577006650403258E8,35666bd283d687af38fec7347887732ca0983e78f887177a0dbce730a02f799c,35666bd283d687af38fec7347887732ca0983e78f887177a0dbce730a02f799c,259,0.3047581726400239,SAME_REGION_TYPE,true,0.9,0.9500000000000001,1.0,50,7,4.931733998299188,0.02115863549014377,0.9236465786478113,0.9230769230769231,3.3853137733548915E8,706974ca4973816275def7967ae28bec7962d9bb63ba43099623afa382027e43,b3bc2bf6b033e49c09983c514e3139c3c9361e9e4e04cf53986dc3542c4d2bbf
NO_DISTRICT,GYEONGGI,,LOCAL_SPECIALTY,WATERFRONT,3,71,1.0,NATIONWIDE_TYPE_VENUE,50,1,1.0,1.0,0.8176967385642245,0.7875000000000001,1.5883315578685197E8,423ef67fb8d8ce3b4c72bcaeeff7f273fce5f5c7748615ef99cbb399498ea8e6,07462f69b4dbbe1a619da66006acfa7526480bfdd33312a0b67e57eab70ea9db,188,0.31073055159781127,SAME_REGION_TYPE,true,0.9,0.9500000000000001,1.0,50,6,5.27311456308093,0.041357685207803245,0.9343563390251993,0.9230769230769231,2.5689189210829526E8,c8f44f2ca956ad248256cdffb914165a16ceabba9a1120c256eec94c5675c94b,7bf6720efd59c66cdadeee2122f0304573e68c058b386a61fe209f97d7b3de17
NO_DISTRICT,GYEONGGI,,LOCAL_SPECIALTY,INDEPENDENT,3,37,1.0,NATIONWIDE_TYPE_VENUE,37,1,1.0,1.0,0.8084553747235843,0.6943548387096775,1.4028459421267858E8,f48a1845e91ccd6df2e6cbb8eff45c61703b96b9de9c78eebb998bf15f66a0a2,f48a1845e91ccd6df2e6cbb8eff45c61703b96b9de9c78eebb998bf15f66a0a2,154,0.19237991029650597,SAME_REGION_TYPE,true,0.9,0.9500000000000001,1.0,50,6,5.27311456308093,0.041357685207803245,0.9343563390251993,0.9230769230769231,2.6717011455686745E8,0212fde2642ec22c0291278b38bfd82d47818032ae5e940875a065f81ce3c7b5,e0893b457804c3b738fddb3b6e2efca28db24c8eff3129eb0158e70a15144ed1
NO_DISTRICT,GYEONGGI,,LOCAL_SPECIALTY,GREEN,5,95,1.0,NATIONWIDE_TYPE_VENUE,50,1,1.0,1.0,0.8108623321511447,0.775,3.6759867842010033E8,6f559ff7303a8c2962ebc48f630fcff4006b749cc57f1e138c456575624dd657,b28da578656cda6d2904613fbcc8d7ab370bef2bea711a438b89adb5369ee692,180,0.44699332242281775,SAME_REGION_TYPE,true,0.9,0.9500000000000001,1.0,50,8,4.582763124410163,0.021118775610174955,0.9245354096889989,0.9230769230769231,2.950545732136013E8,46444eeb076fa4a954e3ed9589a76941cc22201faf309690ef1b465f3fabd256,2fb65653cd1f1f956ad82b839678e2c34422a4fc3951358676570ed046b7e442
NO_DISTRICT,GYEONGGI,,NATURE_ECOLOGY,VILLAGE,3,145,0.15041323003406762,SAME_REGION_TYPE,50,6,5.3951765447403215,0.17787127685753015,0.9286634461817569,0.9230769230769231,1.405241550888226E8,606da2e4f4f79fa800f82c1d25d61755d7cba19e19f2133ab39547fd8c43fe1a,69fbae4e563b2d07887b12806145a695a1676fe6392bb591e633f5e0b4ec5c69,145,0.15041323003406762,SAME_REGION_TYPE,false,-Infinity,NaN,NaN,50,6,5.3951765447403215,0.17787127685753015,0.9286634461817569,0.9230769230769231,1.405241550888226E8,606da2e4f4f79fa800f82c1d25d61755d7cba19e19f2133ab39547fd8c43fe1a,69fbae4e563b2d07887b12806145a695a1676fe6392bb591e633f5e0b4ec5c69
NO_DISTRICT,GYEONGGI,,TRADITION_HISTORY,WATERFRONT,4,31,1.0,NATIONWIDE_TYPE_VENUE,31,1,1.0,1.0,0.788837627216368,0.6877118644067797,3.1145196732935435E8,c0745607175cb18cadd7e1f4435374983eded73e4a37d3abefd288d57a8daaeb,c0745607175cb18cadd7e1f4435374983eded73e4a37d3abefd288d57a8daaeb,137,0.18073488178834446,SAME_REGION_TYPE,true,0.9,0.9500000000000001,1.0,50,8,4.004291742811622,0.042214244695531186,0.9248064025314134,0.9230769230769231,3.901495715364297E8,a39c4b0b8dd491f847479895c9cedf12040eba9a0a0aecd205dad89849735427,4bca0a7033e3b96926e981771bbf8c8619b2a7cec786dfd9923fc70d5aa39cfb
NO_DISTRICT,GYEONGGI,,CULTURE_ART,UNDECIDED,69,459,0.20109131839345046,SAME_REGION_TYPE,50,6,4.7778161958019165,0.020775548777208348,0.9234529511090892,0.9230769230769231,2.928207126529511E8,a51245f1ea3b62fb51ac84bc2ecbbc79c5c1d063a30818c6dddfbfc16a6c48b4,ccd7f628a5eb4a46443a7294024325508b94a12642002830ef0bb85a01ccfcd2,459,0.20109131839345046,SAME_REGION_TYPE,false,-Infinity,NaN,NaN,50,6,4.7778161958019165,0.020775548777208348,0.9234529511090892,0.9230769230769231,2.928207126529511E8,a51245f1ea3b62fb51ac84bc2ecbbc79c5c1d063a30818c6dddfbfc16a6c48b4,ccd7f628a5eb4a46443a7294024325508b94a12642002830ef0bb85a01ccfcd2
NO_DISTRICT,GYEONGGI,,NATURE_ECOLOGY,WATERFRONT,37,70,1.0,NATIONWIDE_TYPE_VENUE,50,1,1.0,1.0,0.7653094825865044,0.6907894736842106,1.996138466614619E8,0a635fe7c95464734d67fcf3eb34fbe1decb151168419235fa06b370eaf0e0c0,225e3ba813dfc4be85c8d183353ee56b10e39485cbee2fd52937aa6d226d6bbc,149,0.36147659927097536,SAME_REGION_TYPE,true,0.8766666666666667,0.9266666666666667,1.0,50,8,4.359013760518699,0.020144281210420677,0.9233454580826672,0.9230769230769231,1.3151556125462487E8,b8843314723eecef3b7845726207974335ba71a857827f526b98546ff023aeb4,1c3d46e09974c80b99efa392b1f1f401126dba5bd99f4e7d71ae9ad549dbb433
NO_DISTRICT,GYEONGGI,,NATURE_ECOLOGY,WATERFRONT,51,70,1.0,NATIONWIDE_TYPE_VENUE,50,1,1.0,1.0,0.7639177305539754,0.6865384615384615,2.01750386251426E8,0a635fe7c95464734d67fcf3eb34fbe1decb151168419235fa06b370eaf0e0c0,225e3ba813dfc4be85c8d183353ee56b10e39485cbee2fd52937aa6d226d6bbc,149,0.359685839385411,SAME_REGION_TYPE,true,0.8798076923076923,0.9298076923076923,1.0,50,8,4.31264947639819,0.020286791481547415,0.9232134687888176,0.9230769230769231,1.3486305533074513E8,b8843314723eecef3b7845726207974335ba71a857827f526b98546ff023aeb4,47462d57476359b2c816bb62297b5cdb74dd2909d436c1764bd51f609b0d30e5
NO_DISTRICT,GYEONGGI,,COMMUNITY,WATERFRONT,58,29,1.0,NATIONWIDE_TYPE_VENUE,29,1,1.0,1.0,0.7062752920076559,0.6800847457627119,2.0181554831203765E8,d79174673ff7f3466f21cd9adef13feaf0fb2e943028627027b036405e0d7d39,d79174673ff7f3466f21cd9adef13feaf0fb2e943028627027b036405e0d7d39,139,0.1632976676372421,SAME_REGION_TYPE,true,0.7576271186440678,0.8076271186440679,1.0,50,7,3.906250000000003,0.1399999999999999,0.9230769230769226,0.9230769230769231,1.197210418703936E8,b6c71782835affc9448ea7f471ce35aff0c8805ee97d208afe448f0336338f04,0ade9428d29ab818726b7212f560cc8ed8249cad204bf71473c3ae086f1c6b69
NO_DISTRICT,GYEONGGI,,LOCAL_SPECIALTY,WATERFRONT,2,71,1.0,NATIONWIDE_TYPE_VENUE,50,1,1.0,1.0,0.8164286901327947,0.7875000000000001,9.742179427349588E7,423ef67fb8d8ce3b4c72bcaeeff7f273fce5f5c7748615ef99cbb399498ea8e6,b2525753c3681e3fb76811d15b45ba72b163976d05991750068ea1e9288069bd,169,0.34817762823500903,SAME_REGION_TYPE,true,0.9,0.9500000000000001,1.0,50,7,5.802100885956827,0.020908700739722518,0.9292198459185554,0.9230769230769231,2.2745357657390255E8,2f99b3010fa1ad0e6bfdf44f5babef89152763409b379f68a00ebf4a0ee9512d,6d3424b1034ffc5f5b58cdcf46cd3608f72a3e9ce1a522853f349b654f9901db
NO_DISTRICT,GYEONGGI,,LOCAL_SPECIALTY,OTHER,2,30,1.0,NATIONWIDE_TYPE_VENUE,30,1,1.0,1.0,0.8463868238287611,0.6895161290322581,1.0636378094906497E8,d7eb5f5a7795ed75ed648bbe71eacb81a6fe0bd8c57b502eb69efc2e8672ca56,d7eb5f5a7795ed75ed648bbe71eacb81a6fe0bd8c57b502eb69efc2e8672ca56,128,0.20031141685074455,SAME_REGION_TYPE,true,0.9,0.9500000000000001,1.0,50,7,5.947194869188902,0.12472362173098382,0.9319824563473117,0.9230769230769231,2.0402314759894404E8,197a1de3b28e282136bffff6ba7af481ea40cac660227a40bcf8669d483bb480,2c92052ad17d438a5cf6060f2313e063c6ddc464034e9e598b0f32735bc38bfd
NO_DISTRICT,GYEONGGI,,COMMUNITY,OTHER,61,137,0.16583318248151857,SAME_REGION_TYPE,50,8,3.9895472869246476,0.02115863549014377,0.9236465786478113,0.9230769230769231,1.164821273664107E8,62927a35a000ca7ce838d28918aee078cc741be1283e00356ccadbc352241a1d,f74a98e4b396700fbab58971abb69d1b31a8959cabd6329f117a174591c5735d,137,0.16583318248151857,SAME_REGION_TYPE,false,-Infinity,NaN,NaN,50,8,3.9895472869246476,0.02115863549014377,0.9236465786478113,0.9230769230769231,1.164821273664107E8,62927a35a000ca7ce838d28918aee078cc741be1283e00356ccadbc352241a1d,f74a98e4b396700fbab58971abb69d1b31a8959cabd6329f117a174591c5735d
NO_DISTRICT,GYEONGGI,,CULTURE_ART,OTHER,3,70,1.0,NATIONWIDE_TYPE_VENUE,50,1,1.0,1.0,0.8136756102343363,0.7875000000000001,2.0962937018100592E8,e2894551a9aade3371c9d134fd015763aa296c0fb24e8191f8fdd46932c4cd77,ccdbdadc5964425d86c79a682da9ab46d2f23dc99bb31f5eb06f604c748002d0,333,0.23847067626455734,SAME_REGION_TYPE,true,0.8911764705882352,0.9411764705882353,1.0,50,6,3.89204472127997,0.02035282700883364,0.9330569297460936,0.9230769230769231,3.596103778894844E8,12425c016f5726ec24fb60a30a5c6e3a9becaf0f770653d09704c61ec33d48f6,bf46bff4372e54f902e2ef851a23bf6bbf6828deb91042207a09b704d76e53a3
NO_DISTRICT,GYEONGGI,,COMMUNITY,GREEN,3,41,1.0,NATIONWIDE_TYPE_VENUE,41,1,1.0,1.0,0.8083626199116232,0.7150000000000001,1.4336336099111247E8,2e791c1fbe39f5acd2e443473c32520423f6131ee59cef2b016af5dfdade83f7,2e791c1fbe39f5acd2e443473c32520423f6131ee59cef2b016af5dfdade83f7,118,0.2862973831049555,SAME_REGION_TYPE,true,0.9,0.9500000000000001,1.0,50,8,5.659484638156116,0.020921707900856183,0.9289298006755093,0.9230769230769231,1.2817183665414491E8,fdac7cfca75cdf8db0cc8dee3eb2bac19942d3d1890f762918e4ca7e61c5d264,9224fc7924586aaa0641e938f14e8f982e6802a052d910ecf952fe40038f7f3b
NO_DISTRICT,GYEONGGI,,CULTURE_ART,WATERFRONT,10,90,1.0,NATIONWIDE_TYPE_VENUE,50,1,1.0,1.0,0.8049137213799311,0.7295454545454546,3.8888754490419656E8,c348e29400ebe021db666e856fec31595170b0090866fe06d013a15bb05b35e1,237914b98b613ae757417f6af1d1cf8285e4c690134eedffedd47c78dbaebfc5,316,0.2606028170698143,SAME_REGION_TYPE,true,0.9,0.9500000000000001,1.0,50,7,4.808173304013348,0.04158100660932401,0.9257153214516893,0.9230769230769231,3.0444177958795065E8,4d9bc9e0dab6013271baccc40ef5253a3d3698c4c4771674d950f8c2f3fbbd01,c8a14e985da69d0df9eb07a65f9a1216a435347716315e9ef1fe5444602a5ab9
NO_DISTRICT,GYEONGGI,,NATURE_ECOLOGY,WATERFRONT,3,70,1.0,NATIONWIDE_TYPE_VENUE,50,1,1.0,1.0,0.814817770460437,0.7875000000000001,1.1427708136305428E8,0a635fe7c95464734d67fcf3eb34fbe1decb151168419235fa06b370eaf0e0c0,a73b451eb0ce079172ccfe0953123fa017415f4701cc49d70ee63c332cfa2b80,169,0.34213906092589746,SAME_REGION_TYPE,true,0.9,0.9500000000000001,1.0,50,7,5.754056866355775,0.041768602573315154,0.9297749470716273,0.9230769230769231,1.4369785238035426E8,ced37517ab55b7e97aa680cd0224b291ba5f388249c944b5d2cc9d81f77073c2,352c738a89668760f6f469bf8a1f3174b4ceea45fdfd1683d66c83caef264e5d
NO_DISTRICT,GYEONGGI,,LOCAL_SPECIALTY,INDEPENDENT,10,37,1.0,NATIONWIDE_TYPE_VENUE,37,1,1.0,1.0,0.7446834017123832,0.7022727272727273,1.7881773747024277E8,f48a1845e91ccd6df2e6cbb8eff45c61703b96b9de9c78eebb998bf15f66a0a2,f48a1845e91ccd6df2e6cbb8eff45c61703b96b9de9c78eebb998bf15f66a0a2,167,0.16529636436627965,SAME_REGION_TYPE,true,0.8045454545454546,0.8545454545454546,1.0,50,7,4.355400696864115,0.1599999999999999,0.9230769230769226,0.9230769230769231,2.746577893896502E8,c6144f42b6f02d5bc1e2b50915c890b0036e9f11295d2c669c7fd3a87a86e0df,0a9ed1c97548d7893b418d6194c3044540d0b29b8d96f5fb3afea5ca6a1a22fe
NO_DISTRICT,GYEONGGI,,CULTURE_ART,WATERFRONT,23,90,1.0,NATIONWIDE_TYPE_VENUE,50,1,1.0,1.0,0.7767794715593801,0.7000000000000001,4.3572113107268316E8,c348e29400ebe021db666e856fec31595170b0090866fe06d013a15bb05b35e1,6eb33cfd3320e2e7a7bd45d3eca03be039851df5261c230293eec41e57a2fcb3,301,0.2794119835947963,SAME_REGION_TYPE,true,0.9,0.9500000000000001,1.0,50,6,4.781181715770627,0.02115863549014377,0.9236465786478113,0.9230769230769231,2.910508099141725E8,f947bcfe381b90dda39a6ae41607f816d6fbb137556a55710e307309ecca03ce,41013b251bcb111edbc245ecb94ef5cac59eba218c9b11ca1b0804c02a384614
NO_DISTRICT,GYEONGGI,,CULTURE_ART,WATERFRONT,24,90,1.0,NATIONWIDE_TYPE_VENUE,50,1,1.0,1.0,0.7757302235392534,0.6990000000000001,4.371647218880914E8,c348e29400ebe021db666e856fec31595170b0090866fe06d013a15bb05b35e1,6eb33cfd3320e2e7a7bd45d3eca03be039851df5261c230293eec41e57a2fcb3,303,0.2775837130004589,SAME_REGION_TYPE,true,0.894,0.9440000000000001,1.0,50,6,4.778890403444831,0.020897780165237988,0.9235141689388415,0.9230769230769231,2.9121493739415634E8,a49cc04fdca23fb3f3c790f0096230849b773ec2ff89c82919494d4db05416e3,41013b251bcb111edbc245ecb94ef5cac59eba218c9b11ca1b0804c02a384614
NO_DISTRICT,GYEONGGI,,NATURE_ECOLOGY,GREEN,61,88,1.0,NATIONWIDE_TYPE_VENUE,50,1,1.0,1.0,0.747502004466253,0.6870967741935484,2.302500947211448E8,dc459aca48974424d1e63cba2ca3e5c0d723e32a3a4724a75d28d13eea8c5f69,85df5e8ab80eea487a67911d821110872eb057c4603259fd975e377c0b81966f,166,0.4046417516440567,SAME_REGION_TYPE,true,0.9,0.9500000000000001,1.0,50,8,4.31964735625448,0.02115863549014377,0.9236465786478113,0.9230769230769231,1.3709994369336691E8,110eb5b02e4a5bc62e8e3f2edb6d7210210f5bc33a88288d1350244259cccb56,0217b4f30d5e5f8ff1cdd5ee86758b509ba90d4af4a33a044fba8df408c186c9
NO_DISTRICT,GYEONGGI,,NATURE_ECOLOGY,INDEPENDENT,2,152,0.1822735085069531,SAME_REGION_TYPE,50,7,4.204808153175014,0.021052675167357007,0.9260093761299126,0.9230769230769231,1.0571413793351643E8,b5542ee79013bd7455f3488ba803e869e1fd720c2b778be52c4940c5f4255aab,b325b6233237efef4ce5f10d0b65cec2704152006608dbc5f977302de989643b,152,0.1822735085069531,SAME_REGION_TYPE,false,-Infinity,NaN,NaN,50,7,4.204808153175014,0.021052675167357007,0.9260093761299126,0.9230769230769231,1.0571413793351643E8,b5542ee79013bd7455f3488ba803e869e1fd720c2b778be52c4940c5f4255aab,b325b6233237efef4ce5f10d0b65cec2704152006608dbc5f977302de989643b
NO_DISTRICT,GYEONGGI,,NATURE_ECOLOGY,OTHER,10,28,1.0,NATIONWIDE_TYPE_VENUE,28,1,1.0,1.0,0.766433306104004,0.7022727272727273,1.1847728726663703E8,bac84c25c579cb164a23d21f107620de9d5a19ddb2360cb94e2daef2a6ba747b,bac84c25c579cb164a23d21f107620de9d5a19ddb2360cb94e2daef2a6ba747b,110,0.1980770185881127,SAME_REGION_TYPE,true,0.9,0.9500000000000001,1.0,50,8,4.31964735625448,0.02115863549014377,0.9236465786478113,0.9230769230769231,1.3293086681008373E8,7f6baf06b145f4ee7ca27563b3ae1e632850dd9bd0cb78d906722742bc85ad72,3728a29823f5eee8bacd050302b84b6f9cf787ec3f2be5e0ca7f3dac3f1d0a3e
NO_DISTRICT,GYEONGGI,,NATURE_ECOLOGY,WATERFRONT,10,70,1.0,NATIONWIDE_TYPE_VENUE,50,1,1.0,1.0,0.7939192273321574,0.7295454545454546,2.0141266046375263E8,0a635fe7c95464734d67fcf3eb34fbe1decb151168419235fa06b370eaf0e0c0,25d8fd3f1875a46535f7031c838c20eb36a1e7b001987126bbc78e545cf0bdfd,152,0.37268165852550167,SAME_REGION_TYPE,true,0.9,0.9500000000000001,1.0,50,8,4.31964735625448,0.02115863549014377,0.9236465786478113,0.9230769230769231,1.3594565161231387E8,cbf09ce8e84754918a10b87f0633d29716cb2a942852e52cce1f0976976eeced,9c3633381461f927770d7f687e39b38366f1ac847c60ab35da253f752395481c
NO_DISTRICT,GANGWON,,LOCAL_SPECIALTY,WATERFRONT,5,71,1.0,NATIONWIDE_TYPE_VENUE,50,1,1.0,1.0,0.7976102355589358,0.75,2.0772427354324454E8,423ef67fb8d8ce3b4c72bcaeeff7f273fce5f5c7748615ef99cbb399498ea8e6,e8c618817c35e7c593a7794293b97955d41c8aee3acda1665cf0325279415c18,201,0.2803666156966697,SAME_REGION_TYPE,true,0.8911764705882352,0.9411764705882353,1.0,50,7,4.851826690062258,0.04060965864271016,0.9261496791187898,0.9230769230769231,1.912691426009402E8,7eb76306bbdac3693e97dbd1fafacd0573d2c1a2e9f47665073d366df6b5e981,fdc03049d02f4307bd99a4c7cf9a8d475920d40ae0381e8fa69aa98962c30cc0
NO_DISTRICT,GANGWON,,CULTURE_ART,WATERFRONT,2,90,1.0,NATIONWIDE_TYPE_VENUE,50,1,1.0,1.0,0.8258790975767392,0.7875000000000001,1.9033489118831798E8,c348e29400ebe021db666e856fec31595170b0090866fe06d013a15bb05b35e1,f742c495cc5659e7d1e0f1e4d52371d0a98794a5aa7850feeb9bbe3f82c53c23,261,0.28057458023415865,SAME_REGION_TYPE,true,0.8625,0.9125000000000001,1.0,50,6,4.981422645054798,0.15939758918929425,0.9248554797037335,0.9230769230769231,3.964023045890941E8,d821a435367504438f3041a65f9a60581ba9281be01c99ed749e214b1411dbee,0ed1945c73d8cb7d126b4725f213e7ea36341eaee2271bf49cf530734d1ea796
NO_DISTRICT,GANGWON,,CULTURE_ART,GREEN,17,158,1.0,NATIONWIDE_TYPE_VENUE,50,1,1.0,1.0,0.8054494033056216,0.7250000000000001,3.699436479488538E8,4214f3c3954d05a920f970ebc6a910e54d165aa212212417de62ae5be5a531b0,6ce20e8c732dd1c65f0a9c90f1683a90fc31315177fdaa2c6a272124fa6edd11,294,0.42544797180532234,SAME_REGION_TYPE,true,0.8911764705882352,0.9411764705882353,1.0,50,7,5.421442523442406,0.04098143271350565,0.9236445924901923,0.9230769230769231,4.0224504248981917E8,344bac0395514e3a115c214b4abeda709194f583a35521c437b53364270b6b88,58fcea3fcaf7e13824e28b38e6132751ecf9c208764988717dd9c9ab7dd9142a
NO_DISTRICT,GANGWON,,CULTURE_ART,INDEPENDENT,8,76,1.0,NATIONWIDE_TYPE_VENUE,50,1,1.0,1.0,0.7706222508951968,0.7250000000000001,5.1657595827753496E8,8d3227fce5057e121afb1463f7003206e6d03aae5ceffb834860623ae7d9b164,21e31075a7f8257643916d4528f146197cb2dcd8fc5471ede45970b7dce3c446,283,0.20294783925367477,SAME_REGION_TYPE,true,0.8166666666666667,0.8666666666666667,1.0,50,6,5.173130462235096,0.1994973601667672,0.9242641174504737,0.9230769230769231,4.5953991850822276E8,5573e72fc4ddd91c14c1e21fb988e36670313457125436024bae53cf82d65a7d,2cd85b290470bed600e00ca726263a28bfcaf728de2f626b8bb8fdcaaf186b43
NO_DISTRICT,GANGWON,,TRADITION_HISTORY,GREEN,9,54,1.0,NATIONWIDE_TYPE_VENUE,50,1,1.0,1.0,0.7617590748057023,0.7050000000000001,4.404749753996253E8,925fb91efbfb16db5e571b6b008cb99b6c0a3a167e39edb07bb4c1c2cafda7ae,dc9d8ba60f6bcc6cc73b7c82128f88eba511d8fc4f1b7424fd4527a6b70a93b2,99,0.45074160924606493,SAME_REGION_TYPE,true,0.84,0.89,1.0,50,9,5.332404076365885,0.09001905835009631,0.9080869346021955,0.84375,4.454636559209831E8,aa886cc8f74419cb36e1d7e48735597770e4c95ce1a9d67b4f9ebecf217578d6,d050d0c3b7a49ef97bc0991bbb158384a2c34967a103f7dd8c9333a0f99003b9
NO_DISTRICT,GANGWON,,CULTURE_ART,WATERFRONT,6,90,1.0,NATIONWIDE_TYPE_VENUE,50,1,1.0,1.0,0.8109209994699457,0.7607142857142858,3.956868155041439E8,c348e29400ebe021db666e856fec31595170b0090866fe06d013a15bb05b35e1,6b03f17c31f79be93f64f9d7679c9a96b4f5c3be1ca1c41afbe828635c3045c5,260,0.2744427484315664,SAME_REGION_TYPE,true,0.88125,0.93125,1.0,50,7,4.871238721076732,0.04031662119803112,0.9263076873056036,0.9230769230769231,4.626978298337676E8,6ea5b407aed13c4cec5eb1ca698f2b5091ed73a65dd41efe32dada10b02fc149,8f6d1f6b9ee0794f841f6f9cbff157b86944479242be25d82a55e0d9164112ca
NO_DISTRICT,GANGWON,,CULTURE_ART,WATERFRONT,4,90,1.0,NATIONWIDE_TYPE_VENUE,50,1,1.0,1.0,0.822271529489139,0.765,4.019811633716472E8,c348e29400ebe021db666e856fec31595170b0090866fe06d013a15bb05b35e1,cbd510f8d688110eacef2b6f8d59d88feab1315181ac98671585068207808198,272,0.2662783777072902,SAME_REGION_TYPE,true,0.875,0.925,1.0,50,6,4.470309193695333,0.0199062193631629,0.9272440991700146,0.9230769230769231,3.67032847358208E8,0c4f50a2b95579c1c299287ed7753c44af90f4637d7f9ecc3ce29884d7ee87e4,07c84417d83a8ed98ced52d71de518e95d56f57d63c9c7f766da1206c6248a16
NO_DISTRICT,GANGWON,,CULTURE_ART,WATERFRONT,5,90,1.0,NATIONWIDE_TYPE_VENUE,50,1,1.0,1.0,0.8154831155830226,0.775,4.432088951224032E8,c348e29400ebe021db666e856fec31595170b0090866fe06d013a15bb05b35e1,7aaee01aab14ef3548479dba8c4cb9a2f3c775924870befc9d14110cebc1804d,252,0.2854670063289017,SAME_REGION_TYPE,true,0.9,0.9500000000000001,1.0,50,7,5.706936284185046,0.02106586213274761,0.9257153214516893,0.9230769230769231,4.604615571135695E8,28cbfa6322b0d7954d8e5b4fa055832aeeb2ec32a568bc82b70bf4f3956c90c4,e36cc22c43e2617bc076faa24b8186374d5f3cdfb31e6fc3c4a0460e3d81aa27
NO_DISTRICT,GANGWON,,CULTURE_ART,INDEPENDENT,2,76,1.0,NATIONWIDE_TYPE_VENUE,50,1,1.0,1.0,0.811698418589816,0.765,2.121809565776166E8,8d3227fce5057e121afb1463f7003206e6d03aae5ceffb834860623ae7d9b164,5610f693d8d84799f2daf0f6aee70e3a587c413706f3c785d0ce35a567a049b5,213,0.28627392033509796,SAME_REGION_TYPE,true,0.9,0.9500000000000001,1.0,50,7,5.1340844390223985,0.021079065628583683,0.9254208981628969,0.9230769230769231,3.8906388931816864E8,04db4e04e78920dcc4c4aa4b90922043132189860c64cfee8f2b64a6d245f30b,084d6e907da90f1ea596af33d6f1179398ebd35d93c5cfb3abc7e17094e36dc8
NO_DISTRICT,GANGWON,,CULTURE_ART,WATERFRONT,8,90,1.0,NATIONWIDE_TYPE_VENUE,50,1,1.0,1.0,0.8100583611986112,0.7416666666666667,4.1107582318801576E8,c348e29400ebe021db666e856fec31595170b0090866fe06d013a15bb05b35e1,21ba163a67ef975882f8bbe6271705988d71a3fe55ebb571f2fa704f2940aade,240,0.2956079949894721,SAME_REGION_TYPE,true,0.9,0.9500000000000001,1.0,50,7,5.6787227893211725,0.06186169551857701,0.92528151626466,0.9230769230769231,4.718541058588244E8,1a53ad3aa23526d609de664764c9fb9ef00364489cd2d68dc3ef31c54acfb0cd,4cc049776254d3693ea75fffde0fb7d35ad45ff0f6a34a904fdb3cb21278357a
NO_DISTRICT,GANGWON,,CULTURE_ART,UNDECIDED,3,269,0.15417372132551985,SAME_REGION_TYPE,50,5,4.686802184200691,0.24012440929694273,0.9289538157377386,0.9230769230769231,4.648958081818746E8,51c2b1bd3012516e3ff6a7d4a9a199e89a29b59baa61975e01723dca40326851,06b886193d55cb1ac18ad66c858fce3a036a9b305fbeec472f554bc903ab6e59,269,0.15417372132551985,SAME_REGION_TYPE,false,-Infinity,NaN,NaN,50,5,4.686802184200691,0.24012440929694273,0.9289538157377386,0.9230769230769231,4.648958081818746E8,51c2b1bd3012516e3ff6a7d4a9a199e89a29b59baa61975e01723dca40326851,06b886193d55cb1ac18ad66c858fce3a036a9b305fbeec472f554bc903ab6e59
NO_DISTRICT,GANGWON,,CULTURE_ART,WATERFRONT,7,90,1.0,NATIONWIDE_TYPE_VENUE,50,1,1.0,1.0,0.8107989056101584,0.75,4.055102347276573E8,c348e29400ebe021db666e856fec31595170b0090866fe06d013a15bb05b35e1,6b03f17c31f79be93f64f9d7679c9a96b4f5c3be1ca1c41afbe828635c3045c5,239,0.2984523244690481,SAME_REGION_TYPE,true,0.9,0.9500000000000001,1.0,50,7,5.311864801222758,0.04153670137982483,0.924152080889458,0.9230769230769231,4.3698406019989383E8,a869cf268dfa5be49465fa9768bda2d63c16927a702ff924bb6117b77c990a88,9521b7f80da294189e18703a115776b8f7030abab803a35efeabf1d1eb281baa
NO_DISTRICT,GANGWON,,CULTURE_ART,WATERFRONT,3,90,1.0,NATIONWIDE_TYPE_VENUE,50,1,1.0,1.0,0.8348855641485089,0.7875000000000001,2.977005734752957E8,c348e29400ebe021db666e856fec31595170b0090866fe06d013a15bb05b35e1,f780d93d68ebee3bbb65a08db27ba7a0a7d93e428fd60a3de5c10ebce22a961e,255,0.2884655924699892,SAME_REGION_TYPE,true,0.9,0.9500000000000001,1.0,50,6,5.42096330552559,0.10399286475549722,0.9317194741313785,0.9230769230769231,3.988999596424443E8,2c066cbda2f1566a0747ec42c3473e7bdb24aae941f6faca00c86763539e5b83,770a8ba56e251f7f40e85faa5d8e89bd0408a2bc55cea7d18f5bacb68ea90cec
NO_DISTRICT,GANGWON,,CULTURE_ART,INDEPENDENT,3,76,1.0,NATIONWIDE_TYPE_VENUE,50,1,1.0,1.0,0.8110039706513473,0.7875000000000001,2.9956055496580493E8,8d3227fce5057e121afb1463f7003206e6d03aae5ceffb834860623ae7d9b164,985e780e294e733b1f0d65e7aca1b818c66293287d04678f7acf59740d72ae86,241,0.2521315338532058,SAME_REGION_TYPE,true,0.9,0.9500000000000001,1.0,50,6,4.896449235213711,0.0208957097418125,0.9295095307396704,0.9230769230769231,4.780192260581962E8,aabfe0d39c36d840362c1422ab285d241f6c1fedfe5236477b9ca91c328fb029,c8a5a436b835d2e08151b7d595d97619fd1032008b05b73c2ebf3f496a9bfc5a
NO_DISTRICT,GANGWON,,LOCAL_SPECIALTY,GREEN,3,95,1.0,NATIONWIDE_TYPE_VENUE,50,1,1.0,1.0,0.8516456762847555,0.795,2.804232725916192E8,6f559ff7303a8c2962ebc48f630fcff4006b749cc57f1e138c456575624dd657,158fe650519b9eac8c8e2703683989c780f54b3d16a9a642f9843cd804d8de54,250,0.32240490105327674,SAME_REGION_TYPE,true,0.9,0.9500000000000001,1.0,50,6,5.559003161320986,0.1827321360197067,0.9380578040465642,0.9230769230769231,1.420400008039203E8,d6ff04994993a3533bc2c1fe0da4fae0b8d869fa9dc6b2cac9b853257674c6ad,b66119a3e9432b2881fee4fb800040e79d37f92a0d6e2c9ae4465db8815337b2
NO_DISTRICT,GANGWON,,CULTURE_ART,WATERFRONT,15,90,1.0,NATIONWIDE_TYPE_VENUE,50,1,1.0,1.0,0.7869733283648211,0.7125,4.4670898723889023E8,c348e29400ebe021db666e856fec31595170b0090866fe06d013a15bb05b35e1,b76edb99c2e9cda5bf67eb14f885f318f43e4f9b8ff454257a6670ec44d04135,225,0.3051529613111133,SAME_REGION_TYPE,true,0.890625,0.940625,1.0,50,7,5.400948773318706,0.020735611040963338,0.9238061484287559,0.9230769230769231,4.2530392465864533E8,0d4ccf96f2471f7c866ff2d741a2c138611ae86e0d37c5dab5de6c6b6cba4dd1,42a94f1fbc1de3d3d3c5d1fb1276e0f33435648a98bbf19555c1217078b24d0f
NO_DISTRICT,GANGWON,,LOCAL_SPECIALTY,VILLAGE,2,23,1.0,NATIONWIDE_TYPE_VENUE,23,1,1.0,1.0,0.8349397413575139,0.765,1.337035193854534E8,3fbec895063fe63197622dd9e2f7c6edb414b8212fdbf14439a971c269a81dc0,3fbec895063fe63197622dd9e2f7c6edb414b8212fdbf14439a971c269a81dc0,133,0.19366133594725984,SAME_REGION_TYPE,true,0.9,0.9500000000000001,1.0,50,6,4.169441260668445,0.02097389878243421,0.9277660019974951,0.9230769230769231,1.0771757225101398E8,2ad7032fb856edfbb1c5ceaf6a1b96e7e7b144e363c39168fc79669bcbcbd6a7,4653f9f8ee89ce4279e6a6cb476cc36bb68947176152159e4551a9d6b85f1d4d
NO_DISTRICT,GANGWON,,CULTURE_ART,GREEN,5,158,1.0,NATIONWIDE_TYPE_VENUE,50,1,1.0,1.0,0.8370264005696111,0.775,3.0991633868458873E8,4214f3c3954d05a920f970ebc6a910e54d165aa212212417de62ae5be5a531b0,8356b69bafe384e0b97781abc3d632a6710755a01830020db61384a2a500a9f9,320,0.4113354847918578,SAME_REGION_TYPE,true,0.9,0.9500000000000001,1.0,50,7,5.86915892052297,0.06166026768074871,0.9261253076389598,0.9230769230769231,4.296666445633347E8,e54e250e7da6521f5253b347197b5b7f65565407ccf08d2be40f90683f2bbe74,cbd0b0ec2b6530481233eb8d5352aefa8525b7bf8ba774bbcaa58a287119f1a9
NO_DISTRICT,GANGWON,,NATURE_ECOLOGY,GREEN,5,88,1.0,NATIONWIDE_TYPE_VENUE,50,1,1.0,1.0,0.8107105698492955,0.7568181818181818,1.6652932294987032E8,dc459aca48974424d1e63cba2ca3e5c0d723e32a3a4724a75d28d13eea8c5f69,b20aaab01ff2ca27af8e0cd19aae26e6919ee84dd61f950fdec523348501a2c7,194,0.3715208801857839,SAME_REGION_TYPE,true,0.8911764705882352,0.9411764705882353,1.0,50,8,4.817447887114756,0.12184577840526639,0.9260877587172545,0.9230769230769231,1.5203300639763647E8,a1c782009633e6bef9b007a55cf9a86aecacded7d0a5a677195143e88ca7e438,56e053438c8dde0a82bda484d560eb78067e43361f313ddd3237470d3edfdad1
NO_DISTRICT,GANGWON,,COMMUNITY,GREEN,3,41,1.0,NATIONWIDE_TYPE_VENUE,41,1,1.0,1.0,0.8048009105876591,0.6907894736842106,1.4450383642147425E8,2e791c1fbe39f5acd2e443473c32520423f6131ee59cef2b016af5dfdade83f7,2e791c1fbe39f5acd2e443473c32520423f6131ee59cef2b016af5dfdade83f7,80,0.4383643253491095,SAME_REGION_TYPE,true,0.9,0.9500000000000001,1.0,50,9,7.219155095676854,0.19683294559916972,0.9156121820657026,0.7941176470588235,7.682534077813445E7,b391ae41a67270db64f7b8cbc8bf1b59915a135ed9de2949b2a40b1a307658b3,7dfd2b1e8746498e0b3b7010f3e3842bc6e01d6d8de45e5e69fe91091f464c02
NO_DISTRICT,GANGWON,,COMMUNITY,INDEPENDENT,3,21,1.0,NATIONWIDE_TYPE_VENUE,21,1,1.0,1.0,0.8144935202193496,0.75,1.7210499166851017E8,eedf7791ca3d1393402cd8cd68579a82dd4c14bb23bf3bca6d0ba4c78b4feceb,eedf7791ca3d1393402cd8cd68579a82dd4c14bb23bf3bca6d0ba4c78b4feceb,60,0.2911951853118832,SAME_REGION_TYPE,true,0.8911764705882352,0.9411764705882353,1.0,50,9,7.287177919646478,0.18718853107799047,0.9110437759669093,0.7941176470588235,8.596596041881405E7,7ddbb72b7cd7a7e4d1edf61f0c8621a5a2e6c1f65f1412f45a02d43e4f6cc539,a120d7c02f8bfc1edc2892ca1b55679f4ef780eb10fa6c32d760d80e80697c9b
NO_DISTRICT,GANGWON,,LOCAL_SPECIALTY,VILLAGE,3,23,1.0,NATIONWIDE_TYPE_VENUE,23,1,1.0,1.0,0.8293113878948472,0.7875000000000001,1.6951845076378787E8,3fbec895063fe63197622dd9e2f7c6edb414b8212fdbf14439a971c269a81dc0,3fbec895063fe63197622dd9e2f7c6edb414b8212fdbf14439a971c269a81dc0,178,0.14411685748897748,SAME_REGION_TYPE,true,0.9,0.9500000000000001,1.0,50,6,5.035052448321017,0.04128153665105318,0.9352053330430994,0.9230769230769231,1.387659816560498E8,dd696dbbad36e3748837b93121daf8393c8cf6572dd288563abc5b2ca9acc084,728c5063b97e15f03322953e96489aca4e7b44a19fd572afa5fde7ccace61a09
NO_DISTRICT,GANGWON,,COMMUNITY,VILLAGE,4,75,0.29381164338310206,SAME_REGION_TYPE,50,9,7.866110335042973,0.10472351162468828,0.9132692159579706,0.8625,7.052511389186727E7,16ff403e4314717320a30369bc3b36d0c204cdbb8dc5b230289d64de7e9a03c7,cf321247776b8d616bfeec11aaecaf50057d11dcdb2d769edcb51c6376aa84aa,75,0.29381164338310206,SAME_REGION_TYPE,false,-Infinity,NaN,NaN,50,9,7.866110335042973,0.10472351162468828,0.9132692159579706,0.8625,7.052511389186727E7,16ff403e4314717320a30369bc3b36d0c204cdbb8dc5b230289d64de7e9a03c7,cf321247776b8d616bfeec11aaecaf50057d11dcdb2d769edcb51c6376aa84aa
NO_DISTRICT,GANGWON,,LOCAL_SPECIALTY,INDEPENDENT,3,37,1.0,NATIONWIDE_TYPE_VENUE,37,1,1.0,1.0,0.825203949352188,0.6943548387096775,1.345661789678458E8,f48a1845e91ccd6df2e6cbb8eff45c61703b96b9de9c78eebb998bf15f66a0a2,f48a1845e91ccd6df2e6cbb8eff45c61703b96b9de9c78eebb998bf15f66a0a2,192,0.15795632018106326,SAME_REGION_TYPE,true,0.9,0.9500000000000001,1.0,50,6,5.225469963868744,0.06185096951665909,0.9357464337292443,0.9230769230769231,1.2822154972902036E8,4eceb1d92245966d5c4a6e440deb78402c5ce726cbae35cf4a82ac508922811c,374a38b5b86c2c11288d4c9fa62c43799bebd1cd12e87ec836daeb399db525ba
NO_DISTRICT,GANGWON,,LOCAL_SPECIALTY,INDEPENDENT,2,37,1.0,NATIONWIDE_TYPE_VENUE,37,1,1.0,1.0,0.8216182218815077,0.6895161290322581,1.0745406486590596E8,f48a1845e91ccd6df2e6cbb8eff45c61703b96b9de9c78eebb998bf15f66a0a2,f48a1845e91ccd6df2e6cbb8eff45c61703b96b9de9c78eebb998bf15f66a0a2,147,0.20685528292043528,SAME_REGION_TYPE,true,0.9,0.9500000000000001,1.0,50,6,4.412842791208667,0.06277455798375225,0.9288817597218758,0.9230769230769231,9.672824502430896E7,ce0d519269b40213a2651445d0ff06745b30d4977358111a6612c9b7248627df,c9d6c21ad3ac277a3edfadf7c7e0e593ffff55505df10b5c368f2381a22304ab
NO_DISTRICT,GANGWON,,LOCAL_SPECIALTY,WATERFRONT,2,71,1.0,NATIONWIDE_TYPE_VENUE,50,1,1.0,1.0,0.8221637747284989,0.7875000000000001,1.0562976170917138E8,423ef67fb8d8ce3b4c72bcaeeff7f273fce5f5c7748615ef99cbb399498ea8e6,e7c2fa18f00c513855a9ae00c1bf7c367f884191eb234c59b7f6486aa0f12d25,181,0.3242462884184779,SAME_REGION_TYPE,true,0.9,0.9500000000000001,1.0,50,6,4.3005509996078075,0.041527434715040355,0.9281346350391869,0.9230769230769231,1.0565077384138896E8,efb31f3192c926ec4b0371a669d7c3f935d59cc810b7f6b1284bba2679020bb6,ce9aae5d6127d847f042dba4e05dff4064cc8c07bf8aa626a736bd9cc19f3e14
NO_DISTRICT,GANGWON,,TRADITION_HISTORY,INDEPENDENT,3,38,1.0,NATIONWIDE_TYPE_VENUE,38,1,1.0,1.0,0.8025902817335431,0.7083333333333334,3.0590743043939537E8,8674a18a77fd59101747b5bfbca30d4351075de073f6e1726ea05249ad86bedb,8674a18a77fd59101747b5bfbca30d4351075de073f6e1726ea05249ad86bedb,93,0.34014687668415095,SAME_REGION_TYPE,true,0.9,0.9500000000000001,1.0,50,9,5.9092506174886275,0.02097389878243421,0.9277660019974951,0.9230769230769231,4.254177360442135E8,c6c76fb7a8fab00b7e2acbf991a1ee6768cff531dcb9baa83e4389d18ff51075,99f1751b9d2913a664b5c62733101ce292725ac135a2ddec627f5daa3eb9c2af
NO_DISTRICT,GANGWON,,NATURE_ECOLOGY,WATERFRONT,6,70,1.0,NATIONWIDE_TYPE_VENUE,50,1,1.0,1.0,0.8211964470001871,0.7392857142857143,1.7593965154736066E8,0a635fe7c95464734d67fcf3eb34fbe1decb151168419235fa06b370eaf0e0c0,e4474a620e4d36de03aed1ccd86149d35f4ada59fe870caf3932ac6908a02e4e,165,0.35094608870943256,SAME_REGION_TYPE,true,0.9,0.9500000000000001,1.0,50,8,4.709190822088543,0.08265386798624255,0.9250975789897139,0.9230769230769231,1.5086472627364436E8,6d64b03cd389b69e80488dfd4dfa61ca90b696258740cf61bde005328fbfd26d,683abb9b39a83ecbda3243adf971ad6e1b03a7e8758cd32aa067a5ce63a789d8
NO_DISTRICT,GANGWON,,NATURE_ECOLOGY,OTHER,3,28,1.0,NATIONWIDE_TYPE_VENUE,28,1,1.0,1.0,0.7981428441923524,0.7000000000000001,9.44587477155314E7,bac84c25c579cb164a23d21f107620de9d5a19ddb2360cb94e2daef2a6ba747b,bac84c25c579cb164a23d21f107620de9d5a19ddb2360cb94e2daef2a6ba747b,132,0.21758415996586766,SAME_REGION_TYPE,true,0.8911764705882352,0.9411764705882353,1.0,50,7,4.711833189130634,0.04136216830900669,0.9256013140187064,0.9230769230769231,1.695328534091926E8,5ba787375c2a002565438692e05ca4fdcb7245b3a0464d38270118576958a132,926c70b8bc489f4bdff201a7d7260c99df9e18a89dfa492001c35ff7906d7877
NO_DISTRICT,GANGWON,,NATURE_ECOLOGY,GREEN,3,88,1.0,NATIONWIDE_TYPE_VENUE,50,1,1.0,1.0,0.829249532176599,0.7875000000000001,1.2256330151674847E8,dc459aca48974424d1e63cba2ca3e5c0d723e32a3a4724a75d28d13eea8c5f69,c0bdaabc70aca25f4db393eb2fa908d7bc18f091bc27d28cd0b40366be6cdc2b,192,0.3816327870643229,SAME_REGION_TYPE,true,0.8911764705882352,0.9411764705882353,1.0,50,7,4.805243668771634,0.06199441462855354,0.9259733505421579,0.9230769230769231,1.5797793135052305E8,6c6b6f0b132a056202ac4879af4fede6c73630ac6ee539123596f5af5b8b7796,7e06ba6c6f83eab090a2b916f6d116456b00def8cafc279fd050caa658829a52
NO_DISTRICT,GANGWON,,CULTURE_ART,VILLAGE,3,39,1.0,NATIONWIDE_TYPE_VENUE,39,1,1.0,1.0,0.8043689788640609,0.683955223880597,1.623857800979383E8,35666bd283d687af38fec7347887732ca0983e78f887177a0dbce730a02f799c,35666bd283d687af38fec7347887732ca0983e78f887177a0dbce730a02f799c,204,0.195874161835755,SAME_REGION_TYPE,true,0.9,0.9500000000000001,1.0,50,6,5.232433703400382,0.062179598975046164,0.9304289897167478,0.9230769230769231,4.298783308303953E8,30ced9c7d057e7e43b0567566da7ce45d2003c205426928667a0a317ac567d0f,53bbbac6649909a9e39b19105f02788a5c8a18dd5d2730f6307e52e75c9322c4
NO_DISTRICT,GANGWON,,TRADITION_HISTORY,WATERFRONT,8,31,1.0,NATIONWIDE_TYPE_VENUE,31,1,1.0,1.0,0.780411515978537,0.6978813559322035,3.410223608863966E8,c0745607175cb18cadd7e1f4435374983eded73e4a37d3abefd288d57a8daaeb,c0745607175cb18cadd7e1f4435374983eded73e4a37d3abefd288d57a8daaeb,69,0.36323920548349004,SAME_REGION_TYPE,true,0.9,0.9500000000000001,1.0,50,6,4.653809272815725,0.20542237597699597,0.9068355810151539,0.7583333333333334,3.8031632195223445E8,b1af7a7f79939da6f6f4e74d7a68ac201a546a5986ab196547ab850b2ab0771d,a12b0ce5a63a9f48a7bb1fc857ae01e5eb107e1fd04f2440c904ea54558ba70e
NO_DISTRICT,GANGWON,,CULTURE_ART,WATERFRONT,45,90,1.0,NATIONWIDE_TYPE_VENUE,50,1,1.0,1.0,0.7593895712226477,0.6880434782608696,4.832568148891222E8,c348e29400ebe021db666e856fec31595170b0090866fe06d013a15bb05b35e1,b76edb99c2e9cda5bf67eb14f885f318f43e4f9b8ff454257a6670ec44d04135,227,0.28862571696595296,SAME_REGION_TYPE,true,0.8432432432432433,0.8932432432432433,1.0,50,6,4.8078573349666645,0.25996678810255525,0.9231361612538431,0.9230769230769231,4.1129836104033655E8,ab10e1a8be978dbd796777b0b41a0d088ed440ca3bfeaad89c613082bd100b00,e182358c63c9817c5bd9d5c887d520c0dae66e4774b4040e632318491df0db92
NO_DISTRICT,GANGWON,,NATURE_ECOLOGY,WATERFRONT,45,70,1.0,NATIONWIDE_TYPE_VENUE,50,1,1.0,1.0,0.7779757496046256,0.6880434782608696,1.9876557618937546E8,0a635fe7c95464734d67fcf3eb34fbe1decb151168419235fa06b370eaf0e0c0,f8b52e15444dcb73dd59e52775156b4c45027454fe4fd440a46c8ccd88fbd75a,158,0.3419214189987512,SAME_REGION_TYPE,true,0.8911764705882352,0.9411764705882353,1.0,50,7,4.151296453010346,0.0414921471448244,0.9241248012727176,0.9230769230769231,1.524880967669907E8,39806a678fe4a53a8361ea95521418d006841155741168f6a08f5d8181516171,23aa0e17f71c9cf4973d6a31ec4becd14185b57746245e9e4f8ec172c4ff1e7d
NO_DISTRICT,GANGWON,,TRADITION_HISTORY,WATERFRONT,3,31,1.0,NATIONWIDE_TYPE_VENUE,31,1,1.0,1.0,0.8193977544467728,0.6851694915254237,2.8223743420057493E8,c0745607175cb18cadd7e1f4435374983eded73e4a37d3abefd288d57a8daaeb,c0745607175cb18cadd7e1f4435374983eded73e4a37d3abefd288d57a8daaeb,86,0.30299644935653725,SAME_REGION_TYPE,true,0.9,0.9500000000000001,1.0,50,9,6.396845045682256,0.06277455798375225,0.9288817597218758,0.9230769230769231,4.203241941209368E8,6eead7d93acfb443f92b7dfa543f56655e4c4afd81121d92bcab37f1122e3063,f9e8a31879e2b6ec2838d50d971776e065d27cb3146faf80f52724eb2058371b
NO_DISTRICT,GANGWON,,LOCAL_SPECIALTY,VILLAGE,4,23,1.0,NATIONWIDE_TYPE_VENUE,23,1,1.0,1.0,0.8154371967821511,0.765,1.9808930770844352E8,3fbec895063fe63197622dd9e2f7c6edb414b8212fdbf14439a971c269a81dc0,3fbec895063fe63197622dd9e2f7c6edb414b8212fdbf14439a971c269a81dc0,187,0.13879671703603902,SAME_REGION_TYPE,true,0.9,0.9500000000000001,1.0,50,7,5.431695015165394,0.020882734877017223,0.9297988558102498,0.9230769230769231,1.8887232425189152E8,3fdc9199d8883afd0750416dd0ec67731bb8d57fe93250428a6aeff994064853,73af74b6d2b32d57a7c232d6c7e10a49aa2ff55ab9f36be542014dff911a91a8
NO_DISTRICT,GANGWON,,COMMUNITY,VILLAGE,5,75,0.2904143304361453,SAME_REGION_TYPE,50,9,8.043151615874775,0.10414004234412388,0.9065973219720934,0.84375,7.871733433221927E7,16ff403e4314717320a30369bc3b36d0c204cdbb8dc5b230289d64de7e9a03c7,c0152997fc2d62298f693c1754c2e2357106ac9681afdd9147c89eaf72ba60db,75,0.2904143304361453,SAME_REGION_TYPE,false,-Infinity,NaN,NaN,50,9,8.043151615874775,0.10414004234412388,0.9065973219720934,0.84375,7.871733433221927E7,16ff403e4314717320a30369bc3b36d0c204cdbb8dc5b230289d64de7e9a03c7,c0152997fc2d62298f693c1754c2e2357106ac9681afdd9147c89eaf72ba60db
NO_DISTRICT,GANGWON,,COMMUNITY,VILLAGE,9,75,0.27945476994185303,SAME_REGION_TYPE,50,9,7.910629338331027,0.09918834674446901,0.8981201755102765,0.825,8.532063722637081E7,16ff403e4314717320a30369bc3b36d0c204cdbb8dc5b230289d64de7e9a03c7,a5859663eccd1cfd1fb129964749d8cf433de690b1863bf122b8ec5435e9c75c,75,0.27945476994185303,SAME_REGION_TYPE,false,-Infinity,NaN,NaN,50,9,7.910629338331027,0.09918834674446901,0.8981201755102765,0.825,8.532063722637081E7,16ff403e4314717320a30369bc3b36d0c204cdbb8dc5b230289d64de7e9a03c7,a5859663eccd1cfd1fb129964749d8cf433de690b1863bf122b8ec5435e9c75c
NO_DISTRICT,GANGWON,,COMMUNITY,GREEN,2,41,1.0,NATIONWIDE_TYPE_VENUE,41,1,1.0,1.0,0.8136131362209161,0.6868421052631579,1.218619532099065E8,2e791c1fbe39f5acd2e443473c32520423f6131ee59cef2b016af5dfdade83f7,2e791c1fbe39f5acd2e443473c32520423f6131ee59cef2b016af5dfdade83f7,72,0.5020597739922277,GLOBAL_SIMILARITY,true,0.9,0.9500000000000001,1.0,50,7,4.8333764320251875,0.33913216405239954,0.8993368831673311,0.8250000000000001,6.230595081473168E7,9bd8fc161d064fda565b84ab0148a57e10f4f2805f8c26b1b212a70ecd948f60,4564b84b3f3fdbec1cd85299e668c89a28fe8a5135790f334715c9f2732a549b
NO_DISTRICT,GANGWON,,CULTURE_ART,GREEN,3,158,1.0,NATIONWIDE_TYPE_VENUE,50,1,1.0,1.0,0.8605266889633911,0.8250000000000001,3.1673119523293704E8,4214f3c3954d05a920f970ebc6a910e54d165aa212212417de62ae5be5a531b0,640d12e9fd9001d1c0b8d5f569a4a66d8cfd3dd0a87e826067843e02e193f5dc,323,0.4196701719209448,SAME_REGION_TYPE,true,0.9,0.9500000000000001,1.0,50,6,5.4821181861519745,0.16549068630097585,0.9331775503164503,0.9230769230769231,4.29952365666863E8,83f1bd1fa075105bf880e63c72e5a615ab4e06295a69e1a4562463fca7c53611,3695e837da848830527ceb0d376106ffac398e9f6297c116d28dc7ee9736ffd3
NO_DISTRICT,GANGWON,,CULTURE_ART,GREEN,2,158,1.0,NATIONWIDE_TYPE_VENUE,50,1,1.0,1.0,0.8544469846672235,0.8250000000000001,1.721031494599162E8,4214f3c3954d05a920f970ebc6a910e54d165aa212212417de62ae5be5a531b0,26844829f12e27895fbb58dded8e57b4c52c91a7a53103fb9d1b08027cb390e9,295,0.46216307839489623,SAME_REGION_TYPE,true,0.9,0.9500000000000001,1.0,50,7,5.3439453124328375,0.08366350120471372,0.9269183157247213,0.9230769230769231,3.4429748391368127E8,1daa8759b7c77e3cb1f88bd565e933bdce843d34cd49d2e49dc3288abc21c3e3,52cd82335647fccb6977a7e9cf02c261ee26bd87bf53b5a9dcb4ce83ab312ee8
NO_DISTRICT,GANGWON,,COMMUNITY,VILLAGE,2,75,0.29508229813286957,SAME_REGION_TYPE,50,9,7.593723812900348,0.1306929249993886,0.9109974727165453,0.8250000000000001,5.839186724567686E7,16ff403e4314717320a30369bc3b36d0c204cdbb8dc5b230289d64de7e9a03c7,befb4e1d3220e793dd22864b316c1a62cea2b2c81ada196f578641b11c2d3aa9,75,0.29508229813286957,SAME_REGION_TYPE,false,-Infinity,NaN,NaN,50,9,7.593723812900348,0.1306929249993886,0.9109974727165453,0.8250000000000001,5.839186724567686E7,16ff403e4314717320a30369bc3b36d0c204cdbb8dc5b230289d64de7e9a03c7,befb4e1d3220e793dd22864b316c1a62cea2b2c81ada196f578641b11c2d3aa9
NO_DISTRICT,GANGWON,,NATURE_ECOLOGY,WATERFRONT,9,70,1.0,NATIONWIDE_TYPE_VENUE,50,1,1.0,1.0,0.8190473669903723,0.7200000000000001,1.977691656780147E8,0a635fe7c95464734d67fcf3eb34fbe1decb151168419235fa06b370eaf0e0c0,fd01831e733486b7648cb5d6cbf95491133cb0e2929552fd005ee3af9bb7217c,176,0.3227138438095304,SAME_REGION_TYPE,true,0.9,0.9500000000000001,1.0,50,7,4.722551930862571,0.1446853866176693,0.9263628053797351,0.9230769230769231,1.725333293332703E8,ee4b9a0b261c527bbd57a6822e644368a74d55ece46cbdae75558affe0bcbb5d,e1618c23b7bff062ca14194deaad63eed0fc3f574c98b7bb1d040ef5ad4eb524
NO_DISTRICT,GANGWON,,COMMUNITY,OTHER,2,74,0.27506448991577603,SAME_REGION_TYPE,50,9,7.676874094666323,0.1050938648680652,0.9070616988920466,0.8203125000000001,6.076294460679661E7,6d196fadb811966d57d72847fc3cb0f3b3a4dd7d13dd6644b5b3195846d8e3b2,8bb32dbc3e0cacd97eabdd5eb433e6364e1351b0ee2e66fd0e81e110592472cb,74,0.27506448991577603,SAME_REGION_TYPE,false,-Infinity,NaN,NaN,50,9,7.676874094666323,0.1050938648680652,0.9070616988920466,0.8203125000000001,6.076294460679661E7,6d196fadb811966d57d72847fc3cb0f3b3a4dd7d13dd6644b5b3195846d8e3b2,8bb32dbc3e0cacd97eabdd5eb433e6364e1351b0ee2e66fd0e81e110592472cb
NO_DISTRICT,GANGWON,,NATURE_ECOLOGY,GREEN,9,88,1.0,NATIONWIDE_TYPE_VENUE,50,1,1.0,1.0,0.815576778750141,0.735,1.8682741169454634E8,dc459aca48974424d1e63cba2ca3e5c0d723e32a3a4724a75d28d13eea8c5f69,24ad15a3237b3e070a1ca99236c439e0cc5c8b265e7c4e845e38d618efe3f0c9,194,0.3688161149479756,SAME_REGION_TYPE,true,0.8911764705882352,0.9411764705882353,1.0,50,7,4.56808677790731,0.08260766335758707,0.9250660471379456,0.9230769230769231,1.7515840121954462E8,95370126e3d5578a3bdfb93cfcc3de9789e5c5fd4daf374cb11924ec3f875651,023be419b1455b420f269b0c061b2b84dd3a30838a937d95784216cf86a0eefd
NO_DISTRICT,GANGWON,,NATURE_ECOLOGY,INDEPENDENT,9,208,0.1739041233420682,SAME_REGION_TYPE,50,6,3.973875442860007,0.2796477094285518,0.9236712671161701,0.9230769230769231,1.7845352188601103E8,85228a2364cadd2b030ba4e0bb6020540e67f3b70c6d3ae7dc585d56d75a5ee7,3c4e41deb0c47d77e8d30eb48c6f712df44cf154bdb8bce30704cad0bcde9c40,208,0.1739041233420682,SAME_REGION_TYPE,false,-Infinity,NaN,NaN,50,6,3.973875442860007,0.2796477094285518,0.9236712671161701,0.9230769230769231,1.7845352188601103E8,85228a2364cadd2b030ba4e0bb6020540e67f3b70c6d3ae7dc585d56d75a5ee7,3c4e41deb0c47d77e8d30eb48c6f712df44cf154bdb8bce30704cad0bcde9c40
NO_DISTRICT,GANGWON,,LOCAL_SPECIALTY,GREEN,2,95,1.0,NATIONWIDE_TYPE_VENUE,50,1,1.0,1.0,0.8388087866440519,0.7875000000000001,1.2806930215903863E8,6f559ff7303a8c2962ebc48f630fcff4006b749cc57f1e138c456575624dd657,017a2dda928e924c49e6fef4c17808ab14959b22ec800aea79af8f205851859d,205,0.39310543226782035,SAME_REGION_TYPE,true,0.8911764705882352,0.9411764705882353,1.0,50,6,4.534150307449719,0.10264833646747512,0.9290479023182169,0.9230769230769231,1.11574675206481E8,b82c585ddc4573b8491d224e4f67b6afbd71109139de34700d5be26b7f3dc8d7,e89a0b7b2156b2402af2097ef08e436b5d24bba355c423f227f8c0d97ff19e36
NO_DISTRICT,GANGWON,,NATURE_ECOLOGY,GREEN,2,88,1.0,NATIONWIDE_TYPE_VENUE,50,1,1.0,1.0,0.8268226356496312,0.775,8.92091472506902E7,dc459aca48974424d1e63cba2ca3e5c0d723e32a3a4724a75d28d13eea8c5f69,f14ab224eeafec2801227f26b8025689a0c97bfd88bcb478ab3c806fd8a8bdc9,182,0.40048403117737996,SAME_REGION_TYPE,true,0.9,0.9500000000000001,1.0,50,8,4.815805394669085,0.0827955994083416,0.927414121539133,0.9230769230769231,1.059236423452568E8,1a6c221ffcfcfd5d501fe280c6f586de38d48d68df2187d3dcb3b57dec91113e,a50d971508f1c3ac6cbfffb2da963d59dd3870b9d64080e274645e91d164e83d
NO_DISTRICT,GANGWON,,TRADITION_HISTORY,GREEN,3,54,1.0,NATIONWIDE_TYPE_VENUE,50,1,1.0,1.0,0.8160826439550286,0.75,3.247800704902654E8,925fb91efbfb16db5e571b6b008cb99b6c0a3a167e39edb07bb4c1c2cafda7ae,15013135441599761863f195c6b7c25c44c6b8930cfb9f4e510c4f80f3a88a3e,109,0.42772750343723537,SAME_REGION_TYPE,true,0.9,0.9500000000000001,1.0,50,9,6.175443929320575,0.041898694030947814,0.9283245339052617,0.9230769230769231,4.2637991902917373E8,3b22f8079021398718a347a277ae921705a2d27d9db6b747bb82864b8a066508,06cc06db4ffc707c1303e3724ff8e7e0a6ae25c87b3f4c58c8be1090d30b58e7
NO_DISTRICT,GANGWON,,TRADITION_HISTORY,OTHER,3,22,1.0,NATIONWIDE_TYPE_VENUE,22,1,1.0,1.0,0.8091498209614468,0.7295454545454546,2.1338518945425683E8,3d535e023c473017fdda8ada497fd3aeb9dbae27b046a7bdeb89e40249781229,3d535e023c473017fdda8ada497fd3aeb9dbae27b046a7bdeb89e40249781229,77,0.23191671880312997,SAME_REGION_TYPE,true,0.9,0.9500000000000001,1.0,50,9,6.171892213896115,0.041527434715040355,0.9281346350391869,0.9230769230769231,3.912644912877078E8,bd4b1a00e1a734c35e8bebfb90376c54432fba4bba5c0bde7e962fbe74f0f82c,9cb031cdc39286a5b48a60a6b76e8186ed6969eb05d52d9aa3b4c4aab25a3eee
NO_DISTRICT,GANGWON,,NATURE_ECOLOGY,OTHER,17,28,1.0,NATIONWIDE_TYPE_VENUE,28,1,1.0,1.0,0.7715881673297066,0.6916666666666667,1.2401897192741702E8,bac84c25c579cb164a23d21f107620de9d5a19ddb2360cb94e2daef2a6ba747b,bac84c25c579cb164a23d21f107620de9d5a19ddb2360cb94e2daef2a6ba747b,122,0.2388191528059024,SAME_REGION_TYPE,true,0.8911764705882352,0.9411764705882353,1.0,50,7,4.653355841483401,0.04141851358466073,0.9249571769712035,0.9230769230769231,1.8562392352958405E8,b5bfc0032e2a10e7424cf83246aa69e7f6694d9d27476e89990acfa56704f928,40f0532389cb3afbb2983d2dcee6d4220cb64b12c5684e7e90ed1e1cf2f9b3f7
NO_DISTRICT,GANGWON,,NATURE_ECOLOGY,GREEN,7,88,1.0,NATIONWIDE_TYPE_VENUE,50,1,1.0,1.0,0.8081308475609259,0.75,1.6499860108618024E8,dc459aca48974424d1e63cba2ca3e5c0d723e32a3a4724a75d28d13eea8c5f69,3865d06064a0aff017b9327164f1fbecec7595d9dd98eb87904495b40a316d49,179,0.40450759320904595,SAME_REGION_TYPE,true,0.8911764705882352,0.9411764705882353,1.0,50,8,4.55336762207232,0.06215004565416649,0.9247947477691181,0.9230769230769231,1.602460066593458E8,e50c89496afca61e142bb14bd273476f143335282bb2431d8ad9b32403b1927b,cdb89b7a450454bc09a0662a1d3c7901804fa7e2cca69a23156df070eef1c337
NO_DISTRICT,GANGWON,,CULTURE_ART,OTHER,2,70,1.0,NATIONWIDE_TYPE_VENUE,50,1,1.0,1.0,0.8068619832829702,0.775,1.733664776772268E8,e2894551a9aade3371c9d134fd015763aa296c0fb24e8191f8fdd46932c4cd77,20527dbab40e147534db859712a80c94cbce05d38cc933563b1bcf00191f5cc8,207,0.2695751342543862,SAME_REGION_TYPE,true,0.8911764705882352,0.9411764705882353,1.0,50,7,5.130512065220958,0.02069738910195786,0.925228690868759,0.9230769230769231,3.937046369905269E8,3f3042124e1ab728259e9040869c8e5eaf9461e96d5c173ca228b1f511d4d84a,08b0c64b30975488f166d5eb70f227cff9db2a52acb558e4a0df9b5c3530260f
NO_DISTRICT,GANGWON,,LOCAL_SPECIALTY,UNDECIDED,2,218,0.13586541950778325,SAME_REGION_TYPE,50,5,4.01602600865394,0.23790209384044983,0.9272061594011339,0.9230769230769231,1.1006234026844077E8,1d045d3d02f22ff6f3b204d2b6755f093154e88e45690f16eab552784cb62711,46c47e52b5248cb7b469ba8b7a6ae629987750730a66363229cce8973000d358,218,0.13586541950778325,SAME_REGION_TYPE,false,-Infinity,NaN,NaN,50,5,4.01602600865394,0.23790209384044983,0.9272061594011339,0.9230769230769231,1.1006234026844077E8,1d045d3d02f22ff6f3b204d2b6755f093154e88e45690f16eab552784cb62711,46c47e52b5248cb7b469ba8b7a6ae629987750730a66363229cce8973000d358
NO_DISTRICT,GANGWON,,TRADITION_HISTORY,WATERFRONT,17,31,1.0,NATIONWIDE_TYPE_VENUE,31,1,1.0,1.0,0.7612116441851552,0.6916666666666667,3.4273810474112684E8,c0745607175cb18cadd7e1f4435374983eded73e4a37d3abefd288d57a8daaeb,c0745607175cb18cadd7e1f4435374983eded73e4a37d3abefd288d57a8daaeb,68,0.35741193018780215,SAME_REGION_TYPE,true,0.8833333333333333,0.9333333333333333,1.0,50,6,4.505465498965037,0.21510497258747702,0.9013777011092305,0.7207627118644069,3.6888263505673134E8,e0b15be5df8fe7643711942574f0bfb44070710ffb24f1265b2d1767ef0a7a69,d651d33f44cd7ad279a4c52373edbb03f2738188d3444fe61d0558c91cc01191
NO_DISTRICT,GANGWON,,LOCAL_SPECIALTY,OTHER,5,30,1.0,NATIONWIDE_TYPE_VENUE,30,1,1.0,1.0,0.7627869269417025,0.7040322580645162,1.4384977579433534E8,d7eb5f5a7795ed75ed648bbe71eacb81a6fe0bd8c57b502eb69efc2e8672ca56,d7eb5f5a7795ed75ed648bbe71eacb81a6fe0bd8c57b502eb69efc2e8672ca56,236,0.16322624970258107,SAME_REGION_TYPE,true,0.75,0.8,1.0,50,6,4.3454246296204,0.3380834235607711,0.9257397451645993,0.9230769230769231,1.8152270415029418E8,ba42506e17c44e656026b01eebeba92c28be283f4d48fd2db29bef32be2be71e,49d14f076bc462f4a594c051b87a6dcabc502b6b37bff0ca978d9c0464e0132b
NO_DISTRICT,GANGWON,,LOCAL_SPECIALTY,OTHER,3,30,1.0,NATIONWIDE_TYPE_VENUE,30,1,1.0,1.0,0.7903824468831018,0.6943548387096775,1.2815347755114101E8,d7eb5f5a7795ed75ed648bbe71eacb81a6fe0bd8c57b502eb69efc2e8672ca56,d7eb5f5a7795ed75ed648bbe71eacb81a6fe0bd8c57b502eb69efc2e8672ca56,225,0.14263474061156994,SAME_REGION_TYPE,true,0.775,0.8250000000000001,1.0,50,5,4.586346787226064,0.12088582846134036,0.9341193785613723,0.9230769230769231,1.3433064976238626E8,112a89fc3cc213d4958f22cded31a1002a638ee3d30f11324461bdcbeff144c0,1e811461a64998f0f444e620fe228b4d1b2112fc4837686d712245c9ba0b7394
NO_DISTRICT,GANGWON,,COMMUNITY,OTHER,3,74,0.2725859328886859,SAME_REGION_TYPE,50,9,7.697510523989347,0.03637510699207192,0.9139095722849268,0.8181818181818182,7.115677608899194E7,6d196fadb811966d57d72847fc3cb0f3b3a4dd7d13dd6644b5b3195846d8e3b2,0c0b8b82b2b5c8ad6ca71c329fd9e2df9d83cc50b80a231681914cd30a7ba0cf,74,0.2725859328886859,SAME_REGION_TYPE,false,-Infinity,NaN,NaN,50,9,7.697510523989347,0.03637510699207192,0.9139095722849268,0.8181818181818182,7.115677608899194E7,6d196fadb811966d57d72847fc3cb0f3b3a4dd7d13dd6644b5b3195846d8e3b2,0c0b8b82b2b5c8ad6ca71c329fd9e2df9d83cc50b80a231681914cd30a7ba0cf
NO_DISTRICT,GANGWON,,TRADITION_HISTORY,OTHER,2,22,1.0,NATIONWIDE_TYPE_VENUE,22,1,1.0,1.0,0.8057902188459742,0.7159090909090909,1.8537082358132285E8,3d535e023c473017fdda8ada497fd3aeb9dbae27b046a7bdeb89e40249781229,3d535e023c473017fdda8ada497fd3aeb9dbae27b046a7bdeb89e40249781229,61,0.29756978317407734,SAME_REGION_TYPE,true,0.8911764705882352,0.9411764705882353,1.0,50,8,4.877196929583976,0.1864364122617325,0.9080185027668676,0.7875000000000001,2.7411816229350734E8,60bd6a885c9e107188c17f7399c8aea95618a0aee3ce9c3ea12b1b27da443f72,f9ffc2c91ef3795ab7931a2340f137ef12dc5821f314fde454d2fd2af5bf692a
NO_DISTRICT,GANGWON,,TRADITION_HISTORY,WATERFRONT,2,31,1.0,NATIONWIDE_TYPE_VENUE,31,1,1.0,1.0,0.8151377414705275,0.6826271186440679,2.3953893449674484E8,c0745607175cb18cadd7e1f4435374983eded73e4a37d3abefd288d57a8daaeb,c0745607175cb18cadd7e1f4435374983eded73e4a37d3abefd288d57a8daaeb,70,0.37857603322216316,SAME_REGION_TYPE,true,0.9,0.9500000000000001,1.0,50,8,4.885695382411018,0.197766374700055,0.9130638018865486,0.8250000000000001,3.27298009553486E8,2844639c5a0a91c3771c480fe9fc77f56b5119557942240e0b812e395adf9334,ed7ec28bd57380c0acdcb1e000dd9af9853d87360c157f978034269b79a57001
NO_DISTRICT,GANGWON,,CULTURE_ART,WATERFRONT,120,90,1.0,NATIONWIDE_TYPE_VENUE,50,1,1.0,1.0,0.7402543849356514,0.6799586776859504,4.919133830903436E8,c348e29400ebe021db666e856fec31595170b0090866fe06d013a15bb05b35e1,b76edb99c2e9cda5bf67eb14f885f318f43e4f9b8ff454257a6670ec44d04135,226,0.28155808634900953,SAME_REGION_TYPE,true,0.8417355371900826,0.8917355371900827,1.0,50,6,4.715478134025256,0.25987112396152084,0.9233099342240119,0.9230769230769231,4.1642434905454355E8,8d049d41af98566f7b1cd009ce3031cefbb7bb300089facd74c3ef8254cd894d,3a923f05879e39141cae0d350acd2e2846670ca35e09988fc30908c6d629ceb1
NO_DISTRICT,GANGWON,,NATURE_ECOLOGY,VILLAGE,16,198,0.15706945033716124,SAME_REGION_TYPE,50,6,4.37886399278132,0.1995188379658592,0.9242093071816861,0.9230769230769231,1.9084003531800514E8,4938e5a5396f04ab3fc87805e930e1940a92cf0570efe9827c8840bebd2c6a04,915eb4a66a116f98e23d565ed2a72898b30b183f3b91e7d47345807f46279266,198,0.15706945033716124,SAME_REGION_TYPE,false,-Infinity,NaN,NaN,50,6,4.37886399278132,0.1995188379658592,0.9242093071816861,0.9230769230769231,1.9084003531800514E8,4938e5a5396f04ab3fc87805e930e1940a92cf0570efe9827c8840bebd2c6a04,915eb4a66a116f98e23d565ed2a72898b30b183f3b91e7d47345807f46279266
NO_DISTRICT,GANGWON,,CULTURE_ART,VILLAGE,10,39,1.0,NATIONWIDE_TYPE_VENUE,39,1,1.0,1.0,0.7583936676247166,0.6996268656716418,2.10586387213959E8,35666bd283d687af38fec7347887732ca0983e78f887177a0dbce730a02f799c,35666bd283d687af38fec7347887732ca0983e78f887177a0dbce730a02f799c,189,0.21589445983314018,SAME_REGION_TYPE,true,0.8911764705882352,0.9411764705882353,1.0,50,7,4.326842355467412,0.02063270386984117,0.9266982995661461,0.9230769230769231,4.19966386470378E8,424191c9d315249a7523dd810e5e56bd3ee508bad6bb7d5b337af96293ff1d1d,8e7d60ee2b903d8ae503cde0fc3bbbd18af074ece3b2928f532d5c895a7b0af9
NO_DISTRICT,GANGWON,,TRADITION_HISTORY,VILLAGE,3,91,0.24672250828127626,SAME_REGION_TYPE,50,8,5.61096469932224,0.23790209384044983,0.9272061594011339,0.9230769230769231,4.162988388618344E8,b28ff2e5a7caabc540d31aedcbc5dd328c5733882e5f976fef921fc31fab18ed,e08e7f818706d87fc784c2323e79d1064ad9b0478ee6882f455afb460dd3df6b,91,0.24672250828127626,SAME_REGION_TYPE,false,-Infinity,NaN,NaN,50,8,5.61096469932224,0.23790209384044983,0.9272061594011339,0.9230769230769231,4.162988388618344E8,b28ff2e5a7caabc540d31aedcbc5dd328c5733882e5f976fef921fc31fab18ed,e08e7f818706d87fc784c2323e79d1064ad9b0478ee6882f455afb460dd3df6b
NO_DISTRICT,GANGWON,,NATURE_ECOLOGY,WATERFRONT,10,70,1.0,NATIONWIDE_TYPE_VENUE,50,1,1.0,1.0,0.8177875489669586,0.7159090909090909,2.0091048738806188E8,0a635fe7c95464734d67fcf3eb34fbe1decb151168419235fa06b370eaf0e0c0,fd01831e733486b7648cb5d6cbf95491133cb0e2929552fd005ee3af9bb7217c,174,0.3243740907726096,SAME_REGION_TYPE,true,0.9,0.9500000000000001,1.0,50,7,6.073127201620368,0.1439381545276487,0.9307229960735083,0.9230769230769231,1.918644040634572E8,88f3987dab12e69001be3872d33f1ed57fe4d5d68fa74d569369975686af631d,fe0a9e9fd3262c3d295c9db694648f137635747f1eb5df3c876737f6e747836c
NO_DISTRICT,GANGWON,,LOCAL_SPECIALTY,WATERFRONT,32,71,1.0,NATIONWIDE_TYPE_VENUE,50,1,1.0,1.0,0.7534912324423494,0.6931818181818182,2.0889699173535818E8,423ef67fb8d8ce3b4c72bcaeeff7f273fce5f5c7748615ef99cbb399498ea8e6,98783224960c0bd0086f31d7aa86cc1772dd2f5844134563845d7cb3e07b2e6b,168,0.3133811700025294,SAME_REGION_TYPE,true,0.8954545454545455,0.9454545454545455,1.0,50,7,3.49335272929017,0.04169397483318126,0.9239826324919763,0.9230769230769231,1.6201873646640322E8,25ed93a3d08813f9ed385b7d279c898c45f111120703cbfd61d137163b1f6af8,3d94c2ef88e9614a55fad54ac85e5f3af16346c280283599d74d14dc6507feda
NO_DISTRICT,GANGWON,,NATURE_ECOLOGY,WATERFRONT,3,70,1.0,NATIONWIDE_TYPE_VENUE,50,1,1.0,1.0,0.8320965615490443,0.7875000000000001,1.257214754796153E8,0a635fe7c95464734d67fcf3eb34fbe1decb151168419235fa06b370eaf0e0c0,ffeb0144dc0f7583d951a98e22e8303e5d1301c74a7442d49aaf0e1fd9f29c48,174,0.33904405344279975,SAME_REGION_TYPE,true,0.9,0.9500000000000001,1.0,50,7,4.807866978799197,0.06235942060415506,0.9261649655897635,0.9230769230769231,1.4443469358546585E8,7ed921c4dc1679c5a1bc7c0cb4ec9454803ef1140682024bfca91d5886b201e5,d326787a725e6dd1c0ca82ebf1e5c1e8e965e77038126d2261ece6c7056a7f34
NO_DISTRICT,GANGWON,,TRADITION_HISTORY,GREEN,2,54,1.0,NATIONWIDE_TYPE_VENUE,50,1,1.0,1.0,0.8102035550062366,0.75,2.5103488206804535E8,925fb91efbfb16db5e571b6b008cb99b6c0a3a167e39edb07bb4c1c2cafda7ae,629b0d4dc3b42373f864c89399bdd4c8d07d01fb74c9a354eae111ad6bfab652,93,0.5095249909266002,GLOBAL_SIMILARITY,true,0.9,0.9500000000000001,1.0,50,8,4.886420551374415,0.19984374628356644,0.9142296940419716,0.8250000000000001,2.898051912568515E8,baeaaef6b684aae98597d7f437a22f7f6989620447a6564851bc77bb11f54801,5fda5fde3ccdfb55652222223e78af0c787dd698217bb9297d362baac07021ce
NO_DISTRICT,GANGWON,,NATURE_ECOLOGY,WATERFRONT,2,70,1.0,NATIONWIDE_TYPE_VENUE,50,1,1.0,1.0,0.8317395685872339,0.7875000000000001,9.361933175637709E7,0a635fe7c95464734d67fcf3eb34fbe1decb151168419235fa06b370eaf0e0c0,50e314f5f84071eb8dcdf29ca5a98f453d1e03303a6131d53b6858394f9db88b,164,0.35868899479473787,SAME_REGION_TYPE,true,0.9,0.9500000000000001,1.0,50,8,4.818049480447828,0.08315142456719075,0.9276045943616666,0.9230769230769231,9.956192669125283E7,dac61251210e05489710cd24dca87989a62c93fa36d0fd9dddd29a96dec65b1a,08dcdb0906123ddfb4e9133f2c3ccfd1f431ef171a6a6c283f862ddeef113206
NO_DISTRICT,GANGWON,,COMMUNITY,WATERFRONT,2,29,1.0,NATIONWIDE_TYPE_VENUE,29,1,1.0,1.0,0.8058541048870429,0.7200000000000001,1.3699270965011656E8,d79174673ff7f3466f21cd9adef13feaf0fb2e943028627027b036405e0d7d39,d79174673ff7f3466f21cd9adef13feaf0fb2e943028627027b036405e0d7d39,72,0.3423731386010987,SAME_REGION_TYPE,true,0.8625,0.9125000000000001,1.0,50,9,7.585013346561103,0.12018438504362908,0.9062867204255076,0.8250000000000001,6.578469626393212E7,9f4426c5ba00f986b6f54b888868f5d714dd94e2591e7dc34508ef048df54f28,e2b208931c8d3c4c08bf282dd22b811eb7539d892a4759436685bd12096aa3a2
NO_DISTRICT,GANGWON,,TRADITION_HISTORY,INDEPENDENT,4,38,1.0,NATIONWIDE_TYPE_VENUE,38,1,1.0,1.0,0.7934029154609826,0.7166666666666667,3.4782671866443545E8,8674a18a77fd59101747b5bfbca30d4351075de073f6e1726ea05249ad86bedb,8674a18a77fd59101747b5bfbca30d4351075de073f6e1726ea05249ad86bedb,94,0.33394452764481997,SAME_REGION_TYPE,true,0.9,0.9500000000000001,1.0,50,9,5.720998908250886,0.0411512887507605,0.9221146200476574,0.9,4.329894312194773E8,54a347b19db6f23d9dc9d283438b257ffa4737eae145334a9c2feefe0dd8ee77,508a4e4ed54f748d1b7b504e2ea447cf10d7366b3d21a13dda072a122b57b027
NO_DISTRICT,GANGWON,,NATURE_ECOLOGY,GREEN,24,88,1.0,NATIONWIDE_TYPE_VENUE,50,1,1.0,1.0,0.7810686545650257,0.6990000000000001,2.0764073642869326E8,dc459aca48974424d1e63cba2ca3e5c0d723e32a3a4724a75d28d13eea8c5f69,9b186f07250bddce7c32e2a4b23020374e1c84c3f30d34c58c9a262ac6f34862,180,0.38121189902981745,SAME_REGION_TYPE,true,0.8911764705882352,0.9411764705882353,1.0,50,8,4.796760824550331,0.062131555205082345,0.9249296899781277,0.9230769230769231,1.713043051663007E8,9603c735af08f30e83c3ae68a053b0bba0759aa4bc75614ba5b5c8d3e808c86b,a6c95b3c2f0c0dda8de8a1e7bc3eb796554da8705e797e96b3cdadb7d7bbb8f1
NO_DISTRICT,GANGWON,,NATURE_ECOLOGY,GREEN,23,88,1.0,NATIONWIDE_TYPE_VENUE,50,1,1.0,1.0,0.7828416314424214,0.7000000000000001,2.0727424640535417E8,dc459aca48974424d1e63cba2ca3e5c0d723e32a3a4724a75d28d13eea8c5f69,9b186f07250bddce7c32e2a4b23020374e1c84c3f30d34c58c9a262ac6f34862,180,0.3821776622521137,SAME_REGION_TYPE,true,0.8911764705882352,0.9411764705882353,1.0,50,8,4.793984731633651,0.06217041061993372,0.9246388280099874,0.9230769230769231,1.708911377198226E8,9603c735af08f30e83c3ae68a053b0bba0759aa4bc75614ba5b5c8d3e808c86b,a6c95b3c2f0c0dda8de8a1e7bc3eb796554da8705e797e96b3cdadb7d7bbb8f1
NO_DISTRICT,GANGWON,,NATURE_ECOLOGY,GREEN,4,88,1.0,NATIONWIDE_TYPE_VENUE,50,1,1.0,1.0,0.8196530405569276,0.765,1.3917523221078333E8,dc459aca48974424d1e63cba2ca3e5c0d723e32a3a4724a75d28d13eea8c5f69,334fa08a5c0dd7e91e2dd998c8bc2a437c2ecc2f79ec379cf8a12b7851197a02,198,0.36505019892727253,SAME_REGION_TYPE,true,0.9,0.9500000000000001,1.0,50,7,5.5889677286916815,0.12417426563789848,0.9296916232482891,0.9230769230769231,1.933744000082238E8,5c455aef43cdf4d14a075581442b90c292e1d444f79fceb0c9b4db4aabd61659,f5cc449559b10d5a1aaba9e21c75ee91635386d3076ad8f871087b764584734f
NO_DISTRICT,GANGWON,,NATURE_ECOLOGY,WATERFRONT,23,70,1.0,NATIONWIDE_TYPE_VENUE,50,1,1.0,1.0,0.7888994494028259,0.7000000000000001,2.0100797318860826E8,0a635fe7c95464734d67fcf3eb34fbe1decb151168419235fa06b370eaf0e0c0,f8b52e15444dcb73dd59e52775156b4c45027454fe4fd440a46c8ccd88fbd75a,162,0.3379827458073123,SAME_REGION_TYPE,true,0.9,0.9500000000000001,1.0,50,8,4.796608777953673,0.06253638372727208,0.9248315075976511,0.9230769230769231,1.7101532730377775E8,e3d628c9e50abd996ecd9729d92ff12a10e11534c9454ddc8e55127987bf8deb,1e13048713a88b035b361a2b05336d8a80f82cbb9333211e33a511dc4efbbbbd
NO_DISTRICT,GANGWON,,LOCAL_SPECIALTY,GREEN,4,95,1.0,NATIONWIDE_TYPE_VENUE,50,1,1.0,1.0,0.8404233371328622,0.795,3.499204660370442E8,6f559ff7303a8c2962ebc48f630fcff4006b749cc57f1e138c456575624dd657,3db8574b22e651db2cc9f021ad6dc69cdc6ef9faeedbbf5c9fef45cf0987e919,259,0.30766828486563635,SAME_REGION_TYPE,true,0.9,0.9500000000000001,1.0,50,6,5.527843973778404,0.14259556411355645,0.9316576243752737,0.9230769230769231,2.1935200415806824E8,d8a752b415d4cf7d3ea03dcfb1ad1dcd211235f66d06490162c35c1d6d42f1f5,e8f27038bf198002b9dcfd80a3978189b2a87c218fed3df0db3bb808a68142b8
NO_DISTRICT,GANGWON,,COMMUNITY,INDEPENDENT,2,21,1.0,NATIONWIDE_TYPE_VENUE,21,1,1.0,1.0,0.8236710309764981,0.7392857142857143,1.472533733577821E8,eedf7791ca3d1393402cd8cd68579a82dd4c14bb23bf3bca6d0ba4c78b4feceb,eedf7791ca3d1393402cd8cd68579a82dd4c14bb23bf3bca6d0ba4c78b4feceb,52,0.34664378272345026,SAME_REGION_TYPE,true,0.9,0.9500000000000001,1.0,50,7,4.9369485069528665,0.3279050845597369,0.893805066776507,0.775,6.391640579241143E7,e5b00782e36aee3c50c4cebb98921a208963af192afd48c09a19508f5a51cceb,1f3b53554b909b90e524ce830d374ec1ddfd1436c5262afcbb174038fdab2093
NO_DISTRICT,GANGWON,,NATURE_ECOLOGY,VILLAGE,2,198,0.15729483948842857,SAME_REGION_TYPE,50,7,4.586344101110329,0.1392108214661998,0.9257397451645993,0.9230769230769231,1.2264205940891929E8,4938e5a5396f04ab3fc87805e930e1940a92cf0570efe9827c8840bebd2c6a04,fbddc14194ae8ca1f0fde5174e67556a4db67ab691166d342d05d67563322f94,198,0.15729483948842857,SAME_REGION_TYPE,false,-Infinity,NaN,NaN,50,7,4.586344101110329,0.1392108214661998,0.9257397451645993,0.9230769230769231,1.2264205940891929E8,4938e5a5396f04ab3fc87805e930e1940a92cf0570efe9827c8840bebd2c6a04,fbddc14194ae8ca1f0fde5174e67556a4db67ab691166d342d05d67563322f94
NO_DISTRICT,GANGWON,,NATURE_ECOLOGY,VILLAGE,9,198,0.1537174819944974,SAME_REGION_TYPE,50,7,4.1491384919685155,0.02054211064435713,0.9239438602226301,0.9230769230769231,1.8082148585021412E8,4938e5a5396f04ab3fc87805e930e1940a92cf0570efe9827c8840bebd2c6a04,fc4ad588d200e734c4618e78d1c29bc264d473c12de4c9c20314bf3e7e363f5b,198,0.1537174819944974,SAME_REGION_TYPE,false,-Infinity,NaN,NaN,50,7,4.1491384919685155,0.02054211064435713,0.9239438602226301,0.9230769230769231,1.8082148585021412E8,4938e5a5396f04ab3fc87805e930e1940a92cf0570efe9827c8840bebd2c6a04,fc4ad588d200e734c4618e78d1c29bc264d473c12de4c9c20314bf3e7e363f5b
NO_DISTRICT,GANGWON,,LOCAL_SPECIALTY,WATERFRONT,3,71,1.0,NATIONWIDE_TYPE_VENUE,50,1,1.0,1.0,0.824129342295991,0.7875000000000001,1.6596588353031224E8,423ef67fb8d8ce3b4c72bcaeeff7f273fce5f5c7748615ef99cbb399498ea8e6,52fb8abba5c2fdd5e01a6babea126d1a2842cf361bb07ca805e1a5f3b92434cf,226,0.25643070311664945,SAME_REGION_TYPE,true,0.9,0.9500000000000001,1.0,50,6,5.222769794017366,0.061493211101157685,0.9355623790235421,0.9230769230769231,1.3206127003650461E8,48ffda3a86717e155e340e2a2caf18d8f641e7c5cb7c92cc25630aea50678b10,67cc654909f7c4afdbcb38863668357f3a6538d81dec18c6c386be2dd830849a
NO_DISTRICT,CHUNGBUK,,LOCAL_SPECIALTY,UNDECIDED,3,136,0.1777537607575081,SAME_REGION_TYPE,50,7,6.402323012959704,0.1779820588831702,0.9283727149290678,0.9230769230769231,3.087873113284917E8,1bb470478228cb3047e6dbaacdc8317e9fea8027f7ba61ad3e4c9c3e12dfd715,dea46fbec498e06ce66b831ecaa382f6465b3d39db442682e1d656bc3ee96bde,136,0.1777537607575081,SAME_REGION_TYPE,false,-Infinity,NaN,NaN,50,7,6.402323012959704,0.1779820588831702,0.9283727149290678,0.9230769230769231,3.087873113284917E8,1bb470478228cb3047e6dbaacdc8317e9fea8027f7ba61ad3e4c9c3e12dfd715,dea46fbec498e06ce66b831ecaa382f6465b3d39db442682e1d656bc3ee96bde
NO_DISTRICT,CHUNGBUK,,LOCAL_SPECIALTY,VILLAGE,2,23,1.0,NATIONWIDE_TYPE_VENUE,23,1,1.0,1.0,0.8125186824442135,0.7159090909090909,1.2188321183841112E8,3fbec895063fe63197622dd9e2f7c6edb414b8212fdbf14439a971c269a81dc0,3fbec895063fe63197622dd9e2f7c6edb414b8212fdbf14439a971c269a81dc0,76,0.24947929370918978,SAME_REGION_TYPE,true,0.9,0.9500000000000001,1.0,50,9,5.757522090946354,0.021079065628583683,0.9254208981628969,0.9230769230769231,2.700455670149812E8,b70fc0b3e72f928c4e490180cdf4dd21d9e4afc59a31be5cd2a1e94e0c4df93f,7de33e3dadea3303094c5927cc61e6912dee63879805da441cd03bf861ac4e6e
NO_DISTRICT,CHUNGBUK,,COMMUNITY,GREEN,3,41,1.0,NATIONWIDE_TYPE_VENUE,41,1,1.0,1.0,0.7868931244337506,0.6907894736842106,1.4775965363626945E8,2e791c1fbe39f5acd2e443473c32520423f6131ee59cef2b016af5dfdade83f7,2e791c1fbe39f5acd2e443473c32520423f6131ee59cef2b016af5dfdade83f7,120,0.3467176241472531,NATIONWIDE_TYPE,true,0.775,0.8250000000000001,1.0,50,8,2.172318631887656,0.6648029350654373,0.8363937019916712,0.78125,1.7806450429569066E8,0f6aae85caddd36c5c2ee81777c2a4647b742f98f068351102527c8e983e1dd4,fa04f1984c1fbd5ba267f1a9c7b385bfd14bf082ee0faba8a36d340bf03c3be1
NO_DISTRICT,CHUNGBUK,,LOCAL_SPECIALTY,GREEN,2,95,1.0,NATIONWIDE_TYPE_VENUE,50,1,1.0,1.0,0.841594136416838,0.7875000000000001,1.4343725975481427E8,6f559ff7303a8c2962ebc48f630fcff4006b749cc57f1e138c456575624dd657,ef77889481cae85b271d70d5ba34257dc746e06bf624b67fcfbb7aab27546e71,148,0.5760947295442957,GLOBAL_SIMILARITY,true,0.9,0.9500000000000001,1.0,50,9,5.987001782710034,0.06272414262081015,0.9263564315691053,0.9230769230769231,2.5100416886211783E8,61dc6a36f7e165e2818593be20fc0ac337678d30cd14cca6997ca1b9a6434924,170b2d8406aee7fc78845f125e62794097c3fce91003163769c9585a6653ad07
NO_DISTRICT,CHUNGBUK,,COMMUNITY,INDEPENDENT,3,21,1.0,NATIONWIDE_TYPE_VENUE,21,1,1.0,1.0,0.7987073687990444,0.75,1.6796929498246437E8,eedf7791ca3d1393402cd8cd68579a82dd4c14bb23bf3bca6d0ba4c78b4feceb,eedf7791ca3d1393402cd8cd68579a82dd4c14bb23bf3bca6d0ba4c78b4feceb,32,0.5823941067592671,GLOBAL_SIMILARITY,true,0.9,0.9500000000000001,1.0,32,8,2.7288794585345046,0.5823941067592673,0.8539764260061733,0.75,2.0967174581589553E8,68156a753795bccb6540a9d9f1108946e963dd3474f14e3f089a3a8b89fa5f50,68156a753795bccb6540a9d9f1108946e963dd3474f14e3f089a3a8b89fa5f50
NO_DISTRICT,CHUNGBUK,,COMMUNITY,VILLAGE,3,30,0.524434300809723,SAME_REGION_TYPE,30,8,3.2314246696303335,0.5244343008097229,0.8599810330901922,0.6907894736842106,1.4027754530057898E8,1bcd432edacd24acfac332e335f7fe81d40ba74221956ab6a744ad8a86e97d97,1bcd432edacd24acfac332e335f7fe81d40ba74221956ab6a744ad8a86e97d97,30,0.524434300809723,GLOBAL_SIMILARITY,true,0.8875000000000001,0.9375000000000001,0.524434300809723,30,8,3.2314246696303335,0.5244343008097229,0.8599810330901922,0.6907894736842106,1.4027754530057898E8,1bcd432edacd24acfac332e335f7fe81d40ba74221956ab6a744ad8a86e97d97,1bcd432edacd24acfac332e335f7fe81d40ba74221956ab6a744ad8a86e97d97
NO_DISTRICT,CHUNGBUK,,CULTURE_ART,INDEPENDENT,4,76,1.0,NATIONWIDE_TYPE_VENUE,50,1,1.0,1.0,0.8095340586104465,0.765,4.2155509426550525E8,8d3227fce5057e121afb1463f7003206e6d03aae5ceffb834860623ae7d9b164,967ba8409cae4fb6f259f18c8df7a6912d206dc0966acb8ab2a766e156ce1996,138,0.47302485689997176,SAME_REGION_TYPE,true,0.9,0.9500000000000001,1.0,50,9,7.954592375570641,0.061521227926822866,0.9285296194777657,0.9062500000000001,4.895904079823354E8,641dfee58fd526c776a9464cb3bdad50d7412afa14987ea0fb8978dc44baf65a,5475cdc3ffa90a04153fc23ea92f1f3a435150144af5ccb6ee7a9d0cbf831505
NO_DISTRICT,CHUNGBUK,,NATURE_ECOLOGY,GREEN,4,88,1.0,NATIONWIDE_TYPE_VENUE,50,1,1.0,1.0,0.7998352699164066,0.765,1.382890756971579E8,dc459aca48974424d1e63cba2ca3e5c0d723e32a3a4724a75d28d13eea8c5f69,4bbc9af93eb43df33b9c90da5638903f98a09f4d76393e0728e6c4d75c1100e3,111,0.7322571715408118,GLOBAL_SIMILARITY,true,0.87,0.92,1.0,50,8,3.527110391011967,0.48379258880870124,0.86733082248334,0.795,1.386805915959555E8,02d65c6da94186d300ef8e96c02ccdbd7afd3c0eab1a431b41747ece55c88925,b00708bd1d796cb33f9903c1234f599c4a5c52d767333b69835f22488157a077
NO_DISTRICT,CHUNGBUK,,LOCAL_SPECIALTY,GREEN,10,95,1.0,NATIONWIDE_TYPE_VENUE,50,1,1.0,1.0,0.8108567915027207,0.7295454545454546,4.067990750031686E8,6f559ff7303a8c2962ebc48f630fcff4006b749cc57f1e138c456575624dd657,a961fc20ebe28545b3a2b0bc4a777a5ce93478592ab4e76e7692af28ab33f32f,151,0.5379103115566777,GLOBAL_SIMILARITY,true,0.9,0.9500000000000001,1.0,50,9,6.240301004891666,0.08301057145105768,0.9272114249746095,0.9230769230769231,4.5133617428314954E8,0ee8221eb707491f741c583b2c83cc6aa124d0568623b703d263649db471012b,22e8c471606d6198595fcc8f80ce659298b8c47defc5e1291593b8c789eea554
NO_DISTRICT,CHUNGBUK,,TRADITION_HISTORY,VILLAGE,3,80,0.2045474465720692,SAME_REGION_TYPE,50,8,7.431569204889168,0.16020167967804186,0.9229111148976313,0.8906250000000001,2.570059462397367E8,82c648862ddf62d6dcd94c24f3ce526b1c3c1a36bc25ebee297d26aa0aa13509,b2ca1c38dc0cf9eb39c78773cdab637475b86eecb2a7160ac1a60af6b348dc54,80,0.2045474465720692,SAME_REGION_TYPE,false,-Infinity,NaN,NaN,50,8,7.431569204889168,0.16020167967804186,0.9229111148976313,0.8906250000000001,2.570059462397367E8,82c648862ddf62d6dcd94c24f3ce526b1c3c1a36bc25ebee297d26aa0aa13509,b2ca1c38dc0cf9eb39c78773cdab637475b86eecb2a7160ac1a60af6b348dc54
NO_DISTRICT,CHUNGBUK,,TRADITION_HISTORY,OTHER,3,22,1.0,NATIONWIDE_TYPE_VENUE,22,1,1.0,1.0,0.7914598826298077,0.7295454545454546,2.2112430983846116E8,3d535e023c473017fdda8ada497fd3aeb9dbae27b046a7bdeb89e40249781229,3d535e023c473017fdda8ada497fd3aeb9dbae27b046a7bdeb89e40249781229,84,0.2398394406700852,SAME_REGION_TYPE,true,0.775,0.8250000000000001,1.0,50,8,7.431569204889168,0.16020167967804186,0.9229111148976313,0.8906250000000001,2.570059462397367E8,bd8cae43f54de503da3ad6a170d74742956c465d776311fb33d100207cc699e9,b2ca1c38dc0cf9eb39c78773cdab637475b86eecb2a7160ac1a60af6b348dc54
NO_DISTRICT,CHUNGBUK,,CULTURE_ART,OTHER,21,70,1.0,NATIONWIDE_TYPE_VENUE,50,1,1.0,1.0,0.7493043724915212,0.6954545454545455,2.84641372120794E8,e2894551a9aade3371c9d134fd015763aa296c0fb24e8191f8fdd46932c4cd77,fb16f453a23ff69796a9c352fd47ea3a05880db3295983ead8d74f17f8907693,156,0.40946750684662875,SAME_REGION_TYPE,true,0.7477272727272727,0.7977272727272727,1.0,50,9,7.599028924016859,0.06469815842538,0.8889757743560265,0.7941176470588235,6.335106626053909E8,a08eab564d5aec0c23629dcb66fe6ef483278a4c6547acd3108408bcc1b9b4f5,685890ca483e39b8aef137d6f39d710fa910e0c684bf5293b3699c131c5c2c36
NO_DISTRICT,CHUNGBUK,,CULTURE_ART,OTHER,2,70,1.0,NATIONWIDE_TYPE_VENUE,50,1,1.0,1.0,0.8029156704508117,0.775,1.717622194838368E8,e2894551a9aade3371c9d134fd015763aa296c0fb24e8191f8fdd46932c4cd77,20527dbab40e147534db859712a80c94cbce05d38cc933563b1bcf00191f5cc8,150,0.414822296231402,SAME_REGION_TYPE,true,0.775,0.8250000000000001,1.0,50,8,7.160699838921078,0.16139995348570363,0.9195259989993269,0.8625,3.1915756404671186E8,7edfb743fea07bc3f52babd843f73c4c78d5eb579a49211ce86feb6ef2565199,ae2d692861cea34f1ebd804da2574562b72a82a7d1960a722ca7da69b1df734d
NO_DISTRICT,CHUNGBUK,,CULTURE_ART,INDEPENDENT,3,76,1.0,NATIONWIDE_TYPE_VENUE,50,1,1.0,1.0,0.8168686814551761,0.7875000000000001,3.110577784398863E8,8d3227fce5057e121afb1463f7003206e6d03aae5ceffb834860623ae7d9b164,a3e13c51bdf3127fd6cc189340ee3ed5abaabc9c18564b023ce3fea5ae3d180a,131,0.5092066405818713,GLOBAL_SIMILARITY,true,0.9,0.9500000000000001,1.0,50,9,7.2742835440086555,0.06099758453799535,0.9226924075425201,0.9,4.199139256665796E8,d4862e9dc5ccf947b259f175944123c06f29092218182015f2c0f884f9e53a07,1e77ac755d3560fcb549c4f0eb8121fb8cde7f4775b60d4ec46fe0f7f0d895a7
NO_DISTRICT,CHUNGBUK,,CULTURE_ART,GREEN,2,158,1.0,NATIONWIDE_TYPE_VENUE,50,1,1.0,1.0,0.8354985466191831,0.8250000000000001,1.769361232053075E8,4214f3c3954d05a920f970ebc6a910e54d165aa212212417de62ae5be5a531b0,b58872c9f0033c767d381a736de000a4627216dfa4ff8702f36f404f379677b6,198,0.7403729517556783,GLOBAL_SIMILARITY,true,0.9,0.9500000000000001,1.0,50,9,7.257378511422792,0.180290353866083,0.9171328256358732,0.8250000000000001,3.0369886882700354E8,8d2d7bc6d8e786a8ddfa561acebe44269e57d4e12b628a9abffdba2f2c496d69,efafb68474fb11caa1442b5af485545269903f9cfc4735a16a879d7c7980cd60
NO_DISTRICT,CHUNGBUK,,CULTURE_ART,INDEPENDENT,2,76,1.0,NATIONWIDE_TYPE_VENUE,50,1,1.0,1.0,0.8160046294639629,0.7875000000000001,2.2239061419521126E8,8d3227fce5057e121afb1463f7003206e6d03aae5ceffb834860623ae7d9b164,7f178cc89dd5e144dea731eaa204970b43b219b44dfc8b32879ad996647540ce,141,0.4715806100367008,SAME_REGION_TYPE,true,0.8625,0.9125000000000001,1.0,50,9,7.258074246383916,0.01967395682013368,0.9203901144496748,0.8906250000000001,3.197211168262323E8,0822f0afb8f873c1b89125448923e9d320f3e85e054a90f14350f1487d6d5e55,2cc4673f7cf362871eb80c3c55473cbc299fdd35a06443ac45a2d2e0bc1aa710
NO_DISTRICT,CHUNGBUK,,CULTURE_ART,GREEN,5,158,1.0,NATIONWIDE_TYPE_VENUE,50,1,1.0,1.0,0.8103355594429236,0.775,3.725150969422997E8,4214f3c3954d05a920f970ebc6a910e54d165aa212212417de62ae5be5a531b0,6a34a8070ff4a4d9ddb5ad406074b36e5d2abbd4e071cb36a8080a8bddccb96a,213,0.668202321365487,GLOBAL_SIMILARITY,true,0.9,0.9500000000000001,1.0,50,9,7.897329527705931,0.06311366199895516,0.9235999607969151,0.9062500000000001,5.2835030960468346E8,65c3f64eea72e9998116973d48883fa747a58a7096e412fc3ecf1c97b16f0dcc,ed4df7bf2bf26c03dbe420e415fc03c4e6752c51bb1b8fd0da250cce7d7f8dc2
NO_DISTRICT,CHUNGBUK,,TRADITION_HISTORY,WATERFRONT,2,31,1.0,NATIONWIDE_TYPE_VENUE,31,1,1.0,1.0,0.7958805327889957,0.7014705882352942,2.2660386734068152E8,c0745607175cb18cadd7e1f4435374983eded73e4a37d3abefd288d57a8daaeb,c0745607175cb18cadd7e1f4435374983eded73e4a37d3abefd288d57a8daaeb,64,0.40595777176954495,SAME_REGION_TYPE,true,0.9,0.9500000000000001,1.0,50,9,6.222547387978797,0.28455411407269526,0.8975651413046078,0.7875000000000001,1.883658563281324E8,8a3da13782c4ac9033253d97b146daf263ebda3cf84848b255ae0d19b415b838,c866ee588858a1499b74cad1215c3f8168f61725c6dcfd0d4fcc0543d0efd4cd
NO_DISTRICT,CHUNGBUK,,TRADITION_HISTORY,GREEN,3,54,1.0,NATIONWIDE_TYPE_VENUE,50,1,1.0,1.0,0.8161606705268658,0.75,3.29033240641075E8,925fb91efbfb16db5e571b6b008cb99b6c0a3a167e39edb07bb4c1c2cafda7ae,0b10414e4df778077e09aff84aa24bce645844fb8cbe1d078b98c882156b859e,98,0.4819234350639829,SAME_REGION_TYPE,true,0.9,0.9500000000000001,1.0,50,9,8.57824710211938,0.11655143215499102,0.925614743986164,0.8250000000000001,2.722188595617791E8,713acc1775f9760fd476cfe9c84a0cd17abd9e0bd362fb1aa95b3b2928068bfd,a89d922d19a33a86648daeeb75959de2ee9c1b1a16c711f77dd5acb582522162
NO_DISTRICT,CHUNGBUK,,CULTURE_ART,WATERFRONT,3,90,1.0,NATIONWIDE_TYPE_VENUE,50,1,1.0,1.0,0.8251961485951511,0.7875000000000001,3.0388758400211954E8,c348e29400ebe021db666e856fec31595170b0090866fe06d013a15bb05b35e1,00834a271dfc4bdeb03de55321406e9cfa9e76fc1279ec0615d27ea09907b08b,145,0.5464663770394717,GLOBAL_SIMILARITY,true,0.9,0.9500000000000001,1.0,50,9,7.542309548289034,0.08294174437830289,0.9241858082511428,0.9,3.87701573484961E8,c3db5dbbf1e396873d9a9961ec585cb7079e56f50e09ac48ec54809feee84b80,946d2bf8734539b1682656ee0e193f0286429491fa019dc305febf66d1404b13
NO_DISTRICT,CHUNGBUK,,CULTURE_ART,GREEN,3,158,1.0,NATIONWIDE_TYPE_VENUE,50,1,1.0,1.0,0.836760574060569,0.8250000000000001,3.8650581267938995E8,4214f3c3954d05a920f970ebc6a910e54d165aa212212417de62ae5be5a531b0,c6378a1e18f3e4f2c66c4c644f87bc50ded16583c976619cb4c98277cac302a7,213,0.6809370303735572,GLOBAL_SIMILARITY,true,0.9,0.9500000000000001,1.0,50,9,7.706417027368497,0.09961581082949869,0.922984712218133,0.9,3.7898336286618966E8,7572f744a35284a2ee55b02a386da659e278347f22b8ba6d50b26fc03bb22ca1,b9c0a35635227bb203889aaa074a0c47ee4afa9b4a253d22db7171e9a64dd1e7
NO_DISTRICT,CHUNGBUK,,CULTURE_ART,WATERFRONT,2,90,1.0,NATIONWIDE_TYPE_VENUE,50,1,1.0,1.0,0.818847497904332,0.7875000000000001,2.0297836209329122E8,c348e29400ebe021db666e856fec31595170b0090866fe06d013a15bb05b35e1,0444627734c7d6ff63567b57460127dc11976d6c6ef4f59225cb0a9615ce496e,130,0.6149062551833766,GLOBAL_SIMILARITY,true,0.9,0.9500000000000001,1.0,50,9,7.25788667696472,0.1801972189831842,0.9170379933086811,0.8250000000000001,3.210311823660399E8,1ab8fe04ab39bcbbaf447aa014a1733ee2131e40dfd2a665a2b3c517e861d93e,1b99695a2c1b5c303c09725a4d58fe91ecd1983e412ba469c90b64317831aab0
NO_DISTRICT,CHUNGBUK,,LOCAL_SPECIALTY,GREEN,3,95,1.0,NATIONWIDE_TYPE_VENUE,50,1,1.0,1.0,0.8555991840566853,0.795,2.7029231895459056E8,6f559ff7303a8c2962ebc48f630fcff4006b749cc57f1e138c456575624dd657,7393618c7013832b7b9e9c0cfedb5cd2bf2935d72e05b15b3409ae298c033db4,182,0.4631063405472025,SAME_REGION_TYPE,true,0.9,0.9500000000000001,1.0,50,8,7.049978095841334,0.12446404192395952,0.9315085565698619,0.9230769230769231,2.805526920667474E8,daeffb42d76b643728368f8a93a004bc2595d6b2e653b79e8af5e0470d871784,ccba9507cb77f632866a458250f72a9ba2535e96a31fb1531083d3cbf469dc11
NO_DISTRICT,CHUNGBUK,,NATURE_ECOLOGY,OTHER,3,28,1.0,NATIONWIDE_TYPE_VENUE,28,1,1.0,1.0,0.7724478915430698,0.6990000000000001,9.3641686957149E7,bac84c25c579cb164a23d21f107620de9d5a19ddb2360cb94e2daef2a6ba747b,bac84c25c579cb164a23d21f107620de9d5a19ddb2360cb94e2daef2a6ba747b,61,0.4300309055623864,SAME_REGION_TYPE,true,0.775,0.8250000000000001,1.0,50,9,5.383857747913495,0.3405377293851318,0.8701100490884466,0.75,8.647590702813327E7,13cd29ce7c408baab29123b78c4ffa1b9ee09ac233f2a1bcb443955aa93dff09,7bbbb2263aea62a45115338be9f858f7ca39b48c7f565c00dfe67a2e03278cf5
NO_DISTRICT,CHUNGBUK,,LOCAL_SPECIALTY,WATERFRONT,2,71,1.0,NATIONWIDE_TYPE_VENUE,50,1,1.0,1.0,0.8151749111999884,0.7875000000000001,1.0323828328627066E8,423ef67fb8d8ce3b4c72bcaeeff7f273fce5f5c7748615ef99cbb399498ea8e6,73bb00530c61ebf6dd896ab748bbedd2a67a4ea327e9885ca96817266a68d1da,164,0.36937329038680594,SAME_REGION_TYPE,true,0.8625,0.9125000000000001,1.0,50,8,5.567766637612982,0.15939758918929425,0.9248554797037335,0.9230769230769231,2.8827534526138437E8,5f4b68f654489aea3fc1be513af0ca0b13408e19af9de26e2824e572e09f7aa7,245a463f75711d55aa21a4f5bd0c7b206144d351d5ccb59a0ffc7abd5c90cb1d
NO_DISTRICT,CHUNGBUK,,LOCAL_SPECIALTY,INDEPENDENT,2,37,1.0,NATIONWIDE_TYPE_VENUE,37,1,1.0,1.0,0.811972216503244,0.7159090909090909,1.0944394367472836E8,f48a1845e91ccd6df2e6cbb8eff45c61703b96b9de9c78eebb998bf15f66a0a2,f48a1845e91ccd6df2e6cbb8eff45c61703b96b9de9c78eebb998bf15f66a0a2,90,0.34709315440186284,SAME_REGION_TYPE,true,0.9,0.9500000000000001,1.0,50,9,5.989904966582713,0.06308858100975179,0.9265477486540689,0.9230769230769231,2.5935731693685016E8,b04a772d7d66c7f9c9cfd7b787a5e92fcef8e2050421515ba455c8ab8a27a6f5,406921864dd210c13b2c1899ea5a6bc8e89b4d1977f73dc75ea6573173c4e17b
NO_DISTRICT,CHUNGBUK,,NATURE_ECOLOGY,INDEPENDENT,10,55,0.3792651782305736,SAME_REGION_TYPE,50,9,5.599571608091317,0.33414064858371745,0.8323009542973031,0.7159090909090909,1.2039449912364812E8,28c3d61dc8aacd3d67e36b395fee97f88dc0b276215847e653f63e7a62fdf9bf,d54f4983753c5b1f9512a91d4724bb7d1b7fbe3dcb0e5132f499dc9b9e4d95b6,55,0.3792651782305736,SAME_REGION_TYPE,false,-Infinity,NaN,NaN,50,9,5.599571608091317,0.33414064858371745,0.8323009542973031,0.7159090909090909,1.2039449912364812E8,28c3d61dc8aacd3d67e36b395fee97f88dc0b276215847e653f63e7a62fdf9bf,d54f4983753c5b1f9512a91d4724bb7d1b7fbe3dcb0e5132f499dc9b9e4d95b6
NO_DISTRICT,CHUNGBUK,,LOCAL_SPECIALTY,GREEN,4,95,1.0,NATIONWIDE_TYPE_VENUE,50,1,1.0,1.0,0.8445314386581061,0.795,3.3310785138176984E8,6f559ff7303a8c2962ebc48f630fcff4006b749cc57f1e138c456575624dd657,4ef5f05aa6747f933b086c44f3de86be75773b361b7d4bce064a12e4111c703b,186,0.4459623817529036,SAME_REGION_TYPE,true,0.9,0.9500000000000001,1.0,50,7,6.421189915938905,0.10352007689212889,0.9321055761370141,0.9230769230769231,3.8140082486921537E8,ae07df1684134260f9dc7d8cc29be5d11ef00db454274eb12359610a3a6892f2,cb40ac3d20ed9179886f7a035ba57f470caa2128989a3facfef4f724fc6d4809
NO_DISTRICT,CHUNGBUK,,LOCAL_SPECIALTY,OTHER,2,30,1.0,NATIONWIDE_TYPE_VENUE,30,1,1.0,1.0,0.8060655364441526,0.6895161290322581,1.039415786093226E8,d7eb5f5a7795ed75ed648bbe71eacb81a6fe0bd8c57b502eb69efc2e8672ca56,d7eb5f5a7795ed75ed648bbe71eacb81a6fe0bd8c57b502eb69efc2e8672ca56,83,0.2988851489120195,SAME_REGION_TYPE,true,0.9,0.9500000000000001,1.0,50,9,5.757522090946354,0.021079065628583683,0.9254208981628969,0.9230769230769231,2.753120726664821E8,b74f102c70bbbb83d2191f84cf3c53f76e529cbb26ffbaf29dcf1e8dec7254ea,c9f284fa74cf5be92609fc93ae8dd1fa0e65f261391165eb6477b5d1fc6eb4c7
NO_DISTRICT,CHUNGBUK,,LOCAL_SPECIALTY,WATERFRONT,3,71,1.0,NATIONWIDE_TYPE_VENUE,50,1,1.0,1.0,0.8173587364623138,0.7875000000000001,1.576854729801181E8,423ef67fb8d8ce3b4c72bcaeeff7f273fce5f5c7748615ef99cbb399498ea8e6,b81e46091782f6a959614820fd263ea9d343c58e33aee45b8daafaf748656aed,158,0.37885517134172847,SAME_REGION_TYPE,true,0.9,0.9500000000000001,1.0,50,8,7.064763130678067,0.06261871584624085,0.9300400737423987,0.9230769230769231,2.971132564852673E8,40523d0382cab3a2a7d4075c1e6942186dfbf12cfd71ee03c1d275cdf63ea428,2de14c9f83cebc80e5240ee4b9c49684a4a4b55fca679a97cbe60da44b4e0e75
NO_DISTRICT,CHUNGBUK,,LOCAL_SPECIALTY,INDEPENDENT,3,37,1.0,NATIONWIDE_TYPE_VENUE,37,1,1.0,1.0,0.8137279095772146,0.7295454545454546,1.3665917030247286E8,f48a1845e91ccd6df2e6cbb8eff45c61703b96b9de9c78eebb998bf15f66a0a2,f48a1845e91ccd6df2e6cbb8eff45c61703b96b9de9c78eebb998bf15f66a0a2,134,0.2298323639502294,SAME_REGION_TYPE,true,0.8625,0.9125000000000001,1.0,50,7,6.402323012959704,0.1779820588831702,0.9283727149290678,0.9230769230769231,3.087873113284917E8,746798ef4b987e4863674e0c9cbf186e853031f8d63206363e12bea86754ef96,dea46fbec498e06ce66b831ecaa382f6465b3d39db442682e1d656bc3ee96bde
NO_DISTRICT,CHUNGBUK,,TRADITION_HISTORY,INDEPENDENT,2,38,1.0,NATIONWIDE_TYPE_VENUE,38,1,1.0,1.0,0.7935944119334932,0.7000000000000001,2.3549293377870804E8,8674a18a77fd59101747b5bfbca30d4351075de073f6e1726ea05249ad86bedb,8674a18a77fd59101747b5bfbca30d4351075de073f6e1726ea05249ad86bedb,71,0.454492996978027,SAME_REGION_TYPE,true,0.9,0.9500000000000001,1.0,50,9,6.189102963564404,0.2870417855417219,0.898666818998486,0.7875000000000001,1.749338140635519E8,925c8bfb5d3fcf028cd639113387a3b3654da27197eb3cc5a0b434ca0246d854,d9ed304e41ebc026992dc8b0e202f57c490fcae5ba859e24aa5fdd3c99e68015
NO_DISTRICT,CHUNGBUK,,COMMUNITY,WATERFRONT,3,29,1.0,NATIONWIDE_TYPE_VENUE,29,1,1.0,1.0,0.8016056817607122,0.7035714285714286,1.6513212670762056E8,d79174673ff7f3466f21cd9adef13feaf0fb2e943028627027b036405e0d7d39,d79174673ff7f3466f21cd9adef13feaf0fb2e943028627027b036405e0d7d39,40,0.6597403361944236,GLOBAL_SIMILARITY,true,0.9,0.9500000000000001,1.0,40,8,2.205753409383873,0.6597403361944233,0.8456519870504832,0.7035714285714286,1.9898531545093003E8,eadaad843e73a9d610a37b753ce16067bd6e24b31c6105cb0c075f1786c63d7a,eadaad843e73a9d610a37b753ce16067bd6e24b31c6105cb0c075f1786c63d7a
NO_DISTRICT,CHUNGBUK,,COMMUNITY,WATERFRONT,2,29,1.0,NATIONWIDE_TYPE_VENUE,29,1,1.0,1.0,0.8024261134385039,0.6964285714285715,1.3528316164681304E8,d79174673ff7f3466f21cd9adef13feaf0fb2e943028627027b036405e0d7d39,d79174673ff7f3466f21cd9adef13feaf0fb2e943028627027b036405e0d7d39,41,0.6520272152632878,GLOBAL_SIMILARITY,true,0.8625,0.9125000000000001,1.0,41,8,2.253353044197021,0.6520272152632876,0.8394254942765685,0.6964285714285715,1.6799665376561105E8,c4aacde6bcede008884ff1dd4dd8b7a1e86bf1f334effae42c18613e64eefcb0,c4aacde6bcede008884ff1dd4dd8b7a1e86bf1f334effae42c18613e64eefcb0
NO_DISTRICT,CHUNGBUK,,TRADITION_HISTORY,UNDECIDED,2,69,0.13589117906078652,SAME_REGION_TYPE,50,8,7.604878766890338,0.16248563148481418,0.9165740610345032,0.8906250000000001,1.917176496584672E8,b1f379416993f39f22e14f58868b646a94df18e97fe3a5c6a6de3efd3e2def6d,6c4131dbda66426cb80a0e0604eed3334aa4ef943ed120905627cb851d77f7d6,69,0.13589117906078652,SAME_REGION_TYPE,false,-Infinity,NaN,NaN,50,8,7.604878766890338,0.16248563148481418,0.9165740610345032,0.8906250000000001,1.917176496584672E8,b1f379416993f39f22e14f58868b646a94df18e97fe3a5c6a6de3efd3e2def6d,6c4131dbda66426cb80a0e0604eed3334aa4ef943ed120905627cb851d77f7d6
NO_DISTRICT,CHUNGNAM,,NATURE_ECOLOGY,WATERFRONT,2,70,1.0,NATIONWIDE_TYPE_VENUE,50,1,1.0,1.0,0.8250888871367686,0.75,9.082010676255512E7,0a635fe7c95464734d67fcf3eb34fbe1decb151168419235fa06b370eaf0e0c0,cdcc13633146adab08e202ec00db40bd8657e1b7d1ed80b2e03f5cedae29d2a3,205,0.2743171088268917,SAME_REGION_TYPE,true,0.9,0.9500000000000001,1.0,50,6,4.8099933738643434,0.08257997218960858,0.9329864242808852,0.9230769230769231,4.912037739472054E7,5e95ba2d024548091b12f9b2b0d59eb7e884db1f98e9efe542fca5fc064ff6e2,329c0d05e1090edf0112a59222fc71d8c71e468228c3f5e711be02ddade6638a
NO_DISTRICT,CHUNGNAM,,CULTURE_ART,OTHER,5,70,1.0,NATIONWIDE_TYPE_VENUE,50,1,1.0,1.0,0.7907168958937123,0.75,2.541262935790318E8,e2894551a9aade3371c9d134fd015763aa296c0fb24e8191f8fdd46932c4cd77,9b32e317f5549c523ea00c9483c9f343b0ba999dc900e8bdc724e04abe4f5f95,154,0.37490726728253115,SAME_REGION_TYPE,true,0.85,0.9,1.0,50,8,7.442571413778216,0.0996860473606074,0.9245599842368438,0.9230769230769231,1.73106977408679E8,8f74dd5bd1a8e9a4e92375a91f1d665bc02dbe8df59e35505014ff6994392888,41577327126498a02004c65c9483d21c50356f4beca9a01ce16ebb2f1d5cd962
NO_DISTRICT,CHUNGNAM,,LOCAL_SPECIALTY,INDEPENDENT,2,37,1.0,NATIONWIDE_TYPE_VENUE,37,1,1.0,1.0,0.8076533885355138,0.6895161290322581,1.1113513822930123E8,f48a1845e91ccd6df2e6cbb8eff45c61703b96b9de9c78eebb998bf15f66a0a2,f48a1845e91ccd6df2e6cbb8eff45c61703b96b9de9c78eebb998bf15f66a0a2,278,0.16662596579470995,SAME_REGION_TYPE,true,0.9,0.9500000000000001,1.0,50,6,4.040876056485901,0.020728284024105894,0.9332429382438387,0.9230769230769231,5.868357365352976E7,afcdba3576a4382c7a4b647b0b58f31179e3bf92927f3ca70d053fc2c384fafe,b81f24075c9602d975ee7ad8b14d5d3fc9e1b84cad60c083391c9c3597fc4f17
NO_DISTRICT,CHUNGNAM,,CULTURE_ART,INDEPENDENT,5,76,1.0,NATIONWIDE_TYPE_VENUE,50,1,1.0,1.0,0.797027123094274,0.75,4.6719489226372033E8,8d3227fce5057e121afb1463f7003206e6d03aae5ceffb834860623ae7d9b164,8753494a92a803d3b07b5c6eb8640a97bb9f1e5a3fe670565209ca6440f7ac2a,141,0.45243421145441665,SAME_REGION_TYPE,true,0.9,0.9500000000000001,1.0,50,9,7.63816367140848,0.021092285685967188,0.9251261055699953,0.9230769230769231,1.7397156217244342E8,314e12547fd66c1cd1692323a19031d3d95fee4901b690c62fcab9fe9c556a1e,7b86d9c55ad8d6705259815f9dd946841daeb3a4697113cc670b0b26277e9bf8
NO_DISTRICT,CHUNGNAM,,LOCAL_SPECIALTY,VILLAGE,2,23,1.0,NATIONWIDE_TYPE_VENUE,23,1,1.0,1.0,0.8410294141099899,0.7159090909090909,1.2400114808125567E8,3fbec895063fe63197622dd9e2f7c6edb414b8212fdbf14439a971c269a81dc0,3fbec895063fe63197622dd9e2f7c6edb414b8212fdbf14439a971c269a81dc0,264,0.17255300225652728,SAME_REGION_TYPE,true,0.9,0.9500000000000001,1.0,50,6,4.719371326856541,0.08227552838128956,0.9346914068446908,0.9230769230769231,6.318412005207137E7,d3f6f691c99f86b515aa9ea38c2d8fc1d07f53d27bb25490de212e3dbeb49503,a1494ab76bd0a4b71153229a33838af82b46b9256c577385bf2533becae2912b
NO_DISTRICT,CHUNGNAM,,CULTURE_ART,WATERFRONT,5,90,1.0,NATIONWIDE_TYPE_VENUE,50,1,1.0,1.0,0.7983867133785978,0.765,4.483604418462308E8,c348e29400ebe021db666e856fec31595170b0090866fe06d013a15bb05b35e1,6aa5752d3219bcada26dccf7a3d6712bb04b4667a2cfb87317b149c7bed31528,155,0.49146013613766143,SAME_REGION_TYPE,true,0.9,0.9500000000000001,1.0,50,9,7.737326330354264,0.04176165108960719,0.925498897861768,0.9230769230769231,1.7631070252753544E8,4d9314840e5948488b0ff826b0c24282aa0d66fc2ac0443e78fbfb9a831aeeba,10afddd74ce32716fc9c8759f60a7fce37ca7404d13a461bdb7ee5114a02f83d
NO_DISTRICT,CHUNGNAM,,LOCAL_SPECIALTY,WATERFRONT,2,71,1.0,NATIONWIDE_TYPE_VENUE,50,1,1.0,1.0,0.8495458675574501,0.7875000000000001,9.142783927916291E7,423ef67fb8d8ce3b4c72bcaeeff7f273fce5f5c7748615ef99cbb399498ea8e6,422dd068890022531199cbb3f1695d2c8f195b493de80495d7836f24c37f8eac,312,0.18846495966341673,SAME_REGION_TYPE,true,0.9,0.9500000000000001,1.0,50,6,5.396064372359336,0.18422227002708375,0.9372077221576178,0.9230769230769231,5.718325214479828E7,41a7c3708f59568ab1b9123ea21fbeecd23f5fa01b27a979df22b68bfb91960a,a79ac5632f421457952876b7b36e442bc0e160bac28c6edc2986a40466805f1a
NO_DISTRICT,CHUNGNAM,,CULTURE_ART,VILLAGE,2,39,1.0,NATIONWIDE_TYPE_VENUE,39,1,1.0,1.0,0.7915679822410221,0.6817164179104478,1.39546003322399E8,35666bd283d687af38fec7347887732ca0983e78f887177a0dbce730a02f799c,35666bd283d687af38fec7347887732ca0983e78f887177a0dbce730a02f799c,134,0.27165268141802285,SAME_REGION_TYPE,true,0.775,0.8250000000000001,1.0,50,8,7.8224195088072515,0.11969841610006032,0.9242641174504737,0.9230769230769231,1.216003167722423E8,8fd0d3acfea491e884a4ae1a8b63dabf7a98db830976745b1f8fb8e0cd124802,d6066d5f8eb5a505c326b8ce663ace674524ecb59f95b2d2895dd6cda1165601
NO_DISTRICT,CHUNGNAM,,LOCAL_SPECIALTY,VILLAGE,5,23,1.0,NATIONWIDE_TYPE_VENUE,23,1,1.0,1.0,0.8022633994111256,0.75,1.9039046538980287E8,3fbec895063fe63197622dd9e2f7c6edb414b8212fdbf14439a971c269a81dc0,3fbec895063fe63197622dd9e2f7c6edb414b8212fdbf14439a971c269a81dc0,244,0.18899207611852958,SAME_REGION_TYPE,true,0.8911764705882352,0.9411764705882353,1.0,50,6,2.8849002573617377,0.020684419628898634,0.925523349321464,0.9230769230769231,9.675865929968053E7,65e054ed8d45622f8d6595d0138cb7b493eef0ba9c57e577c360d6f596408453,ae2e8e38d7707072f193aab4e26391e262afaa2ddfa9dbca3c4b8cfca63d3b95
NO_DISTRICT,CHUNGNAM,,NATURE_ECOLOGY,OTHER,10,28,1.0,NATIONWIDE_TYPE_VENUE,28,1,1.0,1.0,0.7700947555620035,0.7022727272727273,1.1855873780895194E8,bac84c25c579cb164a23d21f107620de9d5a19ddb2360cb94e2daef2a6ba747b,bac84c25c579cb164a23d21f107620de9d5a19ddb2360cb94e2daef2a6ba747b,144,0.16992791988507294,SAME_REGION_TYPE,true,0.8470588235294118,0.8970588235294118,1.0,50,5,3.3304209431159975,0.10087851576561233,0.9248554797037335,0.9230769230769231,5.8539343414497934E7,b34f2a5e8cd75c5bc006e4980cd9a7917158c151a52600dfbb808b7181fe8bc1,400dc909b5a8f087275be950f94c2091e2d545fa20ae78a46ddcc953b45f6db1
NO_DISTRICT,CHUNGNAM,,TRADITION_HISTORY,OTHER,3,22,1.0,NATIONWIDE_TYPE_VENUE,22,1,1.0,1.0,0.805549990924423,0.7295454545454546,2.205062127331668E8,3d535e023c473017fdda8ada497fd3aeb9dbae27b046a7bdeb89e40249781229,3d535e023c473017fdda8ada497fd3aeb9dbae27b046a7bdeb89e40249781229,102,0.17125318636659478,SAME_REGION_TYPE,true,0.9,0.9500000000000001,1.0,50,7,6.16505578038476,0.02096082666581403,0.9280574956757285,0.9230769230769231,2.6273144689695778E8,87d172e54475ced1c125dba7fc24fc66fa09f352020732f27e16e1f06933be83,fef84e0ec76232d8ece5fe546565d27faf818fd097b0ea3f1aa14cd6529bae4a
NO_DISTRICT,CHUNGNAM,,NATURE_ECOLOGY,OTHER,3,28,1.0,NATIONWIDE_TYPE_VENUE,28,1,1.0,1.0,0.784189734779982,0.6990000000000001,9.369006785034983E7,bac84c25c579cb164a23d21f107620de9d5a19ddb2360cb94e2daef2a6ba747b,bac84c25c579cb164a23d21f107620de9d5a19ddb2360cb94e2daef2a6ba747b,148,0.16398677336586626,SAME_REGION_TYPE,true,0.9,0.9500000000000001,1.0,50,6,3.2719796956049785,0.02101321314400436,0.9268893354105566,0.9230769230769231,6.750499975837232E7,a27ffa144fa13655a0bd9228c98b123bdb3eaef8be57307b1132eb6bd5bbc5aa,5604150f2623f92720bd8d51653a33075bdf34f13eee07b354b45427c29f4ad4
NO_DISTRICT,CHUNGNAM,,CULTURE_ART,OTHER,4,70,1.0,NATIONWIDE_TYPE_VENUE,50,1,1.0,1.0,0.7976592706733353,0.765,2.5586629864742565E8,e2894551a9aade3371c9d134fd015763aa296c0fb24e8191f8fdd46932c4cd77,64ffc7a5b91930f8d617ad415d34d9b1a8dbd1355cb79c675c39cfff5bc37205,148,0.3923337269968156,SAME_REGION_TYPE,true,0.87,0.92,1.0,50,8,7.353403340760909,0.1397359481838517,0.9239678786442831,0.9230769230769231,1.2860796542637649E8,96e62b14c5a196b8b776401faa19a53bedbfee05ee2ac04184f468fbdf31bfdf,ad935c6b3b90bb26c1c7db42232620b646638b8d62099b72293b40a8e327f972
NO_DISTRICT,CHUNGNAM,,TRADITION_HISTORY,VILLAGE,4,125,0.15507687177328597,SAME_REGION_TYPE,50,7,6.014093569657318,0.15969822649583051,0.9239678786442831,0.9230769230769231,2.84530943340434E8,40c348471fc186f7e3c52f69ab83a60a043d30c17ad4439039033d1ad48d6d98,70621ac0c56af6c60c4e74d22b60a702e5eca051628c5796c3c7d9ec9be2d3e6,125,0.15507687177328597,SAME_REGION_TYPE,false,-Infinity,NaN,NaN,50,7,6.014093569657318,0.15969822649583051,0.9239678786442831,0.9230769230769231,2.84530943340434E8,40c348471fc186f7e3c52f69ab83a60a043d30c17ad4439039033d1ad48d6d98,70621ac0c56af6c60c4e74d22b60a702e5eca051628c5796c3c7d9ec9be2d3e6
NO_DISTRICT,CHUNGNAM,,COMMUNITY,GREEN,3,41,1.0,NATIONWIDE_TYPE_VENUE,41,1,1.0,1.0,0.7909848032656501,0.6907894736842106,1.4719966557738668E8,2e791c1fbe39f5acd2e443473c32520423f6131ee59cef2b016af5dfdade83f7,2e791c1fbe39f5acd2e443473c32520423f6131ee59cef2b016af5dfdade83f7,73,0.487664887980426,SAME_REGION_TYPE,true,0.8625,0.9125000000000001,1.0,50,8,5.409228109623053,0.30806111027804306,0.8842053769355254,0.7875000000000001,8.680201156095216E7,10db91181b9b61d45b2fbe8b47665671b18a831fdffce4f31424c2d8c681aeea,15300e30a1475f7d1380eecc02f7b5cdce6021f2936d49e00f3faa6a8f8bde10
NO_DISTRICT,CHUNGNAM,,NATURE_ECOLOGY,INDEPENDENT,16,191,0.15370645046321438,SAME_REGION_TYPE,50,5,3.3561535015211033,0.020775548777208348,0.9234529511090892,0.9230769230769231,4.856216190765802E7,8a3086cee74396591e802e8a7244dce54036d2c2aaf867e0c7d0cd9062bfa9d8,f37f51f17f6b9b0afffe8cbb12f2122c79b713a4adf0c71356fbc040f54233fe,191,0.15370645046321438,SAME_REGION_TYPE,false,-Infinity,NaN,NaN,50,5,3.3561535015211033,0.020775548777208348,0.9234529511090892,0.9230769230769231,4.856216190765802E7,8a3086cee74396591e802e8a7244dce54036d2c2aaf867e0c7d0cd9062bfa9d8,f37f51f17f6b9b0afffe8cbb12f2122c79b713a4adf0c71356fbc040f54233fe
NO_DISTRICT,CHUNGNAM,,TRADITION_HISTORY,OTHER,9,22,1.0,NATIONWIDE_TYPE_VENUE,22,1,1.0,1.0,0.7666107754230886,0.7050000000000001,2.756080794291902E8,3d535e023c473017fdda8ada497fd3aeb9dbae27b046a7bdeb89e40249781229,3d535e023c473017fdda8ada497fd3aeb9dbae27b046a7bdeb89e40249781229,87,0.18657894797401012,SAME_REGION_TYPE,true,0.8863636363636364,0.9363636363636364,1.0,50,8,6.074340528362572,0.020555034132154454,0.9236472187768228,0.9230769230769231,2.8404305361051744E8,dd560e864ae9aef2d0fd96d9a54e716d8370c28842d2044e4fd95a5ff240ca6a,3731d2860afc29162b1e799dcb5fd7c25d9fd0e6714a0f5ed3d0fd2698a4aca2
NO_DISTRICT,CHUNGNAM,,LOCAL_SPECIALTY,WATERFRONT,24,71,1.0,NATIONWIDE_TYPE_VENUE,50,1,1.0,1.0,0.7960445420820349,0.6990000000000001,1.629710411055414E8,423ef67fb8d8ce3b4c72bcaeeff7f273fce5f5c7748615ef99cbb399498ea8e6,618cfd303f292880cdc56db391b9c61b89af06c992dcf4a570ecd4d07b2c6530,283,0.18464611100084713,SAME_REGION_TYPE,true,0.894,0.9440000000000001,1.0,50,4,2.5409680417694647,0.06232630549260032,0.9244040491085663,0.9230769230769231,6.2053804259387664E7,84c1b05adc43ac0233c6787e9ca6477f1b27173ec08efac2f8b4c4d6ac66a444,650561cf3c5390671b75f79990b010b17cb8c346baca0e151ca79f214f4a76d4
NO_DISTRICT,CHUNGNAM,,CULTURE_ART,GREEN,3,158,1.0,NATIONWIDE_TYPE_VENUE,50,1,1.0,1.0,0.840069316006667,0.8250000000000001,4.4113503282620406E8,4214f3c3954d05a920f970ebc6a910e54d165aa212212417de62ae5be5a531b0,c645d39cbaf2e2d6323027e08c682e9cd02b97e8ffc191a65821ccc15df1f118,231,0.6139588550962288,GLOBAL_SIMILARITY,true,0.9,0.9500000000000001,1.0,50,7,6.437102567120875,0.08365364948091286,0.9291478892460913,0.9230769230769231,1.51917828877246E8,93a339f7e6ddc3ea1befa80dc06a06623badabfac9505c193bd9a2b4e3aae28d,a02827f6790e3e7c5ba1d6f410baf72734b8347704f78e96bb1bf2841c2d13cd
NO_DISTRICT,CHUNGNAM,,CULTURE_ART,WATERFRONT,17,90,1.0,NATIONWIDE_TYPE_VENUE,50,1,1.0,1.0,0.7634677733722952,0.7083333333333334,4.498294732968033E8,c348e29400ebe021db666e856fec31595170b0090866fe06d013a15bb05b35e1,9699a75bb57cc615b8ae6271f491457558764af8347976ccf8ca7bca6fb865ac,147,0.5002184795774792,GLOBAL_SIMILARITY,true,0.8911764705882352,0.9411764705882353,1.0,50,9,7.406400532069409,0.020775548777208348,0.9234529511090892,0.9230769230769231,1.3594712012486047E8,aff7bf45e0cd2bb9173fdb09fb2cdc2eb1d05216628f463f6ee57ba1e99e2bce,a833482af11860af4e1e73e07642858b9fe0ca67a44727435aa67f169e529cc2
NO_DISTRICT,CHUNGNAM,,COMMUNITY,OTHER,9,48,0.25879047287765844,SAME_REGION_TYPE,48,8,5.723499001769831,0.2512091633777074,0.8420755092125808,0.6800000000000002,8.585642546853429E7,8e05cf343e913fa88f0afe6da1b5eed6ce5d84780a44ada6cd38fe9afe4a6228,8e05cf343e913fa88f0afe6da1b5eed6ce5d84780a44ada6cd38fe9afe4a6228,48,0.25879047287765844,SAME_REGION_TYPE,false,-Infinity,NaN,NaN,48,8,5.723499001769831,0.2512091633777074,0.8420755092125808,0.6800000000000002,8.585642546853429E7,8e05cf343e913fa88f0afe6da1b5eed6ce5d84780a44ada6cd38fe9afe4a6228,8e05cf343e913fa88f0afe6da1b5eed6ce5d84780a44ada6cd38fe9afe4a6228
NO_DISTRICT,CHUNGNAM,,CULTURE_ART,OTHER,3,70,1.0,NATIONWIDE_TYPE_VENUE,50,1,1.0,1.0,0.8092745334700373,0.775,2.1361338695462966E8,e2894551a9aade3371c9d134fd015763aa296c0fb24e8191f8fdd46932c4cd77,77b73f6f2d46349ec6d962a6b2f2b66e41291e1a88dd22e66f596f0051060391,143,0.41012350239713596,SAME_REGION_TYPE,true,0.9,0.9500000000000001,1.0,50,8,6.389291206801672,0.020986987213951765,0.9274741445151755,0.9230769230769231,1.2355947072736955E8,5f007eab6739bb2d6c33c3f82b8a478ec886b2f388f44130f7b7294cc5da4ee2,b0ee5b9fc52ba1d31c379ab0a6d80fe2bc1fdc2148e4861b9c68dd233f2d659b
NO_DISTRICT,CHUNGNAM,,NATURE_ECOLOGY,WATERFRONT,3,70,1.0,NATIONWIDE_TYPE_VENUE,50,1,1.0,1.0,0.8251354267565242,0.775,1.1527519685186426E8,0a635fe7c95464734d67fcf3eb34fbe1decb151168419235fa06b370eaf0e0c0,d3fa94b8a515e123fca5c772bc892a3e46918ebe0c4e228206189c3406c711e0,190,0.3006275900175144,SAME_REGION_TYPE,true,0.9,0.9500000000000001,1.0,50,6,3.623376410462395,0.08340294709971456,0.9283775019318721,0.9230769230769231,7.138174466991898E7,e2dbefaf9c091b291f8a37208eee8c786892684d5abd5b8349c3ca50a817e9bc,cc225b0db3bb3074e3bdb912633353ea022d072c675b7e5622d90a80e22cf977
NO_DISTRICT,CHUNGNAM,,NATURE_ECOLOGY,GREEN,2,88,1.0,NATIONWIDE_TYPE_VENUE,50,1,1.0,1.0,0.8083494314124772,0.765,9.032211388656771E7,dc459aca48974424d1e63cba2ca3e5c0d723e32a3a4724a75d28d13eea8c5f69,72f9291013a9fc0f37ca0de23dadaf9bc796527ab7bd9b71e5e8a4ba6920e89a,223,0.3111436506590747,SAME_REGION_TYPE,true,0.9,0.9500000000000001,1.0,50,6,4.108088204019749,0.020805222806944135,0.9315272888612677,0.9230769230769231,5.018019605520347E7,60c94dcd22601b3a7f91675dd6cb3de2e70815861905246944774953657d6cb7,bef1a8e1951bceaf118e523015e6cac35a3be7d869f1c5293f77b197681067c8
NO_DISTRICT,CHUNGNAM,,COMMUNITY,OTHER,2,48,0.2676361118088125,SAME_REGION_TYPE,48,8,5.815602894660399,0.2676361118088125,0.8862904850961324,0.682258064516129,7.304124809737888E7,8e05cf343e913fa88f0afe6da1b5eed6ce5d84780a44ada6cd38fe9afe4a6228,8e05cf343e913fa88f0afe6da1b5eed6ce5d84780a44ada6cd38fe9afe4a6228,48,0.2676361118088125,SAME_REGION_TYPE,false,-Infinity,NaN,NaN,48,8,5.815602894660399,0.2676361118088125,0.8862904850961324,0.682258064516129,7.304124809737888E7,8e05cf343e913fa88f0afe6da1b5eed6ce5d84780a44ada6cd38fe9afe4a6228,8e05cf343e913fa88f0afe6da1b5eed6ce5d84780a44ada6cd38fe9afe4a6228
NO_DISTRICT,CHUNGNAM,,CULTURE_ART,WATERFRONT,6,90,1.0,NATIONWIDE_TYPE_VENUE,50,1,1.0,1.0,0.7927933357625765,0.7607142857142858,4.054353181979371E8,c348e29400ebe021db666e856fec31595170b0090866fe06d013a15bb05b35e1,2f907eb5bbf0984e8bba181c2d91a3d61365ea2fc38b0f8a9d52e081aa179a47,152,0.5008363542329431,GLOBAL_SIMILARITY,true,0.8911764705882352,0.9411764705882353,1.0,50,9,7.7269850589210645,0.040988555643382246,0.9235639491136163,0.9230769230769231,1.4273884528393695E8,3f3772696ef7a1c57cb50bdecd6650defcb8bcf1fe96303f35d3ea83fd111fe0,5ae37c1cae6d9e43ac6824d6b1918e1c2ee24ac48cb33b41b9f7e85669f9d200
NO_DISTRICT,CHUNGNAM,,CULTURE_ART,WATERFRONT,2,90,1.0,NATIONWIDE_TYPE_VENUE,50,1,1.0,1.0,0.8164799186266389,0.7875000000000001,2.0887165279855087E8,c348e29400ebe021db666e856fec31595170b0090866fe06d013a15bb05b35e1,d207d1221d12be68b82bbf42742a5bf03fb8165fbd0ba40b9d7c468344e4116c,151,0.5113162324039598,GLOBAL_SIMILARITY,true,0.9,0.9500000000000001,1.0,50,9,8.254027872266198,0.041787838318628555,0.9252042017576512,0.9230769230769231,1.1089819094282228E8,7a1b720a24c5716c4d4b5373532b3b35e10d738833380dd797b3ef4f6da604ac,709f8eb215ef74043f59f01d28fefc7a18ca8b0c0a0681e608b2b96a74044215
NO_DISTRICT,CHUNGNAM,,CULTURE_ART,INDEPENDENT,2,76,1.0,NATIONWIDE_TYPE_VENUE,50,1,1.0,1.0,0.8169655891437516,0.775,2.264270132973826E8,8d3227fce5057e121afb1463f7003206e6d03aae5ceffb834860623ae7d9b164,5cb6c679d6d57291e2db5b1859a75d738ae142e54959a648eecf3c6dcea9af31,137,0.4759430174129987,SAME_REGION_TYPE,true,0.9,0.9500000000000001,1.0,50,9,8.089685980588802,0.02110552233607816,0.9248309429777051,0.9230769230769231,1.217250197747184E8,c9e1f7ae862976639b5e059c9bde9e248d0193f946d2c69b4a4605a5a5674d0e,2da3f33718e19983baab0f1565118ab969e810a96c3b27719536d9c30f94d2fa
NO_DISTRICT,CHUNGNAM,,TRADITION_HISTORY,VILLAGE,2,125,0.15395893987365333,SAME_REGION_TYPE,50,6,5.607511572412228,0.1982517448670415,0.9272061594011339,0.9230769230769231,1.9062560694495362E8,40c348471fc186f7e3c52f69ab83a60a043d30c17ad4439039033d1ad48d6d98,e6cdac4f340f1ae5e5b32bfb052f99dcc4feb019f3951c0d56943a885b759e02,125,0.15395893987365333,SAME_REGION_TYPE,false,-Infinity,NaN,NaN,50,6,5.607511572412228,0.1982517448670415,0.9272061594011339,0.9230769230769231,1.9062560694495362E8,40c348471fc186f7e3c52f69ab83a60a043d30c17ad4439039033d1ad48d6d98,e6cdac4f340f1ae5e5b32bfb052f99dcc4feb019f3951c0d56943a885b759e02
NO_DISTRICT,CHUNGNAM,,TRADITION_HISTORY,INDEPENDENT,3,38,1.0,NATIONWIDE_TYPE_VENUE,38,1,1.0,1.0,0.8233110516722316,0.7083333333333334,2.988510260002865E8,8674a18a77fd59101747b5bfbca30d4351075de073f6e1726ea05249ad86bedb,8674a18a77fd59101747b5bfbca30d4351075de073f6e1726ea05249ad86bedb,118,0.2700205095123294,SAME_REGION_TYPE,true,0.9,0.9500000000000001,1.0,50,7,6.358105944637582,0.04187261095103656,0.9286153388759422,0.9230769230769231,2.819975304984434E8,486569a8166019ccb698c99e8bd844a2576b1badb2deb7fb1707716830183976,ca6062261b564fb080e96aaa4c60801936e74529097c4024a7ff1f6557a20ef6
NO_DISTRICT,CHUNGNAM,,TRADITION_HISTORY,VILLAGE,3,125,0.15502201802630255,SAME_REGION_TYPE,50,6,5.923536338097245,0.17831523447892217,0.9274983442199318,0.9230769230769231,2.853277675026751E8,40c348471fc186f7e3c52f69ab83a60a043d30c17ad4439039033d1ad48d6d98,d187fcc4184b79b0b78e8df01f12ed8a268b2cbba2d8bbe32fd8807a0cd8ae8b,125,0.15502201802630255,SAME_REGION_TYPE,false,-Infinity,NaN,NaN,50,6,5.923536338097245,0.17831523447892217,0.9274983442199318,0.9230769230769231,2.853277675026751E8,40c348471fc186f7e3c52f69ab83a60a043d30c17ad4439039033d1ad48d6d98,d187fcc4184b79b0b78e8df01f12ed8a268b2cbba2d8bbe32fd8807a0cd8ae8b
NO_DISTRICT,CHUNGNAM,,CULTURE_ART,WATERFRONT,3,90,1.0,NATIONWIDE_TYPE_VENUE,50,1,1.0,1.0,0.8219329966927582,0.7875000000000001,2.912090422323544E8,c348e29400ebe021db666e856fec31595170b0090866fe06d013a15bb05b35e1,1e5b5fba3bcc9f633b5eeeb793fba5d0ca29e2661be82233f6dd3141cbaac04f,163,0.4709677755194384,SAME_REGION_TYPE,true,0.9,0.9500000000000001,1.0,50,8,6.39478180827221,0.04155332893937039,0.9278432362423551,0.9230769230769231,1.3238964693656342E8,933bfb49d1ee0676d33d2248dec2374fc8b28532b80e57b9285a9f878d7f5064,14cf1001fac96f33f09910dedc94866e2c4f9eeed01d97c05ae58c83a016f88b
NO_DISTRICT,CHUNGNAM,,CULTURE_ART,WATERFRONT,7,90,1.0,NATIONWIDE_TYPE_VENUE,50,1,1.0,1.0,0.7918271898382216,0.75,4.1350238593764555E8,c348e29400ebe021db666e856fec31595170b0090866fe06d013a15bb05b35e1,242fc62613e7a4bc23190284ef2d14c6c2cf4cdb3e7a618e187b45d351af36fa,148,0.5151900506716567,GLOBAL_SIMILARITY,true,0.8911764705882352,0.9411764705882353,1.0,50,9,7.406400532069409,0.020775548777208348,0.9234529511090892,0.9230769230769231,1.3594712012486047E8,6f3226205d7786b50ead4fac8695c9c974eb12d40120f9337a064c5847ff8ebb,a833482af11860af4e1e73e07642858b9fe0ca67a44727435aa67f169e529cc2
NO_DISTRICT,CHUNGNAM,,CULTURE_ART,INDEPENDENT,3,76,1.0,NATIONWIDE_TYPE_VENUE,50,1,1.0,1.0,0.8171147288901115,0.7875000000000001,3.299148443923429E8,8d3227fce5057e121afb1463f7003206e6d03aae5ceffb834860623ae7d9b164,5d52f8ed2481bae5c7b022099830aa6d91a0e7e2d38b3b6effea223bae1d7739,149,0.4337236709808534,SAME_REGION_TYPE,true,0.9,0.9500000000000001,1.0,50,8,6.398417126980808,0.04192480962619987,0.9280333664151716,0.9230769230769231,1.2730083816829963E8,45af25a77e82c33c057d5b03517f1703058ede87ffc1112e0da6f8a00b52509e,a96f8616e698ec5901ac8b518832c6825019a3e0edecdce5903b7afbbd29e455
NO_DISTRICT,CHUNGNAM,,LOCAL_SPECIALTY,INDEPENDENT,3,37,1.0,NATIONWIDE_TYPE_VENUE,37,1,1.0,1.0,0.8120195798325895,0.6943548387096775,1.390327127663317E8,f48a1845e91ccd6df2e6cbb8eff45c61703b96b9de9c78eebb998bf15f66a0a2,f48a1845e91ccd6df2e6cbb8eff45c61703b96b9de9c78eebb998bf15f66a0a2,269,0.17267272289608762,SAME_REGION_TYPE,true,0.9,0.9500000000000001,1.0,50,6,3.5752543327701556,0.020921707900856183,0.9289298006755093,0.9230769230769231,7.300047749139749E7,f20dd6f991e2407854034b6599ab9e55f4ebb1019967712b67d68b1304fc212a,7684bf2274bdc0b40e49dd7c076f7bfe5d63a29b2597cf540a1eb0cbb80d8ce8
NO_DISTRICT,CHUNGNAM,,LOCAL_SPECIALTY,GREEN,4,95,1.0,NATIONWIDE_TYPE_VENUE,50,1,1.0,1.0,0.817522815183093,0.795,3.4484282798479813E8,6f559ff7303a8c2962ebc48f630fcff4006b749cc57f1e138c456575624dd657,751c7d93dd57dd4101398ee131cb9e4e93be4d987e136fe7185198f2777c2ea2,334,0.2293782601174313,SAME_REGION_TYPE,true,0.9,0.9500000000000001,1.0,50,5,2.7478988922998306,0.041059896134390185,0.9254591316486057,0.9230769230769231,8.117070979945053E7,020ecbc767844b27fc1bb9f3191679adf6c61a222dab5535d8ab804db00fa865,33db64a8df83673bc624a50daf58627a94c1a8f0db19753e31278088d65231a8
NO_DISTRICT,CHUNGNAM,,LOCAL_SPECIALTY,OTHER,3,30,1.0,NATIONWIDE_TYPE_VENUE,30,1,1.0,1.0,0.7958644614954662,0.6943548387096775,1.2697070661294562E8,d7eb5f5a7795ed75ed648bbe71eacb81a6fe0bd8c57b502eb69efc2e8672ca56,d7eb5f5a7795ed75ed648bbe71eacb81a6fe0bd8c57b502eb69efc2e8672ca56,302,0.15440989611906958,SAME_REGION_TYPE,true,0.8625,0.9125000000000001,1.0,50,5,3.470068712306573,0.04079721130541419,0.9283727149290678,0.9230769230769231,7.1865988509986E7,8159d906c3b4c53b27f13bb73efcfb868f6ba9d9708308f56ac31c921a41c4a3,114e679bd89f50d65d558881bef55bc49bbaedcc96591f126f58f1af47155572
NO_DISTRICT,CHUNGNAM,,LOCAL_SPECIALTY,WATERFRONT,4,71,1.0,NATIONWIDE_TYPE_VENUE,50,1,1.0,1.0,0.8381029761297392,0.7941176470588235,1.515885126105186E8,423ef67fb8d8ce3b4c72bcaeeff7f273fce5f5c7748615ef99cbb399498ea8e6,724e802dda666b40ca369c346ca5744f5397dd0e04f16fca6bd408659b99c735,310,0.18767633239966086,SAME_REGION_TYPE,true,0.9,0.9500000000000001,1.0,50,5,2.86028618526576,0.06235942060415506,0.9261649655897635,0.9230769230769231,7.755630298898411E7,5090d4760fc1bd2a664bd29b540d742b61ec54151e245251c5336de94a16ef6a,c867dd66fb3d48ce52c2d83351456ed540b89502a1087019b3f11ed9bd1fdafd
NO_DISTRICT,CHUNGNAM,,LOCAL_SPECIALTY,GREEN,3,95,1.0,NATIONWIDE_TYPE_VENUE,50,1,1.0,1.0,0.8280611512588244,0.795,2.7125341089410913E8,6f559ff7303a8c2962ebc48f630fcff4006b749cc57f1e138c456575624dd657,2cb3b92e6efaf661093c7b42310dd59e918690c04352a366eb47eb360e3bbcae,327,0.23775868120311044,SAME_REGION_TYPE,true,0.9,0.9500000000000001,1.0,50,6,3.5752543327701556,0.020921707900856183,0.9289298006755093,0.9230769230769231,7.566702722775352E7,789e846dd84f5b89ef959b41b2e0996aefd118ad2b84ea80f7f5be2e952ecf56,bbf8afecdcde3a957275d4fc21eb38b0acfc0cb03bf4ffdc60b2890e00019a0a
NO_DISTRICT,CHUNGNAM,,COMMUNITY,OTHER,3,48,0.2614714288955036,SAME_REGION_TYPE,48,8,5.852806221897796,0.2614714288955036,0.8775069739336891,0.6846774193548387,8.288290397825158E7,8e05cf343e913fa88f0afe6da1b5eed6ce5d84780a44ada6cd38fe9afe4a6228,8e05cf343e913fa88f0afe6da1b5eed6ce5d84780a44ada6cd38fe9afe4a6228,48,0.2614714288955036,SAME_REGION_TYPE,false,-Infinity,NaN,NaN,48,8,5.852806221897796,0.2614714288955036,0.8775069739336891,0.6846774193548387,8.288290397825158E7,8e05cf343e913fa88f0afe6da1b5eed6ce5d84780a44ada6cd38fe9afe4a6228,8e05cf343e913fa88f0afe6da1b5eed6ce5d84780a44ada6cd38fe9afe4a6228
NO_DISTRICT,CHUNGNAM,,TRADITION_HISTORY,INDEPENDENT,2,38,1.0,NATIONWIDE_TYPE_VENUE,38,1,1.0,1.0,0.818847430517842,0.7000000000000001,2.3860914245148683E8,8674a18a77fd59101747b5bfbca30d4351075de073f6e1726ea05249ad86bedb,8674a18a77fd59101747b5bfbca30d4351075de073f6e1726ea05249ad86bedb,114,0.2773688083141015,SAME_REGION_TYPE,true,0.9,0.9500000000000001,1.0,50,7,6.206574694205344,0.06277455798375225,0.9288817597218758,0.9230769230769231,1.7195569690314642E8,598c1d57fc67e967ffb79f9244484ec0d9ffc58908279dc19a62ad244fd8caaf,de1aa0524650c1b01fbd10fe23c78737ef7a3ef30ac0241510e57450ff90835b
NO_DISTRICT,CHUNGNAM,,NATURE_ECOLOGY,VILLAGE,2,191,0.15775224208641508,SAME_REGION_TYPE,50,6,4.108088204019749,0.020805222806944135,0.9315272888612677,0.9230769230769231,4.830297641719157E7,487c12be2fcdc1597a210a20c220d360a3a51bb0c987825a4d4d04fa994a1e3b,755bc2e89a90a29d0cfba69cfcdc1c78c16c906387302080e519904a485f1412,191,0.15775224208641508,SAME_REGION_TYPE,false,-Infinity,NaN,NaN,50,6,4.108088204019749,0.020805222806944135,0.9315272888612677,0.9230769230769231,4.830297641719157E7,487c12be2fcdc1597a210a20c220d360a3a51bb0c987825a4d4d04fa994a1e3b,755bc2e89a90a29d0cfba69cfcdc1c78c16c906387302080e519904a485f1412
NO_DISTRICT,CHUNGNAM,,NATURE_ECOLOGY,INDEPENDENT,2,191,0.15532178781252295,SAME_REGION_TYPE,50,6,5.016087423613312,0.10320123397266401,0.9335327145919297,0.9230769230769231,4.8201845836687565E7,8a3086cee74396591e802e8a7244dce54036d2c2aaf867e0c7d0cd9062bfa9d8,cab61d833db026067945c63193fe7c5756f20eeffa3d9fbb8b35bee999f6bbcb,191,0.15532178781252295,SAME_REGION_TYPE,false,-Infinity,NaN,NaN,50,6,5.016087423613312,0.10320123397266401,0.9335327145919297,0.9230769230769231,4.8201845836687565E7,8a3086cee74396591e802e8a7244dce54036d2c2aaf867e0c7d0cd9062bfa9d8,cab61d833db026067945c63193fe7c5756f20eeffa3d9fbb8b35bee999f6bbcb
NO_DISTRICT,CHUNGNAM,,TRADITION_HISTORY,WATERFRONT,2,31,1.0,NATIONWIDE_TYPE_VENUE,31,1,1.0,1.0,0.7977515789569352,0.6826271186440679,2.2533473081531933E8,c0745607175cb18cadd7e1f4435374983eded73e4a37d3abefd288d57a8daaeb,c0745607175cb18cadd7e1f4435374983eded73e4a37d3abefd288d57a8daaeb,107,0.23019773674537547,SAME_REGION_TYPE,true,0.9,0.9500000000000001,1.0,50,7,5.85123278852507,0.02097389878243421,0.9277660019974951,0.9230769230769231,1.8883563010712954E8,37dc0208ffdebf30379f4c5b49f438c14310a655f223113a33d79cc766a5886f,e99b29092f0155d66fe7e87c16393f0e854ffe52169366cc758c201a18c42d14
NO_DISTRICT,CHUNGNAM,,CULTURE_ART,GREEN,18,158,1.0,NATIONWIDE_TYPE_VENUE,50,1,1.0,1.0,0.7765270177640727,0.7144736842105264,5.2441134303210354E8,4214f3c3954d05a920f970ebc6a910e54d165aa212212417de62ae5be5a531b0,1c9848c410431f276c9330ffacfd7641a49d1d324a297e4bc85476cc4545b5da,215,0.6312702107299205,GLOBAL_SIMILARITY,true,0.9,0.9500000000000001,1.0,50,9,7.411297883698137,0.02115863549014377,0.9236465786478113,0.9230769230769231,1.426470037857861E8,241623639298a4ef9a4f4a23a6900f4187ad6ae5c3dc440e270409705b72efac,4b943a24166e4e73526eeb3cff06c5c0851c3a4fb4077e2387956409fbd53eae
NO_DISTRICT,CHUNGNAM,,TRADITION_HISTORY,INDEPENDENT,4,38,1.0,NATIONWIDE_TYPE_VENUE,38,1,1.0,1.0,0.8138327944956536,0.7166666666666667,3.405948562157784E8,8674a18a77fd59101747b5bfbca30d4351075de073f6e1726ea05249ad86bedb,8674a18a77fd59101747b5bfbca30d4351075de073f6e1726ea05249ad86bedb,119,0.26549477923556214,SAME_REGION_TYPE,true,0.9,0.9500000000000001,1.0,50,8,6.4033750237401525,0.04218776738252908,0.9251016028780549,0.9230769230769231,3.1249182976328063E8,6777fc8a98a964be0de224e3b0464e4886258296d3ad76c15333a433fc63ebe8,0531f7f10c702ace371425908f454b41776f5bd99e90232f004c58db00eaeeb7
NO_DISTRICT,CHUNGNAM,,LOCAL_SPECIALTY,GREEN,10,95,1.0,NATIONWIDE_TYPE_VENUE,50,1,1.0,1.0,0.7873435983974914,0.7295454545454546,4.1948582362196296E8,6f559ff7303a8c2962ebc48f630fcff4006b749cc57f1e138c456575624dd657,fcce43216822847ca80fddd3f35a6cb89e410d9a998c73ad6fc15363d77b30fb,310,0.2279261020408367,SAME_REGION_TYPE,true,0.9,0.9500000000000001,1.0,50,6,2.675580384359326,0.04213491227314035,0.9256908940426106,0.9230769230769231,8.236725679493247E7,b6c06ca65e232584db8a5566706b523070835fe19bb9c5d6a93ba57386be6c82,8a2a9b51d0db3f07ecc726d548214699e3e976990512a7f36bb5ff01f253acc7
NO_DISTRICT,CHUNGNAM,,LOCAL_SPECIALTY,WATERFRONT,3,71,1.0,NATIONWIDE_TYPE_VENUE,50,1,1.0,1.0,0.8496721563326294,0.7941176470588235,1.33166914503179E8,423ef67fb8d8ce3b4c72bcaeeff7f273fce5f5c7748615ef99cbb399498ea8e6,186c7faa52c4b6f44e518c1e0f9e05343b2330959c4c503d74e395b2e07b851d,303,0.1961542920091413,SAME_REGION_TYPE,true,0.9,0.9500000000000001,1.0,50,6,3.7786827605619884,0.08268714222118366,0.9302169044387779,0.9230769230769231,7.464387696123113E7,a405bc2f0595e531a3b632582a3fb2e5405c56485b7058cb9372de247cb70768,e80e8172b5f0ddb39687a6178e3b6985cb582d0c52adcf68409f9b9609aed1c0
NO_DISTRICT,CHUNGNAM,,NATURE_ECOLOGY,GREEN,10,88,1.0,NATIONWIDE_TYPE_VENUE,50,1,1.0,1.0,0.7980018003259886,0.7295454545454546,2.0172111591410264E8,dc459aca48974424d1e63cba2ca3e5c0d723e32a3a4724a75d28d13eea8c5f69,d4e342dad3009d5903f43a20d68d1adfe343175eda28184ecc9b3d101cd4ca3b,204,0.3409900000729538,SAME_REGION_TYPE,true,0.9,0.9500000000000001,1.0,50,6,3.395519532987592,0.041533367422841,0.9256914783434577,0.9230769230769231,6.415185593420117E7,92c10420c3b3828aa3bd0731090933b5fe4558db0e006fe54b3742ac9129ba9a,d10c34cf1da06712564cd171b442c6f5e066b72658fbaf2527b6f877df6dabe3
NO_DISTRICT,CHUNGNAM,,LOCAL_SPECIALTY,WATERFRONT,16,71,1.0,NATIONWIDE_TYPE_VENUE,50,1,1.0,1.0,0.8065888429199444,0.7102941176470589,1.5585215747803965E8,423ef67fb8d8ce3b4c72bcaeeff7f273fce5f5c7748615ef99cbb399498ea8e6,62fd34f9b141d431e04fe8da5d7fc206ac2ae3bf9d8c38882dc024851ebcec37,291,0.18265790767059795,SAME_REGION_TYPE,true,0.9,0.9500000000000001,1.0,50,5,3.581322329720627,0.12435276664816866,0.9276362559465983,0.9230769230769231,5.242835557737392E7,896637d4bc55ae10437c9bb114f866acbd6ccf62340a8cd854c1446c9abb48da,840ee3f24081bb082f2ce7f1c6d188fa669752424d693535011faac7a269a33f
NO_DISTRICT,CHUNGNAM,,LOCAL_SPECIALTY,WATERFRONT,10,71,1.0,NATIONWIDE_TYPE_VENUE,50,1,1.0,1.0,0.8117325227101574,0.7295454545454546,1.5334020285642394E8,423ef67fb8d8ce3b4c72bcaeeff7f273fce5f5c7748615ef99cbb399498ea8e6,c742bf425c7912ba9aad366c336ca122405a6ce21f70f6de77f34798e0615397,286,0.18987732806830596,SAME_REGION_TYPE,true,0.9,0.9500000000000001,1.0,50,6,2.888880006337145,0.08335945003650218,0.9264341276522352,0.9230769230769231,7.923129685787345E7,a5bc37245c5e4300b6a093bc4def126647c9c1db8ba9fa7de6d803f210784138,1cc5ce8c922095d4ebe896a489eb4cfb08662947a952318ab9970aeadfcbab65
NO_DISTRICT,CHUNGNAM,,NATURE_ECOLOGY,WATERFRONT,4,70,1.0,NATIONWIDE_TYPE_VENUE,50,1,1.0,1.0,0.8152482703163436,0.765,1.3242819812877339E8,0a635fe7c95464734d67fcf3eb34fbe1decb151168419235fa06b370eaf0e0c0,3b3f615d2bf895825b908a7b341d6a5eb88246498d5f8837273f80131ccd279d,190,0.2993647764155321,SAME_REGION_TYPE,true,0.9,0.9500000000000001,1.0,50,5,3.3264359384817905,0.041866597429916344,0.9243178917459555,0.9230769230769231,5.208489323609532E7,e2dbefaf9c091b291f8a37208eee8c786892684d5abd5b8349c3ca50a817e9bc,a5d28098a7852ddea90895a6da4303b2fdefa9bec07abf59c969acfb5c5be99f
NO_DISTRICT,CHUNGNAM,,COMMUNITY,GREEN,2,41,1.0,NATIONWIDE_TYPE_VENUE,41,1,1.0,1.0,0.8022890062383363,0.6868421052631579,1.2419506960513738E8,2e791c1fbe39f5acd2e443473c32520423f6131ee59cef2b016af5dfdade83f7,2e791c1fbe39f5acd2e443473c32520423f6131ee59cef2b016af5dfdade83f7,68,0.5289359017285455,GLOBAL_SIMILARITY,true,0.9,0.9500000000000001,1.0,50,7,4.145995690341352,0.4042736528719793,0.8882433406366915,0.7941176470588235,7.033896362883447E7,b4eb7702f1d28028a2ea11793962c6a90390bc74cb560eaa0c464161031db949,295cba7b018a10ebf2df950dbea2364fee776a99dafa38a56a8374f17b77da3b
NO_DISTRICT,CHUNGNAM,,LOCAL_SPECIALTY,OTHER,2,30,1.0,NATIONWIDE_TYPE_VENUE,30,1,1.0,1.0,0.8060655364441526,0.6895161290322581,1.0381588871642631E8,d7eb5f5a7795ed75ed648bbe71eacb81a6fe0bd8c57b502eb69efc2e8672ca56,d7eb5f5a7795ed75ed648bbe71eacb81a6fe0bd8c57b502eb69efc2e8672ca56,271,0.16999494490081563,SAME_REGION_TYPE,true,0.9,0.9500000000000001,1.0,50,6,4.040876056485901,0.020728284024105894,0.9332429382438387,0.9230769230769231,5.772025534806346E7,85ad0dfc4bfc52fce59d7ddb93d01d75537ce0beef3dd8f0896deebc4abcb63d,526f4e8a70483a505880232007a9577ab57a6f6e1fadff8e46e1f455c1ac077e
NO_DISTRICT,CHUNGNAM,,COMMUNITY,WATERFRONT,2,29,1.0,NATIONWIDE_TYPE_VENUE,29,1,1.0,1.0,0.8084164915832026,0.6964285714285715,1.3120243292881906E8,d79174673ff7f3466f21cd9adef13feaf0fb2e943028627027b036405e0d7d39,d79174673ff7f3466f21cd9adef13feaf0fb2e943028627027b036405e0d7d39,56,0.4466734004690858,SAME_REGION_TYPE,true,0.9,0.9500000000000001,1.0,50,7,4.204703347564602,0.39803588802223705,0.8851568574394147,0.7875000000000001,7.747262108395068E7,859e247b0a1a879f1676b6db41d2d2d87938e7c3b4f32c439450ec944ce20499,a54c78c29f3a289e8df711bea3530a913301b6e4301b3145f32308ec880c17d1
NO_DISTRICT,CHUNGNAM,,NATURE_ECOLOGY,VILLAGE,53,191,0.15635069185371625,SAME_REGION_TYPE,50,4,3.2825279565870966,0.18051617877411189,0.9233742821622644,0.9230769230769231,5.075742913263152E7,487c12be2fcdc1597a210a20c220d360a3a51bb0c987825a4d4d04fa994a1e3b,4ee3e6e5f2ac295af253c3b0b9b2fbd44aeeb714eeb062513029e36b4a02ebdc,191,0.15635069185371625,SAME_REGION_TYPE,false,-Infinity,NaN,NaN,50,4,3.2825279565870966,0.18051617877411189,0.9233742821622644,0.9230769230769231,5.075742913263152E7,487c12be2fcdc1597a210a20c220d360a3a51bb0c987825a4d4d04fa994a1e3b,4ee3e6e5f2ac295af253c3b0b9b2fbd44aeeb714eeb062513029e36b4a02ebdc
NO_DISTRICT,CHUNGNAM,,TRADITION_HISTORY,GREEN,2,54,1.0,NATIONWIDE_TYPE_VENUE,50,1,1.0,1.0,0.7979610095700628,0.75,2.49160953205623E8,925fb91efbfb16db5e571b6b008cb99b6c0a3a167e39edb07bb4c1c2cafda7ae,629b0d4dc3b42373f864c89399bdd4c8d07d01fb74c9a354eae111ad6bfab652,130,0.3415678145846778,SAME_REGION_TYPE,true,0.8911764705882352,0.9411764705882353,1.0,50,7,5.847246885200336,0.02059408644070306,0.927575663809498,0.9230769230769231,1.915977858849299E8,40c6debf63601335a86f808f42ddc090b8656e13c158462ab602842f6698831b,9caf91af86ff00fc228a6ec39c92946c62450e9d59ac1ad9b272e846a8217847
NO_DISTRICT,CHUNGNAM,,LOCAL_SPECIALTY,GREEN,2,95,1.0,NATIONWIDE_TYPE_VENUE,50,1,1.0,1.0,0.8150660935622661,0.7875000000000001,1.2917600560859263E8,6f559ff7303a8c2962ebc48f630fcff4006b749cc57f1e138c456575624dd657,ea74484f43926c89f6d797b7831313a7273c31fbac467be50b77595ef962c1ee,360,0.2099937977724568,SAME_REGION_TYPE,true,0.8625,0.9125000000000001,1.0,50,5,3.8061756484049014,0.2223077916549075,0.9326960102158373,0.9230769230769231,5.6826824839780755E7,a3c004c1ac256ec4484e46899dd11e5c21c0bb672c475553b8501d3b6a52a762,9cb3309d2bbdce62ea0c58af6b3f64c2e4a7c90d46450e6688f476f2f7b1dbbb
NO_DISTRICT,CHUNGNAM,,LOCAL_SPECIALTY,GREEN,37,95,1.0,NATIONWIDE_TYPE_VENUE,50,1,1.0,1.0,0.7505631166376721,0.6907894736842106,3.995331136661035E8,6f559ff7303a8c2962ebc48f630fcff4006b749cc57f1e138c456575624dd657,fcce43216822847ca80fddd3f35a6cb89e410d9a998c73ad6fc15363d77b30fb,309,0.21217664862403335,SAME_REGION_TYPE,true,0.8434426229508196,0.8934426229508197,1.0,50,4,2.620545073375263,0.07999999999999995,0.9230769230769226,0.9230769230769231,6.2134739017386116E7,c808d635df0571d54fba681d3740ffaed1a08d188ed71b50a017af390a4b9bff,20c12c0b7877b1464e41e14fa9e09ff3623cd474ea388fac3003043d66be5010
NO_DISTRICT,CHUNGNAM,,LOCAL_SPECIALTY,GREEN,30,95,1.0,NATIONWIDE_TYPE_VENUE,50,1,1.0,1.0,0.7529697965148124,0.6943548387096775,4.017468608611221E8,6f559ff7303a8c2962ebc48f630fcff4006b749cc57f1e138c456575624dd657,fcce43216822847ca80fddd3f35a6cb89e410d9a998c73ad6fc15363d77b30fb,321,0.2057867636155406,SAME_REGION_TYPE,true,0.8262295081967213,0.8762295081967213,1.0,50,4,2.6259326682657504,0.06055359946941838,0.9236712671161701,0.9230769230769231,6.29015327144261E7,f75b505ae9f1b81059316d78aba6c7a926529288c117ad015cb5c13da57a6e5d,0e232e4030a8550090772c36927057ddbe12d292199e17cfdeb42e820a9b3ab5
NO_DISTRICT,CHUNGNAM,,LOCAL_SPECIALTY,VILLAGE,3,23,1.0,NATIONWIDE_TYPE_VENUE,23,1,1.0,1.0,0.8312192153277153,0.7295454545454546,1.567212348428774E8,3fbec895063fe63197622dd9e2f7c6edb414b8212fdbf14439a971c269a81dc0,3fbec895063fe63197622dd9e2f7c6edb414b8212fdbf14439a971c269a81dc0,255,0.17954397048879564,SAME_REGION_TYPE,true,0.9,0.9500000000000001,1.0,50,6,3.6617753560357174,0.041424179738343066,0.9292966075158674,0.9230769230769231,7.766353314907241E7,6d0c30bdab8c1654e2678204c30616b85b1e09a51a9b1af1be6e95668356b589,4f90c421818de32bcbb28198170cefd043d3e26261ba225eff60e5d9f7001d87
NO_DISTRICT,CHUNGNAM,,LOCAL_SPECIALTY,INDEPENDENT,4,37,1.0,NATIONWIDE_TYPE_VENUE,37,1,1.0,1.0,0.7966022755884914,0.6991935483870968,1.578068075147712E8,f48a1845e91ccd6df2e6cbb8eff45c61703b96b9de9c78eebb998bf15f66a0a2,f48a1845e91ccd6df2e6cbb8eff45c61703b96b9de9c78eebb998bf15f66a0a2,276,0.16961490663397324,SAME_REGION_TYPE,true,0.9,0.9500000000000001,1.0,50,5,2.638548018733615,0.021079065628583683,0.9254208981628969,0.9230769230769231,7.603190455804436E7,f306903f09db2bc73763f5357419c0cf43fbac471d7b819a64bca995ba8114bc,497e5ed5979966c067ade3980c9d09127bb2bf9c5e2acbf9c45bbb736fdc8a40
NO_DISTRICT,CHUNGNAM,,NATURE_ECOLOGY,INDEPENDENT,6,191,0.1549506590509536,SAME_REGION_TYPE,50,5,3.417580946722333,0.041892916481935036,0.9240217121811902,0.9230769230769231,4.9051315700373545E7,8a3086cee74396591e802e8a7244dce54036d2c2aaf867e0c7d0cd9062bfa9d8,0d293628356a952beb7fd02c9a243d50dcf578165af3b9605c08b67532472af2,191,0.1549506590509536,SAME_REGION_TYPE,false,-Infinity,NaN,NaN,50,5,3.417580946722333,0.041892916481935036,0.9240217121811902,0.9230769230769231,4.9051315700373545E7,8a3086cee74396591e802e8a7244dce54036d2c2aaf867e0c7d0cd9062bfa9d8,0d293628356a952beb7fd02c9a243d50dcf578165af3b9605c08b67532472af2
NO_DISTRICT,CHUNGNAM,,TRADITION_HISTORY,OTHER,2,22,1.0,NATIONWIDE_TYPE_VENUE,22,1,1.0,1.0,0.8017771350694279,0.7159090909090909,1.9229041879020238E8,3d535e023c473017fdda8ada497fd3aeb9dbae27b046a7bdeb89e40249781229,3d535e023c473017fdda8ada497fd3aeb9dbae27b046a7bdeb89e40249781229,117,0.14935250416762638,SAME_REGION_TYPE,true,0.8625,0.9125000000000001,1.0,50,6,5.607511572412228,0.1982517448670415,0.9272061594011339,0.9230769230769231,1.9062560694495362E8,aea7b5bc521cbbeda75934be9ea319f410a7d133de2ab41acf867a9888951051,e6cdac4f340f1ae5e5b32bfb052f99dcc4feb019f3951c0d56943a885b759e02
NO_DISTRICT,CHUNGNAM,,NATURE_ECOLOGY,INDEPENDENT,10,191,0.154100613376532,SAME_REGION_TYPE,50,6,3.3995163942251034,0.06216179727914461,0.9260633775178612,0.9230769230769231,6.587103326461248E7,8a3086cee74396591e802e8a7244dce54036d2c2aaf867e0c7d0cd9062bfa9d8,a8037e448d2bf6a86af92f1ddcdcca356632aa484b0c388af8bc7806a016efc9,191,0.154100613376532,SAME_REGION_TYPE,false,-Infinity,NaN,NaN,50,6,3.3995163942251034,0.06216179727914461,0.9260633775178612,0.9230769230769231,6.587103326461248E7,8a3086cee74396591e802e8a7244dce54036d2c2aaf867e0c7d0cd9062bfa9d8,a8037e448d2bf6a86af92f1ddcdcca356632aa484b0c388af8bc7806a016efc9
NO_DISTRICT,JEONBUK,,COMMUNITY,INDEPENDENT,3,21,1.0,NATIONWIDE_TYPE_VENUE,21,1,1.0,1.0,0.8049859761902242,0.75,1.5602328461257824E8,eedf7791ca3d1393402cd8cd68579a82dd4c14bb23bf3bca6d0ba4c78b4feceb,eedf7791ca3d1393402cd8cd68579a82dd4c14bb23bf3bca6d0ba4c78b4feceb,63,0.2755565721491872,SAME_REGION_TYPE,true,0.8625,0.9125000000000001,1.0,50,9,6.393024954539968,0.13527618398766755,0.9083665416169219,0.7941176470588235,9.552499033091739E7,795683f8d5fc7cffb4fc7eb4b844a4027f14f861e1979bb1491560ab72152fc6,18e1f0906e64a23fe7e38de8f140214fdefeff1d2ca9b35ff14fb60f43d210d8
NO_DISTRICT,JEONBUK,,CULTURE_ART,VILLAGE,2,39,1.0,NATIONWIDE_TYPE_VENUE,39,1,1.0,1.0,0.8060786533026844,0.6817164179104478,1.4217640176803288E8,35666bd283d687af38fec7347887732ca0983e78f887177a0dbce730a02f799c,35666bd283d687af38fec7347887732ca0983e78f887177a0dbce730a02f799c,127,0.24843546661438923,SAME_REGION_TYPE,true,0.9,0.9500000000000001,1.0,50,7,3.7765376787179243,0.06300978108363932,0.9271334378693851,0.9230769230769231,2.0776539851480418E8,153514c7b5a698290c0521751341931d75d8826b32d2f6d9e32e852afe6f0cd9,a509d3d59cd69938a316ad9320f92e82f76132a0f2e9b6a12e3e1981adb8a2c4
NO_DISTRICT,JEONBUK,,NATURE_ECOLOGY,GREEN,5,88,1.0,NATIONWIDE_TYPE_VENUE,50,1,1.0,1.0,0.7986124430743863,0.7568181818181818,1.8981517428055462E8,dc459aca48974424d1e63cba2ca3e5c0d723e32a3a4724a75d28d13eea8c5f69,62dd12abb3423f3a77b7ec6e939aef0a34a457dd62c7ecf212c11db968a9dd8c,196,0.36844473378912485,SAME_REGION_TYPE,true,0.85,0.9,1.0,50,7,3.817273219170118,0.2396980366530444,0.9236712671161701,0.9230769230769231,8.165413690225859E7,75f46defb29bd2992c8ca413cdfd24b9ec1ddc4d57104b1bf0524fcc6cfdb8b6,04171229334ddc5d694dc6b0793c6546970b84d940c309b52c557d9b32b2fda7
NO_DISTRICT,JEONBUK,,LOCAL_SPECIALTY,UNDECIDED,2,198,0.1394025893520444,SAME_REGION_TYPE,50,6,5.111525240279091,0.29608354336438414,0.9292438242715698,0.9230769230769231,6.907527701897682E7,12a22ab485fa1fa38a63fddf84f364271f40d22ebbdf418e03ed4ad6d7b72653,c4ae7baf9a05860a2e25f04356dd530ad26e548c293a0d0ae937d792fad9e77d,198,0.1394025893520444,SAME_REGION_TYPE,false,-Infinity,NaN,NaN,50,6,5.111525240279091,0.29608354336438414,0.9292438242715698,0.9230769230769231,6.907527701897682E7,12a22ab485fa1fa38a63fddf84f364271f40d22ebbdf418e03ed4ad6d7b72653,c4ae7baf9a05860a2e25f04356dd530ad26e548c293a0d0ae937d792fad9e77d
NO_DISTRICT,JEONBUK,,CULTURE_ART,OTHER,3,70,1.0,NATIONWIDE_TYPE_VENUE,50,1,1.0,1.0,0.814976035068485,0.7875000000000001,2.0624815886130738E8,e2894551a9aade3371c9d134fd015763aa296c0fb24e8191f8fdd46932c4cd77,fcd28abf50924f00001332a796c1116e47df0d1da958be54411144ff54b2b8a7,166,0.3497548121750993,SAME_REGION_TYPE,true,0.9,0.9500000000000001,1.0,50,8,3.9415291542699067,0.02102635070389326,0.926596382420135,0.9230769230769231,2.4777675854339254E8,5397c478b3edf6858051820869956ee74c8afc6eb04f61479d67a20736e0f3f8,e8468cc86d56f34287e59355447446e7f58d66dd15b61572d5622f743df9ce55
NO_DISTRICT,JEONBUK,,NATURE_ECOLOGY,GREEN,9,88,1.0,NATIONWIDE_TYPE_VENUE,50,1,1.0,1.0,0.8050365938958086,0.7402173913043478,1.712444544175492E8,dc459aca48974424d1e63cba2ca3e5c0d723e32a3a4724a75d28d13eea8c5f69,ef71fc5870a5d089f0d28ecd62151c55b8bdeb1af39ffe3023ce56c1ed97eec7,186,0.3839394754604152,SAME_REGION_TYPE,true,0.8863636363636364,0.9363636363636364,1.0,50,8,4.306092600006056,0.020490578792202837,0.9251267052384575,0.9230769230769231,1.1517996889933051E8,381358888683c11b86753e9afdafaaf4d9756f1ac1af26cb5bc908edb37346d9,ffab25b66e5a054cd7a5909bb17a99c3aa84001a16e2a1fea1518f1465c58ac4
NO_DISTRICT,JEONBUK,,CULTURE_ART,INDEPENDENT,3,76,1.0,NATIONWIDE_TYPE_VENUE,50,1,1.0,1.0,0.8235343674467921,0.7875000000000001,3.179098446967533E8,8d3227fce5057e121afb1463f7003206e6d03aae5ceffb834860623ae7d9b164,22c3f44c7c36e997ace5e85ffc3b6084471ffdfee3e12103b848a92bbe77c14d,172,0.37095967699467003,SAME_REGION_TYPE,true,0.9,0.9500000000000001,1.0,50,7,4.174198729004351,0.06293117775989544,0.9277176658157297,0.9230769230769231,2.529309745628927E8,9076af0adbca53c8a71525e463c832dbda500c697f0f7add038b40b3c5f1d096,04fffe0dce39c711d9c0eac6fe3befadc354242c9b432a90b452581ee0897f06
NO_DISTRICT,JEONBUK,,COMMUNITY,UNDECIDED,3,56,0.20914296992048712,SAME_REGION_TYPE,50,9,6.401848501823958,0.1402947759147479,0.9107582211334488,0.8025000000000001,8.599052621985637E7,da7325a1f57e758fd4801222cf1c0c63fca4fd3c1982ac9e0c91ee905204d4ea,6ec6f744fa11140d37054fc60e24593b74fe2be2e22e0a678cda1237652b2b3b,56,0.20914296992048712,SAME_REGION_TYPE,false,-Infinity,NaN,NaN,50,9,6.401848501823958,0.1402947759147479,0.9107582211334488,0.8025000000000001,8.599052621985637E7,da7325a1f57e758fd4801222cf1c0c63fca4fd3c1982ac9e0c91ee905204d4ea,6ec6f744fa11140d37054fc60e24593b74fe2be2e22e0a678cda1237652b2b3b
NO_DISTRICT,JEONBUK,,LOCAL_SPECIALTY,UNDECIDED,3,198,0.13678421230971827,SAME_REGION_TYPE,50,6,5.085116809763648,0.020639238233521533,0.9352285604489342,0.9230769230769231,1.4394880834662515E8,12a22ab485fa1fa38a63fddf84f364271f40d22ebbdf418e03ed4ad6d7b72653,368363ad933db3c2ba7c11c025ba30d794d50f93766cfb87b7d5dc2a60d96b9d,198,0.13678421230971827,SAME_REGION_TYPE,false,-Infinity,NaN,NaN,50,6,5.085116809763648,0.020639238233521533,0.9352285604489342,0.9230769230769231,1.4394880834662515E8,12a22ab485fa1fa38a63fddf84f364271f40d22ebbdf418e03ed4ad6d7b72653,368363ad933db3c2ba7c11c025ba30d794d50f93766cfb87b7d5dc2a60d96b9d
NO_DISTRICT,JEONBUK,,TRADITION_HISTORY,GREEN,2,54,1.0,NATIONWIDE_TYPE_VENUE,50,1,1.0,1.0,0.8070246645150576,0.75,2.5227998873742625E8,925fb91efbfb16db5e571b6b008cb99b6c0a3a167e39edb07bb4c1c2cafda7ae,629b0d4dc3b42373f864c89399bdd4c8d07d01fb74c9a354eae111ad6bfab652,94,0.501069822575665,GLOBAL_SIMILARITY,true,0.9,0.9500000000000001,1.0,50,9,7.255377621253168,0.17913525714479697,0.9152079893569428,0.8250000000000001,2.1868178104214606E8,ccd348e9a1b7b76a5e8c403098a41dd95cdcc4f9b82d228d59da09c223147c77,77506e47c4f95473f8a0fbee6e8cf7bf3a887f305780fea0fcffbcc5d390e4ec
NO_DISTRICT,JEONBUK,,TRADITION_HISTORY,VILLAGE,4,89,0.17789956600245538,SAME_REGION_TYPE,50,8,7.216361062218206,0.14067500265420155,0.9209864369144104,0.9062500000000001,3.229731989952763E8,b0328bbe739f5908081b64f8f6c4665e560e0c688ed7e108d3256c395fd27017,1cf452eded3cb601dbc21cf313cebc1542c05652bd417d4d85fd35ce73565aa7,89,0.17789956600245538,SAME_REGION_TYPE,false,-Infinity,NaN,NaN,50,8,7.216361062218206,0.14067500265420155,0.9209864369144104,0.9062500000000001,3.229731989952763E8,b0328bbe739f5908081b64f8f6c4665e560e0c688ed7e108d3256c395fd27017,1cf452eded3cb601dbc21cf313cebc1542c05652bd417d4d85fd35ce73565aa7
NO_DISTRICT,JEONBUK,,CULTURE_ART,GREEN,2,158,1.0,NATIONWIDE_TYPE_VENUE,50,1,1.0,1.0,0.8391451892171852,0.8250000000000001,1.761704551099394E8,4214f3c3954d05a920f970ebc6a910e54d165aa212212417de62ae5be5a531b0,ed9f8f3a1a34b530e80a2fc4585315b31d4c771068742ff17297802cacf5d568,246,0.5662077809215303,GLOBAL_SIMILARITY,true,0.9,0.9500000000000001,1.0,50,7,3.7823346614171247,0.04205587746725164,0.9265720673736513,0.9230769230769231,2.0458586142502123E8,b140c83d84611debe7328933af0200a71cfcb53b3b7c550392e0a23351b345de,2fcbe0ed88e0cdf1fa8ba2b882370924e9ac37f01176c3023ccea4ebd4f09aef
NO_DISTRICT,JEONBUK,,LOCAL_SPECIALTY,INDEPENDENT,3,37,1.0,NATIONWIDE_TYPE_VENUE,37,1,1.0,1.0,0.8253351911007374,0.6943548387096775,1.3547616459918267E8,f48a1845e91ccd6df2e6cbb8eff45c61703b96b9de9c78eebb998bf15f66a0a2,f48a1845e91ccd6df2e6cbb8eff45c61703b96b9de9c78eebb998bf15f66a0a2,178,0.1704962887195963,SAME_REGION_TYPE,true,0.9,0.9500000000000001,1.0,50,6,5.354462581101248,0.0617752290535659,0.9363093831453823,0.9230769230769231,1.4455219813184872E8,e4ee5729771c018540e7300b9a2310ccdba807f1d11119ae706cfb1b3f7ca3b4,cf8e7680d3f38e3bc3d5889c33c2360551a181075de32ab215ee06cd70adf1ef
NO_DISTRICT,JEONBUK,,TRADITION_HISTORY,INDEPENDENT,3,38,1.0,NATIONWIDE_TYPE_VENUE,38,1,1.0,1.0,0.8022313605486915,0.7083333333333334,3.042646381344817E8,8674a18a77fd59101747b5bfbca30d4351075de073f6e1726ea05249ad86bedb,8674a18a77fd59101747b5bfbca30d4351075de073f6e1726ea05249ad86bedb,86,0.3719282075372139,SAME_REGION_TYPE,true,0.9,0.9500000000000001,1.0,50,9,7.673752617140218,0.040158928095021196,0.9236920997646931,0.9,3.010023092877237E8,35c4972b7704f7bde54e4f108b76a08827a782b4e4fc9a258367b1340376317c,0f4b447d388f5e87247faaab6021d23bf0e0b1be6a55956ada887f5f1a9e7ba2
NO_DISTRICT,JEONBUK,,CULTURE_ART,GREEN,3,158,1.0,NATIONWIDE_TYPE_VENUE,50,1,1.0,1.0,0.8410538277142049,0.8250000000000001,3.7002928425471336E8,4214f3c3954d05a920f970ebc6a910e54d165aa212212417de62ae5be5a531b0,2874d99555930b3d0bb5aba384212c5ed1bd59bfe82991fe7d56283fa6bf32aa,254,0.5482498342833361,GLOBAL_SIMILARITY,true,0.9,0.9500000000000001,1.0,50,7,4.174198729004351,0.06293117775989544,0.9277176658157297,0.9230769230769231,2.5061604193156362E8,af85f3cf3737ef0f29251c49875a7f2527d213691aa7f99de20a78da8990e0fa,1ee238ea9d532bb38b79cdc782abd8af7635034fbca2625908c5cd9f2c206da5
NO_DISTRICT,JEONBUK,,LOCAL_SPECIALTY,OTHER,2,30,1.0,NATIONWIDE_TYPE_VENUE,30,1,1.0,1.0,0.8111921525600158,0.6895161290322581,1.0518611981433277E8,d7eb5f5a7795ed75ed648bbe71eacb81a6fe0bd8c57b502eb69efc2e8672ca56,d7eb5f5a7795ed75ed648bbe71eacb81a6fe0bd8c57b502eb69efc2e8672ca56,139,0.19610029445192684,SAME_REGION_TYPE,true,0.9,0.9500000000000001,1.0,50,7,5.424659588197264,0.020882734877017223,0.9297988558102498,0.9230769230769231,6.805695800209697E7,d62ad16906413a074946f627e53bb9ea4f2df05f48f8ba13b00e52b6990ca07f,a6da8017cf4f3c1a1652ee8bc8869422a8b1db5646a07c8c01fea362c93c32a6
NO_DISTRICT,JEONBUK,,CULTURE_ART,GREEN,11,158,1.0,NATIONWIDE_TYPE_VENUE,50,1,1.0,1.0,0.7865217824866942,0.7375,4.5412628455048263E8,4214f3c3954d05a920f970ebc6a910e54d165aa212212417de62ae5be5a531b0,29abf0392e82fa99db83691bc43d0b59107d0bf9ea41f4dc3d1ba67233eb8af0,265,0.4972810949571554,SAME_REGION_TYPE,true,0.8125,0.8625,1.0,50,6,3.623188405797104,0.23999999999999988,0.9230769230769226,0.9230769230769231,2.809799717758099E8,a0b09af90cb1f13a8fa3e6c89d3f42ca7f4605f0d5b2b5ec8dfaaeeb29dbc2e5,989f7c61f40f3780e92527c91af460b635d8eed9bcdbb3b62218efc23caa6e68
NO_DISTRICT,JEONBUK,,CULTURE_ART,INDEPENDENT,22,76,1.0,NATIONWIDE_TYPE_VENUE,50,1,1.0,1.0,0.7441917089007004,0.7010869565217391,5.3656205966620344E8,8d3227fce5057e121afb1463f7003206e6d03aae5ceffb834860623ae7d9b164,d87f2603d7fe3f6e64b9f73b1f9fedf2f1c3ae5c8405278adbf9d4ebbaa97261,174,0.33833253920393197,SAME_REGION_TYPE,true,0.7891304347826087,0.8391304347826087,1.0,50,6,3.623188405797104,0.23999999999999988,0.9230769230769226,0.9230769230769231,2.809799717758099E8,c5e6567aca8f76fb721afae92abb3d352fbd584e3196c26eb72ad7c50b1d23e4,989f7c61f40f3780e92527c91af460b635d8eed9bcdbb3b62218efc23caa6e68
NO_DISTRICT,JEONBUK,,LOCAL_SPECIALTY,INDEPENDENT,2,37,1.0,NATIONWIDE_TYPE_VENUE,37,1,1.0,1.0,0.8205474582295624,0.6895161290322581,1.0828120884695849E8,f48a1845e91ccd6df2e6cbb8eff45c61703b96b9de9c78eebb998bf15f66a0a2,f48a1845e91ccd6df2e6cbb8eff45c61703b96b9de9c78eebb998bf15f66a0a2,146,0.20791915076268633,SAME_REGION_TYPE,true,0.9,0.9500000000000001,1.0,50,7,5.722517711106462,0.04171679190577719,0.9303525935652768,0.9230769230769231,6.620036256264985E7,a0fc0f897ff3621c908046829653ee410698c1b8ab32b78f11ee92df7427de57,2cdc4b19b537ae21af6341deb77d77c8d0c8d10c756726c99e6710fb321cd9bc
NO_DISTRICT,JEONBUK,,CULTURE_ART,INDEPENDENT,2,76,1.0,NATIONWIDE_TYPE_VENUE,50,1,1.0,1.0,0.8223523225791582,0.775,2.2729479462693375E8,8d3227fce5057e121afb1463f7003206e6d03aae5ceffb834860623ae7d9b164,be48329f206b4a57b43a816ad3dfbe52ddf91c40dc05efef51976898c51f45fb,164,0.388235728341179,SAME_REGION_TYPE,true,0.9,0.9500000000000001,1.0,50,7,3.764279911805802,0.021052675167357007,0.9260093761299126,0.9230769230769231,2.094562706606923E8,815a22ff111ebc550ff38a2680002eab5e8bbb9e40fb17855098989db898e825,33c9a711b254eff6df1f3ed58d61cc9d83b369986fb666f17b23b27cee95e3f7
NO_DISTRICT,JEONBUK,,COMMUNITY,GREEN,2,41,1.0,NATIONWIDE_TYPE_VENUE,41,1,1.0,1.0,0.8163046798529793,0.6868421052631579,1.2525537683360192E8,2e791c1fbe39f5acd2e443473c32520423f6131ee59cef2b016af5dfdade83f7,2e791c1fbe39f5acd2e443473c32520423f6131ee59cef2b016af5dfdade83f7,78,0.45968916869330206,SAME_REGION_TYPE,true,0.9,0.9500000000000001,1.0,50,8,5.5715968232948745,0.23198985073589454,0.910434479776073,0.8250000000000001,8.786539970088746E7,6967be358c74007e37e9f05dbcbbd3d62d0d573c1a42438f466ee8d25640271b,64d1a295d968f2c9599831065da1f4801d70605dcafd2f32135238fb9aea2e40
NO_DISTRICT,JEONBUK,,NATURE_ECOLOGY,GREEN,11,88,1.0,NATIONWIDE_TYPE_VENUE,50,1,1.0,1.0,0.8013954432574136,0.7375,1.798438744965763E8,dc459aca48974424d1e63cba2ca3e5c0d723e32a3a4724a75d28d13eea8c5f69,ef71fc5870a5d089f0d28ecd62151c55b8bdeb1af39ffe3023ce56c1ed97eec7,187,0.3790964578464832,SAME_REGION_TYPE,true,0.8875,0.9375,1.0,50,8,3.8414132317186174,0.020603926693910975,0.9236712671161701,0.9230769230769231,8.625714647675791E7,fe79f43af5294d917174d4e170fd71d98f0f7f6ff056628eaed2deecd2557860,1e6432418cf37106d1b4964f950cc5cccdbcffbf4bea27c2ca50ca05e448bcba
NO_DISTRICT,JEONBUK,,NATURE_ECOLOGY,WATERFRONT,3,70,1.0,NATIONWIDE_TYPE_VENUE,50,1,1.0,1.0,0.8212095734241148,0.775,1.1155894961686257E8,0a635fe7c95464734d67fcf3eb34fbe1decb151168419235fa06b370eaf0e0c0,d3fa94b8a515e123fca5c772bc892a3e46918ebe0c4e228206189c3406c711e0,166,0.34825330790035197,SAME_REGION_TYPE,true,0.9,0.9500000000000001,1.0,50,8,4.435337349469538,0.06300978108363932,0.9271334378693851,0.9230769230769231,1.0045249401857027E8,50412eb9a83931ccc6ccfd5b6742c3043404fa830d2046ba514a4250ac0d8bd3,2a22cdac8b95b9f3638cc7c08b0f09e80afce7cff4d6f69ab168a49e403553c9
NO_DISTRICT,JEONBUK,,COMMUNITY,GREEN,4,41,1.0,NATIONWIDE_TYPE_VENUE,41,1,1.0,1.0,0.7912300032213917,0.6947368421052632,1.674378976414828E8,2e791c1fbe39f5acd2e443473c32520423f6131ee59cef2b016af5dfdade83f7,2e791c1fbe39f5acd2e443473c32520423f6131ee59cef2b016af5dfdade83f7,78,0.4462310224795827,SAME_REGION_TYPE,true,0.9,0.9500000000000001,1.0,50,9,5.68100402871675,0.22459051046366313,0.9042873819406988,0.7941176470588235,1.0219971963696966E8,72f37a4d5dcac892390574ed1baaeded56afa4d2cf430fee1c54ae11b71d9494,d125f8919a2810e891f67ca7f7a9732bdf0a42648cab8ac3cc52694db5af5c02
NO_DISTRICT,JEONBUK,,CULTURE_ART,INDEPENDENT,7,76,1.0,NATIONWIDE_TYPE_VENUE,50,1,1.0,1.0,0.7875771578752236,0.7312500000000001,4.857045639137556E8,8d3227fce5057e121afb1463f7003206e6d03aae5ceffb834860623ae7d9b164,66cca39c28ca8af7481ce475830d6deaa425927ab5f5febb5e1c215e99dfa24d,172,0.35554008929074343,SAME_REGION_TYPE,true,0.8625,0.9125000000000001,1.0,50,6,3.623188405797104,0.23999999999999988,0.9230769230769226,0.9230769230769231,2.809799717758099E8,69c011cb0269c4df5654bc1b883d220993d706912cae6e87fc2593208d32b3e2,989f7c61f40f3780e92527c91af460b635d8eed9bcdbb3b62218efc23caa6e68
NO_DISTRICT,JEONBUK,,CULTURE_ART,WATERFRONT,2,90,1.0,NATIONWIDE_TYPE_VENUE,50,1,1.0,1.0,0.8152001723980579,0.7875000000000001,2.0543767446112236E8,c348e29400ebe021db666e856fec31595170b0090866fe06d013a15bb05b35e1,adf469a23634e25d19893b7c7f8d4de913bbd1bf21b5b495693fb6cdc97be6a7,178,0.4199798757189189,SAME_REGION_TYPE,true,0.9,0.9500000000000001,1.0,50,7,3.764279911805802,0.021052675167357007,0.9260093761299126,0.9230769230769231,2.132079503855251E8,b051a81e8fb2b05bcc27f57c08ac74888433a5e0c7673a8d21ea02dc0f872912,d67c0573d2f19c243950b407b98a5e9152442bb11b6d8e545231b0ec09579eda
NO_DISTRICT,JEONBUK,,COMMUNITY,WATERFRONT,3,29,1.0,NATIONWIDE_TYPE_VENUE,29,1,1.0,1.0,0.8008686269113797,0.7035714285714286,1.6585811937895003E8,d79174673ff7f3466f21cd9adef13feaf0fb2e943028627027b036405e0d7d39,d79174673ff7f3466f21cd9adef13feaf0fb2e943028627027b036405e0d7d39,71,0.3423925518264432,SAME_REGION_TYPE,true,0.87,0.92,1.0,50,9,6.395429080020144,0.1365157701727986,0.9085284205904942,0.8250000000000001,1.0398853267201945E8,78e9a3e3a0321e43b6b3d344882d56d315b26ead9132590ebe634b831c7e17ad,ea1d2859edd0d3f356f3e0d0195b273f3e90e6dcfbef8877c885c8adaf5d7162
NO_DISTRICT,JEONBUK,,NATURE_ECOLOGY,GREEN,30,88,1.0,NATIONWIDE_TYPE_VENUE,50,1,1.0,1.0,0.7632216938925829,0.6991935483870968,1.9239102890450194E8,dc459aca48974424d1e63cba2ca3e5c0d723e32a3a4724a75d28d13eea8c5f69,791f75ba253bbc715dd46ceb543bdeef677322027b94485202c68cf016117603,181,0.3714537883622594,SAME_REGION_TYPE,true,0.9,0.9500000000000001,1.0,50,8,4.221240365866391,0.021092285685967188,0.9251261055699953,0.9230769230769231,7.002036706971136E7,7a91a0005a51e41a3a55edcde80b3e44e26ef6e2e418ea05fc49ccd96476d1fc,db97c74ae1b61d6a6ceb1c54f3972b9f05042637f44d518377a9696038dfb829
NO_DISTRICT,JEONBUK,,CULTURE_ART,OTHER,2,70,1.0,NATIONWIDE_TYPE_VENUE,50,1,1.0,1.0,0.8178423549523828,0.775,1.8344743347207588E8,e2894551a9aade3371c9d134fd015763aa296c0fb24e8191f8fdd46932c4cd77,c6cba0ede7099f0444e7d83fc0449048d2c1a30000ea2212f83e84a22253e8b7,158,0.3698514831464952,SAME_REGION_TYPE,true,0.9,0.9500000000000001,1.0,50,7,3.7823346614171247,0.04205587746725164,0.9265720673736513,0.9230769230769231,2.0196520383936426E8,08a9e9a61464ede10b019cd64e02702cbb611fa3c195c5e5097be08c8421edfb,ef5200befada97bdbd796eb79eacf0402a03dc57ed44ecc42c3753c55a1f8908
NO_DISTRICT,JEONBUK,,CULTURE_ART,OTHER,5,70,1.0,NATIONWIDE_TYPE_VENUE,50,1,1.0,1.0,0.7998498803618216,0.75,2.4912478447673085E8,e2894551a9aade3371c9d134fd015763aa296c0fb24e8191f8fdd46932c4cd77,c5529ccca40cfbaac0d26523a1eb7cd3d502f5c0c4dc812577b55cff32bdd238,162,0.35159832648571004,SAME_REGION_TYPE,true,0.9,0.9500000000000001,1.0,50,7,4.003376108681363,0.021092285685967188,0.9251261055699953,0.9230769230769231,3.066279489375318E8,991423dd089f02c380c7a8693b517373f12458a45e0530d219b7fb493a095bbb,1b6b17894d8da5d7030dc5a16d0f19ea674a8c1e1b37dffba0fc5f2a74f70562
NO_DISTRICT,JEONBUK,,NATURE_ECOLOGY,VILLAGE,3,169,0.17828076054035594,SAME_REGION_TYPE,50,8,4.361108416204842,0.021052675167357007,0.9260093761299126,0.9230769230769231,1.013002760815839E8,c140fd5e998b007de76b05c50ed416e8906e61610322f6913d2037537189ed07,8caa789a43da8ace954d07b31b376f8989edabd59f070eaa7e07bc31f6f0f718,169,0.17828076054035594,SAME_REGION_TYPE,false,-Infinity,NaN,NaN,50,8,4.361108416204842,0.021052675167357007,0.9260093761299126,0.9230769230769231,1.013002760815839E8,c140fd5e998b007de76b05c50ed416e8906e61610322f6913d2037537189ed07,8caa789a43da8ace954d07b31b376f8989edabd59f070eaa7e07bc31f6f0f718
NO_DISTRICT,JEONBUK,,NATURE_ECOLOGY,GREEN,2,88,1.0,NATIONWIDE_TYPE_VENUE,50,1,1.0,1.0,0.8182930089713679,0.775,9.412777767149742E7,dc459aca48974424d1e63cba2ca3e5c0d723e32a3a4724a75d28d13eea8c5f69,ca22bcdacf1a4a1e113bb0d4da5110ebb83e673c60c6e17f8aaa2d56aaca9619,187,0.38546715669308074,SAME_REGION_TYPE,true,0.9,0.9500000000000001,1.0,50,7,4.008350166396406,0.04195095779763142,0.9277418357273706,0.9230769230769231,6.527481224670261E7,b315095f42219900a6cac4b61d594ca9c708a36f99a871d33152d95b79859455,e725e9a92a4104828018a82199e853082e4967ac0002198499a3b1349c6e4d2a
NO_DISTRICT,JEONBUK,,LOCAL_SPECIALTY,GREEN,3,95,1.0,NATIONWIDE_TYPE_VENUE,50,1,1.0,1.0,0.840137326886459,0.795,2.873643843686858E8,6f559ff7303a8c2962ebc48f630fcff4006b749cc57f1e138c456575624dd657,15cc4c0ef176c5b63325257f5d82af07fc030b277d838200860b26b81d0f22b3,236,0.3396088370577662,SAME_REGION_TYPE,true,0.9,0.9500000000000001,1.0,50,6,5.427475716956433,0.08227230915260728,0.9368479312377052,0.9230769230769231,1.6628390202739385E8,5ddc71d73621d1866514b6cf1cc5f2ccb72535f80047c86dffb0099332261a84,0c63cc99a7d3d80f6e1eaf45ae6f3acdbc3ffce6e30218bda4d1440b07f2d75d
NO_DISTRICT,JEONBUK,,COMMUNITY,VILLAGE,2,68,0.3128767198108444,SAME_REGION_TYPE,50,9,6.376920516105398,0.134717767073941,0.9087729239726752,0.8000000000000002,7.736628963439031E7,6af8bcbeb2a42fa2ec99f4da0937757930dbe1a4a91cce53290fe3b76d77ae31,b2646013cd5a48f971bb24d078ecb12703d45c1095775948e174a03d452f74da,68,0.3128767198108444,SAME_REGION_TYPE,false,-Infinity,NaN,NaN,50,9,6.376920516105398,0.134717767073941,0.9087729239726752,0.8000000000000002,7.736628963439031E7,6af8bcbeb2a42fa2ec99f4da0937757930dbe1a4a91cce53290fe3b76d77ae31,b2646013cd5a48f971bb24d078ecb12703d45c1095775948e174a03d452f74da
NO_DISTRICT,JEONBUK,,NATURE_ECOLOGY,UNDECIDED,2,159,0.1860222956433139,SAME_REGION_TYPE,50,7,3.992639906548996,0.03969992439955801,0.9266206937943514,0.9230769230769231,6.739216910598935E7,614c2bae410e1a1847baa157e54a1c741c137aeba922aba0ae95575ec8ca1e66,a07e948bbcf6c42004f554edb5289ec69262e0786f1514cb9311b54ce63ab067,159,0.1860222956433139,SAME_REGION_TYPE,false,-Infinity,NaN,NaN,50,7,3.992639906548996,0.03969992439955801,0.9266206937943514,0.9230769230769231,6.739216910598935E7,614c2bae410e1a1847baa157e54a1c741c137aeba922aba0ae95575ec8ca1e66,a07e948bbcf6c42004f554edb5289ec69262e0786f1514cb9311b54ce63ab067
NO_DISTRICT,JEONBUK,,LOCAL_SPECIALTY,WATERFRONT,2,71,1.0,NATIONWIDE_TYPE_VENUE,50,1,1.0,1.0,0.8156823605354272,0.7875000000000001,9.819327877530342E7,423ef67fb8d8ce3b4c72bcaeeff7f273fce5f5c7748615ef99cbb399498ea8e6,f1bf5c5ef599137e4ec4b591b6012872542fb7f242ccd6680e79fb88f259c4c0,180,0.32262360369368204,SAME_REGION_TYPE,true,0.9,0.9500000000000001,1.0,50,7,5.424659588197264,0.020882734877017223,0.9297988558102498,0.9230769230769231,6.953611386440934E7,4761b9d880145906940ac01e6c23743ae273a9c224b161014c673e31635f6800,eb593e57c848f89fbb40d32578a8c146a4f7c3d124294c0c5bdd001f8780e9e9
NO_DISTRICT,JEONBUK,,NATURE_ECOLOGY,OTHER,9,28,1.0,NATIONWIDE_TYPE_VENUE,28,1,1.0,1.0,0.7846631713246381,0.7050000000000001,1.2048140990023084E8,bac84c25c579cb164a23d21f107620de9d5a19ddb2360cb94e2daef2a6ba747b,bac84c25c579cb164a23d21f107620de9d5a19ddb2360cb94e2daef2a6ba747b,126,0.22881541788469528,SAME_REGION_TYPE,true,0.9,0.9500000000000001,1.0,50,8,4.310807422938671,0.021079065628583683,0.9254208981628969,0.9230769230769231,1.153361975445063E8,423ebdc4e9fef8ca755882ab8961963f27d5baec7a421012ae76f518f16bef19,6d91d098c215566e73ebab76295bf0a6e1ba72dcecfeb85f5cf8f0e070042e5a
NO_DISTRICT,JEONBUK,,TRADITION_HISTORY,VILLAGE,2,89,0.18085150874192982,SAME_REGION_TYPE,50,9,7.436191957449244,0.02134313080489863,0.9199714849693413,0.8906250000000001,2.2427875907789245E8,b0328bbe739f5908081b64f8f6c4665e560e0c688ed7e108d3256c395fd27017,1bd76c39e54a1601897c6aa1da7868c04fa66d87200af897303078110b42b85e,89,0.18085150874192982,SAME_REGION_TYPE,false,-Infinity,NaN,NaN,50,9,7.436191957449244,0.02134313080489863,0.9199714849693413,0.8906250000000001,2.2427875907789245E8,b0328bbe739f5908081b64f8f6c4665e560e0c688ed7e108d3256c395fd27017,1bd76c39e54a1601897c6aa1da7868c04fa66d87200af897303078110b42b85e
NO_DISTRICT,JEONBUK,,NATURE_ECOLOGY,GREEN,3,88,1.0,NATIONWIDE_TYPE_VENUE,50,1,1.0,1.0,0.8195791106099674,0.7875000000000001,1.2896319282993343E8,dc459aca48974424d1e63cba2ca3e5c0d723e32a3a4724a75d28d13eea8c5f69,e43b1b49e93e0076e7544d15d3adaa98c8e478abcb4313669054ca160d65505b,184,0.39664599219961855,SAME_REGION_TYPE,true,0.9,0.9500000000000001,1.0,50,8,4.4142268111649905,0.04205587746725164,0.9265720673736513,0.9230769230769231,9.953094028166837E7,fc29c139bdb3fa4f8707bf0a736e3dbac62ca71a5c521dec4c606d094270d89e,8463165a92017fff5784fd61efec867362a3e28436416d2afa9556869fb972c2
NO_DISTRICT,JEONBUK,,LOCAL_SPECIALTY,GREEN,4,95,1.0,NATIONWIDE_TYPE_VENUE,50,1,1.0,1.0,0.8270344922195952,0.795,3.670664412849816E8,6f559ff7303a8c2962ebc48f630fcff4006b749cc57f1e138c456575624dd657,58bded7ff6cc2eb6a27af0850969d0b8805fea72d4749759843483f111f056ce,241,0.33041683585558623,SAME_REGION_TYPE,true,0.9,0.9500000000000001,1.0,50,7,4.212825872514729,0.040880551481603626,0.9275120413239546,0.9230769230769231,1.7115501273156977E8,85bf6c9def2cbe692f9cc9bdede2a71fa9eb7ca3475927941cfb39f8e45ce897,eb94c66a67cd033ff9fab12b8fad93d55c4ff1b0b67135df669c22a8071fb018
NO_DISTRICT,JEONBUK,,NATURE_ECOLOGY,WATERFRONT,2,70,1.0,NATIONWIDE_TYPE_VENUE,50,1,1.0,1.0,0.8212346761180693,0.75,8.812536603864568E7,0a635fe7c95464734d67fcf3eb34fbe1decb151168419235fa06b370eaf0e0c0,bca7cbbe19f32677c6dec84d8b8782c0951a01704d7849153cbda87f82a7c1c7,169,0.3393617198958398,SAME_REGION_TYPE,true,0.9,0.9500000000000001,1.0,50,7,4.254440309479517,0.06285277030366543,0.9283004379549922,0.9230769230769231,6.348211529033753E7,04b85d5461e24a793e180f04310f985b81438379552c4091ea739ade763430c8,228963c97292d6d0d331ee9761f6ab1556ec8dfd08140656c306063b262afa2a
NO_DISTRICT,JEONBUK,,CULTURE_ART,GREEN,4,158,1.0,NATIONWIDE_TYPE_VENUE,50,1,1.0,1.0,0.8190253096695286,0.795,4.12164869820913E8,4214f3c3954d05a920f970ebc6a910e54d165aa212212417de62ae5be5a531b0,a05d7f8c335af574e882c36c9982eac6f131446b5cdd94b82fcfd6025a9782e2,259,0.5289913800357637,GLOBAL_SIMILARITY,true,0.9,0.9500000000000001,1.0,50,8,4.1415486502043555,0.021079065628583683,0.9254208981628969,0.9230769230769231,2.799502147968451E8,909d87b3183e75807012d61e44f7bb17cbf5e46117444deb0e7e40e86c0d4361,ac8091ba4fe77b773242c79737bb5cf9e7b4a0c9b42402f0597ac305e1cee762
NO_DISTRICT,JEONBUK,,COMMUNITY,GREEN,3,41,1.0,NATIONWIDE_TYPE_VENUE,41,1,1.0,1.0,0.8063310458615646,0.6907894736842106,1.4842128888856775E8,2e791c1fbe39f5acd2e443473c32520423f6131ee59cef2b016af5dfdade83f7,2e791c1fbe39f5acd2e443473c32520423f6131ee59cef2b016af5dfdade83f7,78,0.4549507299859368,SAME_REGION_TYPE,true,0.9,0.9500000000000001,1.0,50,9,5.662527344445658,0.2318547787980047,0.9083954807451948,0.7941176470588235,9.919137763901179E7,72f37a4d5dcac892390574ed1baaeded56afa4d2cf430fee1c54ae11b71d9494,d125f8919a2810e891f67ca7f7a9732bdf0a42648cab8ac3cc52694db5af5c02
NO_DISTRICT,JEONBUK,,NATURE_ECOLOGY,OTHER,2,28,1.0,NATIONWIDE_TYPE_VENUE,28,1,1.0,1.0,0.7984390486305134,0.6930000000000001,8.392820661112617E7,bac84c25c579cb164a23d21f107620de9d5a19ddb2360cb94e2daef2a6ba747b,bac84c25c579cb164a23d21f107620de9d5a19ddb2360cb94e2daef2a6ba747b,127,0.22511677503504368,SAME_REGION_TYPE,true,0.9,0.9500000000000001,1.0,50,7,4.008350166396406,0.04195095779763142,0.9277418357273706,0.9230769230769231,6.244292245855195E7,8f79e062b3724a49596b462ba55110563113185eba278d5e7d0f5d24f0976305,9f47477e7742de2418e76d9237de714044d569e5a623fb34e9f171946ab7c933
NO_DISTRICT,JEONBUK,,TRADITION_HISTORY,OTHER,2,22,1.0,NATIONWIDE_TYPE_VENUE,22,1,1.0,1.0,0.7978275655525076,0.7159090909090909,1.8779603813161197E8,3d535e023c473017fdda8ada497fd3aeb9dbae27b046a7bdeb89e40249781229,3d535e023c473017fdda8ada497fd3aeb9dbae27b046a7bdeb89e40249781229,62,0.28821251923924257,SAME_REGION_TYPE,true,0.9,0.9500000000000001,1.0,50,9,7.318575436091172,0.16501829279309788,0.9090312359974974,0.7875000000000001,1.9959060376584944E8,711127aa1dd28619c004d66db52cf53cb66211e6db138d0dc79cc47461015beb,aa93a88a52989763baa36bb9bee920ce0ee76450d71d3cc33dcb4ad014fc6441
NO_DISTRICT,JEONBUK,,NATURE_ECOLOGY,INDEPENDENT,23,177,0.178051665097234,SAME_REGION_TYPE,50,7,3.9937414342744826,0.1994973601667672,0.9242641174504737,0.9230769230769231,8.028512819341095E7,70fcb7536b269c8b778650a3408a24f3bc728e24c6992f452c13dff391eb43cf,150b1ced4e4a3bfe4ae08ade3e7ede308031e96004e93d2b0d4ad57d89810f28,177,0.178051665097234,SAME_REGION_TYPE,false,-Infinity,NaN,NaN,50,7,3.9937414342744826,0.1994973601667672,0.9242641174504737,0.9230769230769231,8.028512819341095E7,70fcb7536b269c8b778650a3408a24f3bc728e24c6992f452c13dff391eb43cf,150b1ced4e4a3bfe4ae08ade3e7ede308031e96004e93d2b0d4ad57d89810f28
NO_DISTRICT,JEONBUK,,NATURE_ECOLOGY,OTHER,3,28,1.0,NATIONWIDE_TYPE_VENUE,28,1,1.0,1.0,0.7937520037213631,0.6990000000000001,9.517502847660773E7,bac84c25c579cb164a23d21f107620de9d5a19ddb2360cb94e2daef2a6ba747b,bac84c25c579cb164a23d21f107620de9d5a19ddb2360cb94e2daef2a6ba747b,138,0.20833612507643734,SAME_REGION_TYPE,true,0.8625,0.9125000000000001,1.0,50,7,4.278044387819302,0.11939834428077259,0.9254453594716522,0.9230769230769231,9.800862540879087E7,b6e86fe32f0136bfd2f0554b647a6cbe0714a701761f1664686239b5f39797b3,5a8f80313cb83c4ceb20592864cd142b053ddb5e863bb22fa24794ebc7bfeef9
NO_DISTRICT,JEONBUK,,TRADITION_HISTORY,INDEPENDENT,5,38,1.0,NATIONWIDE_TYPE_VENUE,38,1,1.0,1.0,0.7803439353251782,0.7250000000000001,3.6440132655526423E8,8674a18a77fd59101747b5bfbca30d4351075de073f6e1726ea05249ad86bedb,8674a18a77fd59101747b5bfbca30d4351075de073f6e1726ea05249ad86bedb,90,0.3399284191939135,SAME_REGION_TYPE,true,0.9,0.9500000000000001,1.0,50,9,7.702159381004006,0.021017075760430035,0.9268367897412039,0.9062500000000001,3.4957848588201654E8,e50a472eef025e518b208f80a061c5b489a5841c1bfac0915ff0e6edf482d1ef,f937d55a23e737f980bbc59261b9835b2d7fd6d54726ac9bbcb3866ff40047b9
NO_DISTRICT,JEONBUK,,CULTURE_ART,INDEPENDENT,4,76,1.0,NATIONWIDE_TYPE_VENUE,50,1,1.0,1.0,0.8137733056932368,0.765,4.095763996885857E8,8d3227fce5057e121afb1463f7003206e6d03aae5ceffb834860623ae7d9b164,c4192e7b7eb707dfa328b76533b9faeb76dee778c56e77e768c62ad4d10d113d,177,0.35587130546857365,SAME_REGION_TYPE,true,0.9,0.9500000000000001,1.0,50,8,4.182469176396645,0.041059896134390185,0.9254591316486057,0.9230769230769231,3.1207125325214106E8,f7420e8d717ec6f105c2194b1921e10ed3b8a45c11342ce0e43eb622f5aacc5d,61bf2923f76ebab67ea30b43b5cd2f843344330b29c1bb75ca774860a5bab8c5
NO_DISTRICT,JEONBUK,,LOCAL_SPECIALTY,WATERFRONT,3,71,1.0,NATIONWIDE_TYPE_VENUE,50,1,1.0,1.0,0.8168529562264553,0.7875000000000001,1.549191395800296E8,423ef67fb8d8ce3b4c72bcaeeff7f273fce5f5c7748615ef99cbb399498ea8e6,5510eef625728b00cb41ace0cf5ce5b06113c80a56ecd14cbaf64a0b606dbbc1,212,0.2713407518524004,SAME_REGION_TYPE,true,0.9,0.9500000000000001,1.0,50,6,5.238584958327529,0.04123092654019987,0.9357695943133523,0.9230769230769231,1.4052480961550376E8,b85a64f09f6a5a37a8a560771a57ebb1bc1a8330e4e9330a8d33213bbd1764d3,eb057f5611d0bfd5ef6fe27f33707f64fa03314a9c3021c20c683cc269729276
NO_DISTRICT,JEONBUK,,CULTURE_ART,WATERFRONT,3,90,1.0,NATIONWIDE_TYPE_VENUE,50,1,1.0,1.0,0.8209691756254022,0.7875000000000001,2.949517098767843E8,c348e29400ebe021db666e856fec31595170b0090866fe06d013a15bb05b35e1,dfa7650f61eb4d5385ab57bba0d4231d057f8a416b77b7296c60e7e8752fd38a,186,0.4043235389677919,SAME_REGION_TYPE,true,0.9,0.9500000000000001,1.0,50,7,3.936332428504178,0.04200335211314754,0.9271576820369577,0.9230769230769231,2.4391779195707932E8,a55fa06afd53961df429fae273284a398321f1e360f41ce2a9a69d340c41d7df,3c7606adc0149a4d740436b99269a075321d0097ea1eab151b4741c7e544c119
NO_DISTRICT,JEONBUK,,LOCAL_SPECIALTY,VILLAGE,2,23,1.0,NATIONWIDE_TYPE_VENUE,23,1,1.0,1.0,0.8274240472152441,0.7159090909090909,1.2017377834592192E8,3fbec895063fe63197622dd9e2f7c6edb414b8212fdbf14439a971c269a81dc0,3fbec895063fe63197622dd9e2f7c6edb414b8212fdbf14439a971c269a81dc0,132,0.20334324614030833,SAME_REGION_TYPE,true,0.9,0.9500000000000001,1.0,50,7,5.99379373241358,0.06250234109091088,0.9309050420551166,0.9230769230769231,6.509240466263358E7,e328a0aeb51986f1912b99d9d2b41556dc93e2b713acf6b6218ae43510dadb15,3578a2839b50c28e2cf81a223f24f22d2795e7affb7aa8803cd2be50f2d6f292
NO_DISTRICT,JEONNAM,,TRADITION_HISTORY,INDEPENDENT,10,38,1.0,NATIONWIDE_TYPE_VENUE,38,1,1.0,1.0,0.7518323976137676,0.7022727272727273,3.7461256387892157E8,8674a18a77fd59101747b5bfbca30d4351075de073f6e1726ea05249ad86bedb,8674a18a77fd59101747b5bfbca30d4351075de073f6e1726ea05249ad86bedb,82,0.36136649215753014,SAME_REGION_TYPE,true,0.8911764705882352,0.9411764705882353,1.0,50,6,3.9736160928826467,0.10062958610830014,0.9147899612364979,0.7941176470588235,3.395134991458989E8,ec9b5569f59c15a9233330836d311dad39c69ff4ed7f80f3193f5a24c115551f,7c8f06ea8ce5c21af4c310068ba0ea5ae57d49c5f3389a06efc94575e51f0933
NO_DISTRICT,JEONNAM,,TRADITION_HISTORY,INDEPENDENT,3,38,1.0,NATIONWIDE_TYPE_VENUE,38,1,1.0,1.0,0.8035757786642459,0.7083333333333334,3.019786671785956E8,8674a18a77fd59101747b5bfbca30d4351075de073f6e1726ea05249ad86bedb,8674a18a77fd59101747b5bfbca30d4351075de073f6e1726ea05249ad86bedb,112,0.2762877159453406,SAME_REGION_TYPE,true,0.9,0.9500000000000001,1.0,50,8,7.0137905544061265,0.041193722978740153,0.9318900361358615,0.9230769230769231,3.7679694039191246E8,cdbaf6c8cdc62829d68adb0bb8c0f2b621c75c7647a1a24d529247ce32f7f849,e5213fd366f46cefbb7412483f053f71dfe8245b5abc7c6956cf8566fed94161
NO_DISTRICT,JEONNAM,,NATURE_ECOLOGY,GREEN,3,24,1.0,SAME_REGION_TYPE_VENUE,24,1,1.0,1.0,0.8912711951840597,0.8133333333333334,1.0890756676972131E8,2776e62582e59c8ef3457e8c5ea75263f1a7a3ea4fa2bc0c6b6cfb08181a7ee5,2776e62582e59c8ef3457e8c5ea75263f1a7a3ea4fa2bc0c6b6cfb08181a7ee5,237,0.21189397153040365,SAME_REGION_TYPE,true,0.9,0.9500000000000001,1.0,50,6,5.430944023361482,0.08192316891263532,0.9366647324103001,0.9230769230769231,1.1123780197480664E8,64ef7743ba6ffe843ed5de93a035700d672a0478a134028d00410b9e753ff5f5,3c53babd45eefc955998229ec2d6ee8e8cae9267223c83d984c7d09be5891f77
NO_DISTRICT,JEONNAM,,COMMUNITY,WATERFRONT,3,29,1.0,NATIONWIDE_TYPE_VENUE,29,1,1.0,1.0,0.8084547689344163,0.7035714285714286,1.6692772278367394E8,d79174673ff7f3466f21cd9adef13feaf0fb2e943028627027b036405e0d7d39,d79174673ff7f3466f21cd9adef13feaf0fb2e943028627027b036405e0d7d39,48,0.5344660299211332,GLOBAL_SIMILARITY,true,0.9,0.9500000000000001,1.0,48,8,3.060557060530274,0.5344660299211333,0.8636228985683917,0.7035714285714286,1.530428937999336E8,d771a153e2bb9f9b0a6a33f5e0b37ff50e6c388ecd4de48d8459b11c53fa06bc,d771a153e2bb9f9b0a6a33f5e0b37ff50e6c388ecd4de48d8459b11c53fa06bc
NO_DISTRICT,JEONNAM,,NATURE_ECOLOGY,GREEN,9,24,1.0,SAME_REGION_TYPE_VENUE,24,1,1.0,1.0,0.8986435668930428,0.8300000000000001,1.4038629526373702E8,2776e62582e59c8ef3457e8c5ea75263f1a7a3ea4fa2bc0c6b6cfb08181a7ee5,2776e62582e59c8ef3457e8c5ea75263f1a7a3ea4fa2bc0c6b6cfb08181a7ee5,221,0.2279008012832598,SAME_REGION_TYPE,true,0.9,0.9500000000000001,1.0,50,7,4.650652688126666,0.22495357591929988,0.9302414831625704,0.9230769230769231,1.8817527421794873E8,61b8a426a01f7b937d7da389404c0438ccdf7084b840640ae4812f9b3867bf20,edcff9178da37ac9e50bb54c66766855f25754dadd3619d560a6aa56eb0ebd75
NO_DISTRICT,JEONNAM,,COMMUNITY,INDEPENDENT,4,21,1.0,NATIONWIDE_TYPE_VENUE,21,1,1.0,1.0,0.8100869330903726,0.735,1.7535906300716922E8,eedf7791ca3d1393402cd8cd68579a82dd4c14bb23bf3bca6d0ba4c78b4feceb,eedf7791ca3d1393402cd8cd68579a82dd4c14bb23bf3bca6d0ba4c78b4feceb,40,0.45823421290952815,SAME_REGION_TYPE,true,0.9,0.9500000000000001,1.0,40,8,3.7475899946161104,0.45823421290952804,0.8681322422279216,0.735,1.5640151594824812E8,09d11553e2bd9ffca6c7f759f1f92497619d354940f92433e900aa4cd820f7ff,09d11553e2bd9ffca6c7f759f1f92497619d354940f92433e900aa4cd820f7ff
NO_DISTRICT,JEONNAM,,LOCAL_SPECIALTY,VILLAGE,3,23,1.0,NATIONWIDE_TYPE_VENUE,23,1,1.0,1.0,0.8159112876801914,0.7295454545454546,1.5728634887856737E8,3fbec895063fe63197622dd9e2f7c6edb414b8212fdbf14439a971c269a81dc0,3fbec895063fe63197622dd9e2f7c6edb414b8212fdbf14439a971c269a81dc0,222,0.16161716977471333,SAME_REGION_TYPE,true,0.8625,0.9125000000000001,1.0,50,5,4.400613077592939,0.12051514877797162,0.9355340177823384,0.9230769230769231,1.1484915103181447E8,c0c026750db76bbef0c377ee05023a207357bdd74ff98ec97c013c254e4f7b45,bb840b48ab0db8c25ffc542c098b90349e42b134568640f2368d64a19a068159
NO_DISTRICT,JEONNAM,,CULTURE_ART,VILLAGE,10,39,1.0,NATIONWIDE_TYPE_VENUE,39,1,1.0,1.0,0.7672546335231486,0.6996268656716418,2.2040599832621828E8,35666bd283d687af38fec7347887732ca0983e78f887177a0dbce730a02f799c,35666bd283d687af38fec7347887732ca0983e78f887177a0dbce730a02f799c,130,0.22350260015162796,SAME_REGION_TYPE,true,0.9,0.9500000000000001,1.0,50,7,4.399167572143858,0.06235942060415506,0.9261649655897635,0.9230769230769231,2.2554062469308478E8,7f1bedec1c0daa1bf19a185a6fa0d45dc4a24b5a4cf45afe90c0b47ee2ba8d30,53ed8e8fca8839c0405dc0445fe0e0c4153e4fb9eca6aba0dd3339fd2bddf7ae
NO_DISTRICT,JEONNAM,,CULTURE_ART,VILLAGE,4,39,1.0,NATIONWIDE_TYPE_VENUE,39,1,1.0,1.0,0.7935036559735046,0.6861940298507463,1.9125703665228093E8,35666bd283d687af38fec7347887732ca0983e78f887177a0dbce730a02f799c,35666bd283d687af38fec7347887732ca0983e78f887177a0dbce730a02f799c,172,0.17665729826542406,SAME_REGION_TYPE,true,0.8911764705882352,0.9411764705882353,1.0,50,7,5.422361956978603,0.060989487368149534,0.9282736276889146,0.9230769230769231,2.5715540621433678E8,3da9282c8cc60c3b583660a9e26df5566417089ce6dc0f44e1a511b3df267fbd,fde29dc33b8ec8103a7ee30f59472a9fa86b42d0442314b5ca6871fd3c53ce8f
NO_DISTRICT,JEONNAM,,NATURE_ECOLOGY,VILLAGE,10,405,0.14160544408616793,SAME_REGION_TYPE,50,7,3.902877745084617,0.02097389878243421,0.9277660019974951,0.9230769230769231,1.7044037049752095E8,55ac296673fef81051c9b989325207332b5e525841a7f883ba2af9155a8c7d0f,55867f30672741505b78d8d9aa1d70b4bd4d1b80af7cbcbb8d36376d6fadb881,405,0.14160544408616793,SAME_REGION_TYPE,false,-Infinity,NaN,NaN,50,7,3.902877745084617,0.02097389878243421,0.9277660019974951,0.9230769230769231,1.7044037049752095E8,55ac296673fef81051c9b989325207332b5e525841a7f883ba2af9155a8c7d0f,55867f30672741505b78d8d9aa1d70b4bd4d1b80af7cbcbb8d36376d6fadb881
NO_DISTRICT,JEONNAM,,NATURE_ECOLOGY,GREEN,2,24,1.0,SAME_REGION_TYPE_VENUE,24,1,1.0,1.0,0.8909488605580735,0.81,9.673275084288618E7,2776e62582e59c8ef3457e8c5ea75263f1a7a3ea4fa2bc0c6b6cfb08181a7ee5,2776e62582e59c8ef3457e8c5ea75263f1a7a3ea4fa2bc0c6b6cfb08181a7ee5,260,0.19194533680231687,SAME_REGION_TYPE,true,0.9,0.9500000000000001,1.0,50,4,3.593581459733348,0.14289572990703217,0.9391089381072151,0.9375000000000001,5.110981473282403E7,6e84c9f5cb5bd17c1268a6bbfff0db24734897aafe9f9e02fe9015bbaec85930,0f0d99b0fdca00bd88483f7cdef891579ba6d6dd0d39c7a7406ffc3a5a7a5902
NO_DISTRICT,JEONNAM,,LOCAL_SPECIALTY,WATERFRONT,3,71,1.0,NATIONWIDE_TYPE_VENUE,50,1,1.0,1.0,0.8394455084689331,0.7875000000000001,1.428059290111323E8,423ef67fb8d8ce3b4c72bcaeeff7f273fce5f5c7748615ef99cbb399498ea8e6,ae62433c823591c4766165e311a5607be120770721aac815827496200e308db7,223,0.26405155487118265,SAME_REGION_TYPE,true,0.9,0.9500000000000001,1.0,50,6,5.16326252257321,0.061661965530108234,0.9371512268811641,0.9230769230769231,1.1561370439338851E8,612de13b2d5b3fbb2e4c92bcf45f04bde46b11d95e8fb498e092e4eef3327ed6,5df8b8118605dbb72f921204be4f2f92295b47fc32791456db4d0ec1641edb9b
NO_DISTRICT,JEONNAM,,CULTURE_ART,UNDECIDED,2,233,0.173471595540341,SAME_REGION_TYPE,50,6,4.73032714433629,0.020830996149416355,0.9309525719568916,0.9230769230769231,1.5788953810175315E8,26d0aa26e3f3da5233c4c8fa8534c705b55f734f1fee0399dd82ba71a2a573b2,a38cf1fedd01baf500e1dc28ec3f4390d6c222d41d3ca7cc4e3242e17575e554,233,0.173471595540341,SAME_REGION_TYPE,false,-Infinity,NaN,NaN,50,6,4.73032714433629,0.020830996149416355,0.9309525719568916,0.9230769230769231,1.5788953810175315E8,26d0aa26e3f3da5233c4c8fa8534c705b55f734f1fee0399dd82ba71a2a573b2,a38cf1fedd01baf500e1dc28ec3f4390d6c222d41d3ca7cc4e3242e17575e554
NO_DISTRICT,JEONNAM,,NATURE_ECOLOGY,OTHER,9,28,1.0,NATIONWIDE_TYPE_VENUE,28,1,1.0,1.0,0.7970811188586526,0.7200000000000001,1.1708354744305447E8,bac84c25c579cb164a23d21f107620de9d5a19ddb2360cb94e2daef2a6ba747b,bac84c25c579cb164a23d21f107620de9d5a19ddb2360cb94e2daef2a6ba747b,225,0.2300179135896804,SAME_REGION_TYPE,true,0.9,0.9500000000000001,1.0,50,7,4.200445006176896,0.02101321314400436,0.9268893354105566,0.9230769230769231,1.8306424991743025E8,7cde2fb16ce319d5c8dc22f02a42677098e03425c27e1e3fe92bb85723ea81ed,1d19a6467d70811ad606360749838c446e7b513b657b6e4fb2d78f2a74ff9348
NO_DISTRICT,JEONNAM,,NATURE_ECOLOGY,OTHER,3,28,1.0,NATIONWIDE_TYPE_VENUE,28,1,1.0,1.0,0.8120276364421666,0.6990000000000001,9.237265641772424E7,bac84c25c579cb164a23d21f107620de9d5a19ddb2360cb94e2daef2a6ba747b,bac84c25c579cb164a23d21f107620de9d5a19ddb2360cb94e2daef2a6ba747b,241,0.2128501922300899,SAME_REGION_TYPE,true,0.9,0.9500000000000001,1.0,50,6,4.964122420183305,0.04123092654019987,0.9357695943133523,0.9230769230769231,1.1342011929320039E8,cebb76fc485254da621405ecd829c515823b27d13cf87fbb17a17f79c574a7ae,27a382dea4b5ef074a59d320f858463f21bd4c64a04eb6b9a5682c2f7e5b69f6
NO_DISTRICT,JEONNAM,,TRADITION_HISTORY,OTHER,3,22,1.0,NATIONWIDE_TYPE_VENUE,22,1,1.0,1.0,0.8061287495317516,0.7295454545454546,2.1930274349523932E8,3d535e023c473017fdda8ada497fd3aeb9dbae27b046a7bdeb89e40249781229,3d535e023c473017fdda8ada497fd3aeb9dbae27b046a7bdeb89e40249781229,96,0.20820287442168525,SAME_REGION_TYPE,true,0.9,0.9500000000000001,1.0,50,8,6.787991990911671,0.020805222806944135,0.9315272888612677,0.9230769230769231,3.66645522150725E8,5ef14c0010409379e280d57a5fd340c6225f897b6819da2b89be34bc3c3e817c,b49491f42be85d57dbf12ee16df55b2051e6ad506b12a3170263282d4ff4bac2
NO_DISTRICT,JEONNAM,,CULTURE_ART,GREEN,3,158,1.0,NATIONWIDE_TYPE_VENUE,50,1,1.0,1.0,0.8449564736301081,0.8250000000000001,3.9820164974599826E8,4214f3c3954d05a920f970ebc6a910e54d165aa212212417de62ae5be5a531b0,c9b84b9c5e4530409b0305e3676beb2dc62fba68c672cec2a2bd5da97cc1ca86,284,0.4837027852949848,SAME_REGION_TYPE,true,0.9,0.9500000000000001,1.0,50,6,5.090378158556518,0.04156212824866188,0.9320769666234351,0.9230769230769231,2.1407812902494806E8,c9cb696fc923a99eefa2a014d6e066cb23bf58946973240700083ca0460fcbd6,02abacb09fa35518e3d75e05dbf7ce148c46f4d8a8e6c11ab340a1075ce240e0
NO_DISTRICT,JEONNAM,,CULTURE_ART,INDEPENDENT,3,76,1.0,NATIONWIDE_TYPE_VENUE,50,1,1.0,1.0,0.8332333843439996,0.7875000000000001,2.9440976861277163E8,8d3227fce5057e121afb1463f7003206e6d03aae5ceffb834860623ae7d9b164,6f04df07cfa09ec48a75484b297358dd7a83250294474089e75885745e9f3923,202,0.31357654998574597,SAME_REGION_TYPE,true,0.9,0.9500000000000001,1.0,50,6,5.35447923664344,0.0829316587404348,0.9331725013603679,0.9230769230769231,2.2175730484426233E8,388cc588379a9c24e8ac875064f1bc1fe428ba552068770768f1a6802770d6cd,070b2ee99ee16181bb9bedec8dfe5ff9a335048cc25a9d9636cf97b613af6eb3
NO_DISTRICT,JEONNAM,,NATURE_ECOLOGY,OTHER,2,28,1.0,NATIONWIDE_TYPE_VENUE,28,1,1.0,1.0,0.8154998921304509,0.6930000000000001,8.156399992231996E7,bac84c25c579cb164a23d21f107620de9d5a19ddb2360cb94e2daef2a6ba747b,bac84c25c579cb164a23d21f107620de9d5a19ddb2360cb94e2daef2a6ba747b,264,0.19257131696563068,SAME_REGION_TYPE,true,0.9,0.9500000000000001,1.0,50,4,3.104858847655755,0.020525868778007186,0.9377565733597252,0.9375000000000001,4.80343587113483E7,144ea7e0143ac0c8774c03896b37a1d378fd1ad519505f7a9b84048148a2a344,9786fea961b028b37c34beca85c48879c5d95c38f828cebd0b25190d48efcaea
NO_DISTRICT,JEONNAM,,LOCAL_SPECIALTY,GREEN,3,95,1.0,NATIONWIDE_TYPE_VENUE,50,1,1.0,1.0,0.8397916411103762,0.795,2.6016587303447714E8,6f559ff7303a8c2962ebc48f630fcff4006b749cc57f1e138c456575624dd657,2ea804cb1df065d662c483d107acf1d8d15e2aa8623dcd62536c5b0e9a78f785,247,0.3231997949543596,SAME_REGION_TYPE,true,0.9,0.9500000000000001,1.0,50,6,5.160583784080229,0.06130522891181936,0.9369682688962031,0.9230769230769231,1.2757812674044374E8,8a300c7360131523c97610b3cf792f6b3699beb653663acb9e3474e8ccc8079d,f85151c7a2982a1cb48476a8ac92d3542e9082f011774979f1a8b6fe99c1444d
NO_DISTRICT,JEONNAM,,TRADITION_HISTORY,GREEN,2,54,1.0,NATIONWIDE_TYPE_VENUE,50,1,1.0,1.0,0.8069309309506668,0.75,2.4706570384095877E8,925fb91efbfb16db5e571b6b008cb99b6c0a3a167e39edb07bb4c1c2cafda7ae,629b0d4dc3b42373f864c89399bdd4c8d07d01fb74c9a354eae111ad6bfab652,101,0.46133013638102355,SAME_REGION_TYPE,true,0.9,0.9500000000000001,1.0,50,9,4.25717965793347,0.06010446616418924,0.924420251228109,0.9125000000000001,3.156064101678542E8,92609e49a20085183a09cf5c19e9e76124976a8010e7eff0cd327d8a974e4469,26ced6a16d14065d1d7eb2978531ef1bad9409715350c9443aa38d1be30252f7
NO_DISTRICT,JEONNAM,,CULTURE_ART,GREEN,5,158,1.0,NATIONWIDE_TYPE_VENUE,50,1,1.0,1.0,0.8240827267717347,0.775,3.5380444851080704E8,4214f3c3954d05a920f970ebc6a910e54d165aa212212417de62ae5be5a531b0,04cb9418d068a4161dc18d2bfd5cf6adfa37e130ab24fab0b08b03dccb7f21f7,264,0.5139905987859636,GLOBAL_SIMILARITY,true,0.9,0.9500000000000001,1.0,50,7,4.583798273341223,0.06099918380261497,0.9257916853509923,0.9230769230769231,2.527079350109533E8,5f402e681f92b864231b1d681aa03e83e7aef2bb4e6f8ead5db4ee2e064e233a,2cb8c9b79cc7ff1b07792041ab39a46dd98a8ad5cc04f0b223e6805f53125cfc
NO_DISTRICT,JEONNAM,,TRADITION_HISTORY,GREEN,3,54,1.0,NATIONWIDE_TYPE_VENUE,50,1,1.0,1.0,0.8127743440599732,0.75,3.171178077476805E8,925fb91efbfb16db5e571b6b008cb99b6c0a3a167e39edb07bb4c1c2cafda7ae,59a00d55c545687e333aade19bbea91c1325a74c086fffaff316b958ea646700,128,0.3544889424137863,SAME_REGION_TYPE,true,0.9,0.9500000000000001,1.0,50,8,7.017617543313274,0.04156212824866188,0.9320769666234351,0.9230769230769231,3.744657213782353E8,63a61f36842216ef22bc44d5c361a8b242451f5885f20f8f662967fb1abe3089,12d2b99cc338682b01a5c80b28042a175b0c290ec60cf473b7cfdc640b0736e9
NO_DISTRICT,JEONNAM,,NATURE_ECOLOGY,INDEPENDENT,5,410,0.13756877229739536,SAME_REGION_TYPE,50,6,3.1991697598042697,0.020195818019714814,0.9240786323656299,0.9230769230769231,1.3350894445694458E8,c7b0b3af995cb56262a62c0b8c2120905550549713dada0de323a2f0f79a03b8,262eb71db165674cd567755d1d93039b3c4b5020fcd30f55385847ec530e8c59,410,0.13756877229739536,SAME_REGION_TYPE,false,-Infinity,NaN,NaN,50,6,3.1991697598042697,0.020195818019714814,0.9240786323656299,0.9230769230769231,1.3350894445694458E8,c7b0b3af995cb56262a62c0b8c2120905550549713dada0de323a2f0f79a03b8,262eb71db165674cd567755d1d93039b3c4b5020fcd30f55385847ec530e8c59
NO_DISTRICT,JEONNAM,,CULTURE_ART,INDEPENDENT,2,76,1.0,NATIONWIDE_TYPE_VENUE,50,1,1.0,1.0,0.8337116988952618,0.775,2.2272320402480844E8,8d3227fce5057e121afb1463f7003206e6d03aae5ceffb834860623ae7d9b164,53fb76b8a653310c4a9e8f93523b3fec39e26a960e0b85ddfa006df14869a4f0,185,0.34180483660115946,SAME_REGION_TYPE,true,0.9,0.9500000000000001,1.0,50,6,5.16362197451255,0.062347845953790566,0.9320533443454133,0.9230769230769231,1.4339609807044613E8,335bf0cee13066f99cf451d89adf70f4243d8e794ee3ac79a82403c5ab0c793f,d619c5f6b2bc9952f2e085f45f141219db80b797c70e871d518a3e3505873f48
NO_DISTRICT,JEONNAM,,CULTURE_ART,OTHER,2,70,1.0,NATIONWIDE_TYPE_VENUE,50,1,1.0,1.0,0.8096145942305358,0.775,1.7078132823360348E8,e2894551a9aade3371c9d134fd015763aa296c0fb24e8191f8fdd46932c4cd77,20527dbab40e147534db859712a80c94cbce05d38cc933563b1bcf00191f5cc8,179,0.3165179336071177,SAME_REGION_TYPE,true,0.9,0.9500000000000001,1.0,50,6,4.73032714433629,0.020830996149416355,0.9309525719568916,0.9230769230769231,1.5234911602244326E8,ac12d7975e93674f26d308010e3b78d9e099e771376cef58c3c2d04dee697339,e4fe22daedfcf2d35fe09043252278a0069f5d6dd82e8a5d9834b60a01294ba3
NO_DISTRICT,JEONNAM,,CULTURE_ART,WATERFRONT,3,90,1.0,NATIONWIDE_TYPE_VENUE,50,1,1.0,1.0,0.8227306787222581,0.7875000000000001,2.698097004996336E8,c348e29400ebe021db666e856fec31595170b0090866fe06d013a15bb05b35e1,227061932e1a100f1fb99e6344d745f21dec4c717988cdd249c1fc16dbb6f75f,216,0.3416760882608722,SAME_REGION_TYPE,true,0.9,0.9500000000000001,1.0,50,6,5.238969101548549,0.06191085744573041,0.9324388662681294,0.9230769230769231,2.3198273811637467E8,c3304f0aa798e33867aaeb235df44b3a3571b384b891902dc9cf87bad3eb389d,522ea509a36bc1272cd33a34225be794f6f90148079af345d281a7171401fbe7
NO_DISTRICT,JEONNAM,,LOCAL_SPECIALTY,VILLAGE,2,23,1.0,NATIONWIDE_TYPE_VENUE,23,1,1.0,1.0,0.8274240472152441,0.7159090909090909,1.241171874555998E8,3fbec895063fe63197622dd9e2f7c6edb414b8212fdbf14439a971c269a81dc0,3fbec895063fe63197622dd9e2f7c6edb414b8212fdbf14439a971c269a81dc0,155,0.17169704504752792,SAME_REGION_TYPE,true,0.9,0.9500000000000001,1.0,50,6,4.850286339461027,0.061813076083647854,0.9360280808847797,0.9230769230769231,5.224232650845451E7,aabb97d147164021b00a0f00f9d8fe5c83f43017ca220746223267075c477e46,62a2b43ce848b5583afad365a40e9b618045587e8d6ce1903e8dfe4462871566
NO_DISTRICT,JEONNAM,,NATURE_ECOLOGY,WATERFRONT,2,70,1.0,NATIONWIDE_TYPE_VENUE,50,1,1.0,1.0,0.8142010382337808,0.765,9.5593840855858E7,0a635fe7c95464734d67fcf3eb34fbe1decb151168419235fa06b370eaf0e0c0,fe1a32963a2987c684e28bfa708cf9e2d3dcdaf47cff087f07e8a7643d5fa04a,306,0.17551000418229337,SAME_REGION_TYPE,true,0.9,0.9500000000000001,1.0,50,4,3.2193716113347186,0.04102972097516622,0.9380128715121895,0.9375000000000001,5.03381608184314E7,14cab85345c34ed106bfb6ccd8e5f1f1d6f979bc2d63458f048dfe53bfdec8da,f3b549f826e8ff9ee9719d5fd62964abc17ea8874d36cf95d54031a74e659c7e
NO_DISTRICT,JEONNAM,,LOCAL_SPECIALTY,INDEPENDENT,2,37,1.0,NATIONWIDE_TYPE_VENUE,37,1,1.0,1.0,0.8162216030960157,0.6895161290322581,1.0493782522363922E8,f48a1845e91ccd6df2e6cbb8eff45c61703b96b9de9c78eebb998bf15f66a0a2,f48a1845e91ccd6df2e6cbb8eff45c61703b96b9de9c78eebb998bf15f66a0a2,169,0.17637104921124844,SAME_REGION_TYPE,true,0.9,0.9500000000000001,1.0,50,6,4.850286339461027,0.061813076083647854,0.9360280808847797,0.9230769230769231,5.00729654946532E7,01214d837391c30c17dff8c68c925c264721f18acb5071b02c3e708b738334ae,33d6a56625ab17ae7bc38773e212815a15555d58c7afd7af2496de3b10182015
NO_DISTRICT,JEONNAM,,NATURE_ECOLOGY,WATERFRONT,4,70,1.0,NATIONWIDE_TYPE_VENUE,50,1,1.0,1.0,0.8058253860472303,0.765,1.4183058971375194E8,0a635fe7c95464734d67fcf3eb34fbe1decb151168419235fa06b370eaf0e0c0,0b37de870e68ec5456075aac170d88408fb125bbdddec20f209e3a655e6ec29c,286,0.19065223689265093,SAME_REGION_TYPE,true,0.9,0.9500000000000001,1.0,50,7,4.373699146710426,0.040931632742697344,0.9269273279606122,0.9230769230769231,1.8625571607688978E8,22cfd3c7ce2324a2690d4de5ab090912b0b3e4513a212ee1d1cb294b710291d7,519c9a2fc6dbddb71ac08e0f0d94f9227be9eb31b4aaf5810e04f28b8289eede
NO_DISTRICT,JEONNAM,,NATURE_ECOLOGY,INDEPENDENT,9,410,0.13961426459695322,SAME_REGION_TYPE,50,7,4.195852340896084,0.020426526419633502,0.9265969421206619,0.9230769230769231,1.7354891665362936E8,c7b0b3af995cb56262a62c0b8c2120905550549713dada0de323a2f0f79a03b8,7910d4e8192ba26802ff7cfc2267e9f9ee9d09eaee290ecb0f6458baf4c293e3,410,0.13961426459695322,SAME_REGION_TYPE,false,-Infinity,NaN,NaN,50,7,4.195852340896084,0.020426526419633502,0.9265969421206619,0.9230769230769231,1.7354891665362936E8,c7b0b3af995cb56262a62c0b8c2120905550549713dada0de323a2f0f79a03b8,7910d4e8192ba26802ff7cfc2267e9f9ee9d09eaee290ecb0f6458baf4c293e3
NO_DISTRICT,JEONNAM,,LOCAL_SPECIALTY,OTHER,2,30,1.0,NATIONWIDE_TYPE_VENUE,30,1,1.0,1.0,0.8210685470262138,0.6895161290322581,1.0358083852019766E8,d7eb5f5a7795ed75ed648bbe71eacb81a6fe0bd8c57b502eb69efc2e8672ca56,d7eb5f5a7795ed75ed648bbe71eacb81a6fe0bd8c57b502eb69efc2e8672ca56,162,0.16594050683259598,SAME_REGION_TYPE,true,0.8911764705882352,0.9411764705882353,1.0,50,6,4.4049506000445025,0.020277809875242858,0.9347612728916692,0.9230769230769231,5.145644131395899E7,02a0d4899d2b2d86a50cdf89bb68850ab768da5cd9e056130f192b086ff8e470,e86ab6320eb43fd237c7a490347c7634a64ae5340c4fa3e35ae9f0606c0218c2
NO_DISTRICT,JEONNAM,,LOCAL_SPECIALTY,GREEN,5,95,1.0,NATIONWIDE_TYPE_VENUE,50,1,1.0,1.0,0.8164490472971838,0.775,3.479413804690658E8,6f559ff7303a8c2962ebc48f630fcff4006b749cc57f1e138c456575624dd657,318941a57b77ce1bb6c34e867192784a9bc3f46658a0abb49fc5af914803fbe0,218,0.36105992005619086,SAME_REGION_TYPE,true,0.9,0.9500000000000001,1.0,50,7,4.1821465510386435,0.061621702678719074,0.9264188502861204,0.9230769230769231,1.1474750966246006E8,616fe348bd254eacf75d12cb2ae238c5a1913bf58dc758ec644ec386a982fb63,5a6c8ddfa93422560ae40108cc180fc5c7bbc49f76a7c83cc542dcc572f16a19
NO_DISTRICT,JEONNAM,,NATURE_ECOLOGY,INDEPENDENT,2,410,0.13381843340348012,SAME_REGION_TYPE,50,4,3.104858847655755,0.020525868778007186,0.9377565733597252,0.9375000000000001,4.812842147046254E7,c7b0b3af995cb56262a62c0b8c2120905550549713dada0de323a2f0f79a03b8,7b30d2ac9b95fbe74fae9c20226c202af0124db80c072b08d9d64043cd0bfdbd,410,0.13381843340348012,SAME_REGION_TYPE,false,-Infinity,NaN,NaN,50,4,3.104858847655755,0.020525868778007186,0.9377565733597252,0.9375000000000001,4.812842147046254E7,c7b0b3af995cb56262a62c0b8c2120905550549713dada0de323a2f0f79a03b8,7b30d2ac9b95fbe74fae9c20226c202af0124db80c072b08d9d64043cd0bfdbd
NO_DISTRICT,JEONNAM,,LOCAL_SPECIALTY,WATERFRONT,2,71,1.0,NATIONWIDE_TYPE_VENUE,50,1,1.0,1.0,0.8401300945876811,0.7875000000000001,9.15870971729566E7,423ef67fb8d8ce3b4c72bcaeeff7f273fce5f5c7748615ef99cbb399498ea8e6,f65e48197d92bf421d1622d37847280d3335548db00b802a9b0a66a76c618c0c,203,0.2894810236295839,SAME_REGION_TYPE,true,0.9,0.9500000000000001,1.0,50,6,5.421338323569099,0.14356933971817284,0.938177470190398,0.9230769230769231,5.0892128253999725E7,565fe177d770a126d278bd80072c0ebfe76b76f4ed5a5ae49b843a7b61d61af4,4c2079be70af44d37a2dcaad778ab76e30a213cf8011cde5b5a0ad679eb67a94
NO_DISTRICT,JEONNAM,,LOCAL_SPECIALTY,OTHER,3,30,1.0,NATIONWIDE_TYPE_VENUE,30,1,1.0,1.0,0.8122146379071115,0.6943548387096775,1.2590983928198071E8,d7eb5f5a7795ed75ed648bbe71eacb81a6fe0bd8c57b502eb69efc2e8672ca56,d7eb5f5a7795ed75ed648bbe71eacb81a6fe0bd8c57b502eb69efc2e8672ca56,182,0.15469242571445402,SAME_REGION_TYPE,true,0.9,0.9500000000000001,1.0,50,6,4.917986851857818,0.04079029146905584,0.9364300237032713,0.9230769230769231,1.210952201229509E8,f2d4403e49ea7beb6b6accb95ca6b3f6f64e7f7e19110baabdadfa5791feb61c,1076f04164d94fd506f818e48073ab83424b56b67bd177f4e1fb2f0fe142c976
NO_DISTRICT,JEONNAM,,CULTURE_ART,GREEN,2,158,1.0,NATIONWIDE_TYPE_VENUE,50,1,1.0,1.0,0.8431988608437984,0.8250000000000001,1.8749837821109638E8,4214f3c3954d05a920f970ebc6a910e54d165aa212212417de62ae5be5a531b0,327209111e780952c1c4a2447c913f4b1c9d4ab0f7583798c54de9291bc51613,267,0.515480787347349,GLOBAL_SIMILARITY,true,0.9,0.9500000000000001,1.0,50,6,5.16362197451255,0.062347845953790566,0.9320533443454133,0.9230769230769231,1.5287070388527408E8,652921a526cef8a446e7f735dfffa8eca5c10ca0b157f5b6fdcbcf75f40c85d9,707cc47cea2f0071c4a07ba2b2c7d0dee239c5aa2d4dde09ba9b6e1148b46d29
NO_DISTRICT,JEONNAM,,CULTURE_ART,UNDECIDED,4,233,0.17131429169160448,SAME_REGION_TYPE,50,6,5.026038662680289,0.17831523447892217,0.9274983442199318,0.9230769230769231,2.552898475936008E8,26d0aa26e3f3da5233c4c8fa8534c705b55f734f1fee0399dd82ba71a2a573b2,9dfd7e0c5db9a5433b2628b1b669678f29562cb2d3ad4e573cf695d8b9cc6316,233,0.17131429169160448,SAME_REGION_TYPE,false,-Infinity,NaN,NaN,50,6,5.026038662680289,0.17831523447892217,0.9274983442199318,0.9230769230769231,2.552898475936008E8,26d0aa26e3f3da5233c4c8fa8534c705b55f734f1fee0399dd82ba71a2a573b2,9dfd7e0c5db9a5433b2628b1b669678f29562cb2d3ad4e573cf695d8b9cc6316
NO_DISTRICT,JEONNAM,,CULTURE_ART,VILLAGE,2,39,1.0,NATIONWIDE_TYPE_VENUE,39,1,1.0,1.0,0.8123479005080141,0.6817164179104478,1.4161541079517034E8,35666bd283d687af38fec7347887732ca0983e78f887177a0dbce730a02f799c,35666bd283d687af38fec7347887732ca0983e78f887177a0dbce730a02f799c,148,0.21295829180901313,SAME_REGION_TYPE,true,0.8911764705882352,0.9411764705882353,1.0,50,6,4.951960689373735,0.040875588206758684,0.9311286886746959,0.9230769230769231,1.4948008678921196E8,4593486dc607df3d59d3cdab50a35583bd7ed217c042324bcac4f9e8d5dddd52,cbba5d85a47678b12e81e6ff5db190c33be6ece553cc9f5c1ec6939799123cdd
NO_DISTRICT,JEONNAM,,CULTURE_ART,OTHER,3,70,1.0,NATIONWIDE_TYPE_VENUE,50,1,1.0,1.0,0.806200320678955,0.775,2.1202585753105396E8,e2894551a9aade3371c9d134fd015763aa296c0fb24e8191f8fdd46932c4cd77,77b73f6f2d46349ec6d962a6b2f2b66e41291e1a88dd22e66f596f0051060391,196,0.286696498683802,SAME_REGION_TYPE,true,0.9,0.9500000000000001,1.0,50,6,4.907181654973051,0.020805222806944135,0.9315272888612677,0.9230769230769231,2.0813103407642394E8,29465d8be1a32bc1a96fc449aa7e66d6253fa0476e6d0135510cc7cd204bdfdd,314c4d40e3f878585bbfd0bfaece6a5849fe46dc8570f029e7c6b63f6f095234
NO_DISTRICT,JEONNAM,,TRADITION_HISTORY,WATERFRONT,2,31,1.0,NATIONWIDE_TYPE_VENUE,31,1,1.0,1.0,0.8032013547419281,0.6826271186440679,2.2259530924950626E8,c0745607175cb18cadd7e1f4435374983eded73e4a37d3abefd288d57a8daaeb,c0745607175cb18cadd7e1f4435374983eded73e4a37d3abefd288d57a8daaeb,78,0.3290485710893588,SAME_REGION_TYPE,true,0.9,0.9500000000000001,1.0,50,9,4.25717965793347,0.06010446616418924,0.924420251228109,0.9125000000000001,2.9606694646828973E8,13c83b435a1a3655aeb0dc8ee3cc1945ea3c3eee28a2f11f05efe91a1787b43c,73382c2414f1978d1fe7df176767db8f80fa704429547915abe5ca4df53d238d
NO_DISTRICT,JEONNAM,,NATURE_ECOLOGY,GREEN,31,24,1.0,SAME_REGION_TYPE_VENUE,24,1,1.0,1.0,0.842299777013597,0.8093750000000001,1.6479044340709758E8,2776e62582e59c8ef3457e8c5ea75263f1a7a3ea4fa2bc0c6b6cfb08181a7ee5,2776e62582e59c8ef3457e8c5ea75263f1a7a3ea4fa2bc0c6b6cfb08181a7ee5,192,0.2661071989733409,SAME_REGION_TYPE,true,0.8911764705882352,0.9411764705882353,1.0,50,6,3.1977136209973915,0.02074431612265664,0.92415600563623,0.9230769230769231,1.4122982679229397E8,ae1107261ff976e357dc670db1fb6dc5a472d561986319c0ab5ee7218d717b08,74791dab7b89332a3767936ce08ef0c7beec694e4a6e578a5ec7d210795c1488
NO_DISTRICT,JEONNAM,,NATURE_ECOLOGY,GREEN,10,24,1.0,SAME_REGION_TYPE_VENUE,24,1,1.0,1.0,0.8993309552039562,0.8272727272727273,1.4268414249095273E8,2776e62582e59c8ef3457e8c5ea75263f1a7a3ea4fa2bc0c6b6cfb08181a7ee5,2776e62582e59c8ef3457e8c5ea75263f1a7a3ea4fa2bc0c6b6cfb08181a7ee5,218,0.2305787494190491,SAME_REGION_TYPE,true,0.9,0.9500000000000001,1.0,50,7,3.9055455919880466,0.2263724596426977,0.932251377088719,0.9230769230769231,1.6887160009878957E8,8ce4bb059b30951b33a46ef69a1e4411ead2e190ab44f028074a63ac4bcfac65,5c4a56372ff15e6b4671666d8233f4dac84521083cc4aafa2fcfecc7f06cde42
NO_DISTRICT,JEONNAM,,NATURE_ECOLOGY,GREEN,14,24,1.0,SAME_REGION_TYPE_VENUE,24,1,1.0,1.0,0.8746126156772924,0.8200000000000001,1.5465264017243174E8,2776e62582e59c8ef3457e8c5ea75263f1a7a3ea4fa2bc0c6b6cfb08181a7ee5,2776e62582e59c8ef3457e8c5ea75263f1a7a3ea4fa2bc0c6b6cfb08181a7ee5,207,0.2454661507273218,SAME_REGION_TYPE,true,0.8911764705882352,0.9411764705882353,1.0,50,6,2.9255585873474934,0.020773112791420197,0.9235072615069313,0.9230769230769231,1.4061719377734601E8,adc06fdf4268d575f837709ce93178acf38bf7c2b2b4d5a6e471d7fe6907f4c2,3c73de051dee36d2cba4de75a06f3acf28905b3c40281b0ab4576927d81f1f42
NO_DISTRICT,JEONNAM,,LOCAL_SPECIALTY,VILLAGE,9,23,1.0,NATIONWIDE_TYPE_VENUE,23,1,1.0,1.0,0.7611402927691037,0.7200000000000001,2.0467104296018386E8,3fbec895063fe63197622dd9e2f7c6edb414b8212fdbf14439a971c269a81dc0,3fbec895063fe63197622dd9e2f7c6edb414b8212fdbf14439a971c269a81dc0,228,0.1621256380587455,SAME_REGION_TYPE,true,0.795,0.8450000000000001,1.0,50,5,3.0788177339901495,0.019999999999999987,0.9230769230769226,0.9230769230769231,8.832685810070981E7,cfbfb2d566a6e15659d3e73cf06ceeeae32419f08349f6cf798be68399e3a361,c1a425d172059f85e0779fc45cbc399870db1fb74e314bee99d8146dff2809a9
NO_DISTRICT,JEONNAM,,NATURE_ECOLOGY,VILLAGE,2,405,0.13563972712722275,SAME_REGION_TYPE,50,4,3.104858847655755,0.020525868778007186,0.9377565733597252,0.9375000000000001,4.99157671195869E7,55ac296673fef81051c9b989325207332b5e525841a7f883ba2af9155a8c7d0f,e67c1125ed30bc7727f02f16e9541876c770966fd3f607f566d5743e809724ae,405,0.13563972712722275,SAME_REGION_TYPE,false,-Infinity,NaN,NaN,50,4,3.104858847655755,0.020525868778007186,0.9377565733597252,0.9375000000000001,4.99157671195869E7,55ac296673fef81051c9b989325207332b5e525841a7f883ba2af9155a8c7d0f,e67c1125ed30bc7727f02f16e9541876c770966fd3f607f566d5743e809724ae
NO_DISTRICT,JEONNAM,,COMMUNITY,GREEN,2,41,1.0,NATIONWIDE_TYPE_VENUE,41,1,1.0,1.0,0.8277843054072508,0.6868421052631579,1.20017611238198E8,2e791c1fbe39f5acd2e443473c32520423f6131ee59cef2b016af5dfdade83f7,2e791c1fbe39f5acd2e443473c32520423f6131ee59cef2b016af5dfdade83f7,65,0.5706881225023369,GLOBAL_SIMILARITY,true,0.9,0.9500000000000001,1.0,50,9,3.7436380596177634,0.4782044166227832,0.8957020232663891,0.8250000000000001,8.998982992450814E7,94b6faac91882a7f5d9738fccb556748d3607cfc0e0d9dcf6b6f89e54b23f59b,14288cd91ba41f576d6a5d0db4d52f6c22040a1b1854400d88c2586937a957f3
NO_DISTRICT,JEONNAM,,COMMUNITY,OTHER,2,55,0.3603624941622638,SAME_REGION_TYPE,50,9,6.2026575128527,0.315786866117569,0.8773992058780343,0.7647058823529412,8.820166230454123E7,f22b2c82410be2ef35695c7a8a83937f94b0dd276ba248005f88f1f2f97fb44c,2960727d8b622cfbef56d8cd1a7f1bbf5bfa57098cc6f42ba4068266aeecc49b,55,0.3603624941622638,SAME_REGION_TYPE,false,-Infinity,NaN,NaN,50,9,6.2026575128527,0.315786866117569,0.8773992058780343,0.7647058823529412,8.820166230454123E7,f22b2c82410be2ef35695c7a8a83937f94b0dd276ba248005f88f1f2f97fb44c,2960727d8b622cfbef56d8cd1a7f1bbf5bfa57098cc6f42ba4068266aeecc49b
NO_DISTRICT,JEONNAM,,COMMUNITY,OTHER,4,55,0.3649919542426588,SAME_REGION_TYPE,50,9,6.1198146072992685,0.31809981098524065,0.8571928511647356,0.7647058823529412,1.1566919318226115E8,f22b2c82410be2ef35695c7a8a83937f94b0dd276ba248005f88f1f2f97fb44c,a5fc956a0c635516ea2ef42b8e278800e0249ecb6aac0524e1ae8fc2eea85197,55,0.3649919542426588,SAME_REGION_TYPE,false,-Infinity,NaN,NaN,50,9,6.1198146072992685,0.31809981098524065,0.8571928511647356,0.7647058823529412,1.1566919318226115E8,f22b2c82410be2ef35695c7a8a83937f94b0dd276ba248005f88f1f2f97fb44c,a5fc956a0c635516ea2ef42b8e278800e0249ecb6aac0524e1ae8fc2eea85197
NO_DISTRICT,JEONNAM,,TRADITION_HISTORY,INDEPENDENT,4,38,1.0,NATIONWIDE_TYPE_VENUE,38,1,1.0,1.0,0.7938510113893796,0.7166666666666667,3.431385159382491E8,8674a18a77fd59101747b5bfbca30d4351075de073f6e1726ea05249ad86bedb,8674a18a77fd59101747b5bfbca30d4351075de073f6e1726ea05249ad86bedb,115,0.26885442349429534,SAME_REGION_TYPE,true,0.8911764705882352,0.9411764705882353,1.0,50,8,4.2685428647900725,0.04055928231779911,0.9242550315999445,0.9062500000000001,3.798350948606198E8,ef4c19cba8f39880edecd7098e31f169ef8511300eb0f2ed129fbc87f9a9a8cf,76ea9eec8108c720c0598611046989f061926c179c896daf343a8773521694ef
NO_DISTRICT,JEONNAM,,CULTURE_ART,INDEPENDENT,9,76,1.0,NATIONWIDE_TYPE_VENUE,50,1,1.0,1.0,0.7888231892719048,0.735,4.764728310609633E8,8d3227fce5057e121afb1463f7003206e6d03aae5ceffb834860623ae7d9b164,1f74f3b4a3de7313c5707e03755e357128156f7ef3a8390c13b3f8e51cf3a136,170,0.35593362510879645,SAME_REGION_TYPE,true,0.9,0.9500000000000001,1.0,50,8,4.208546773294769,0.021145332155752504,0.9239432282254695,0.9230769230769231,2.5239743469251263E8,59337162549798ce9a412e595adc89a9116d1a7bc765bf75ed48e38efb628381,a7e106986d9933da3eacdeffb86ca773e2b045f4833eebe13a63a0b6f72cc947
NO_DISTRICT,JEONNAM,,NATURE_ECOLOGY,INDEPENDENT,17,410,0.14425596712043992,SAME_REGION_TYPE,50,7,4.404148745496209,0.020627971094193755,0.9272939842476421,0.9230769230769231,2.1654403012081456E8,c7b0b3af995cb56262a62c0b8c2120905550549713dada0de323a2f0f79a03b8,1d3e60c9342ccb838daf4b946647f65e1a00acdd6c257e70ea84d8bf2b2d95b3,410,0.14425596712043992,SAME_REGION_TYPE,false,-Infinity,NaN,NaN,50,7,4.404148745496209,0.020627971094193755,0.9272939842476421,0.9230769230769231,2.1654403012081456E8,c7b0b3af995cb56262a62c0b8c2120905550549713dada0de323a2f0f79a03b8,1d3e60c9342ccb838daf4b946647f65e1a00acdd6c257e70ea84d8bf2b2d95b3
NO_DISTRICT,JEONNAM,,NATURE_ECOLOGY,OTHER,30,28,1.0,NATIONWIDE_TYPE_VENUE,28,1,1.0,1.0,0.761148289170399,0.6895161290322581,1.2648138018840274E8,bac84c25c579cb164a23d21f107620de9d5a19ddb2360cb94e2daef2a6ba747b,bac84c25c579cb164a23d21f107620de9d5a19ddb2360cb94e2daef2a6ba747b,252,0.21569645199526627,SAME_REGION_TYPE,true,0.7983870967741935,0.8483870967741935,1.0,50,5,3.0323345429082815,0.43932986531301993,0.9237941120634641,0.9230769230769231,1.4151605282452258E8,1bef2c8ac5850a743758c3e89d49bf614c06aa77370497bce56bd06c7a66da8a,6fa435839d503c2cd2f7e1870eaa2d60f82bfd3ce3bbd7483d19059e8b60c230
NO_DISTRICT,JEONNAM,,NATURE_ECOLOGY,WATERFRONT,3,70,1.0,NATIONWIDE_TYPE_VENUE,50,1,1.0,1.0,0.8134662748293675,0.775,1.1722788158960989E8,0a635fe7c95464734d67fcf3eb34fbe1decb151168419235fa06b370eaf0e0c0,f2b709c2d6e5d9b1c5b4d8ce44f16e0c5e1f2c4928cdd0c3206ed86fa7e11ed5,360,0.15185633993895792,SAME_REGION_TYPE,true,0.87,0.92,1.0,50,5,4.575416990059058,0.16036864164602777,0.9346862772396206,0.9230769230769231,1.1716396738623923E8,4c8ca6c639691437d277df1561b69cdd10d7f8bb401ddcd2a23f3f05e8821326,a000ebb19fbecdff2265b8c71db21ea82aebfe0a19171a1016c852223b04e1a2
NO_DISTRICT,JEONNAM,,NATURE_ECOLOGY,WATERFRONT,9,70,1.0,NATIONWIDE_TYPE_VENUE,50,1,1.0,1.0,0.7912358320332138,0.7200000000000001,2.253705309578355E8,0a635fe7c95464734d67fcf3eb34fbe1decb151168419235fa06b370eaf0e0c0,83e6490ac51b08fe7cbdb1d24d20c42faf441b3d1b113dc0b4b74305fec69235,267,0.2039635684535346,SAME_REGION_TYPE,true,0.9,0.9500000000000001,1.0,50,7,4.200445006176896,0.02101321314400436,0.9268893354105566,0.9230769230769231,1.8306424991743025E8,d7fdeb759485017b946ec9f1717589a8e8f762b4f756fb6bf6b95b8c35ec0833,63ec695ce2ae24b0956edb919beed465923ec643b42890468a243479c57cedff
NO_DISTRICT,JEONNAM,,TRADITION_HISTORY,WATERFRONT,3,31,1.0,NATIONWIDE_TYPE_VENUE,31,1,1.0,1.0,0.8063209245451414,0.6851694915254237,2.6194871913071796E8,c0745607175cb18cadd7e1f4435374983eded73e4a37d3abefd288d57a8daaeb,c0745607175cb18cadd7e1f4435374983eded73e4a37d3abefd288d57a8daaeb,105,0.23763480655826463,SAME_REGION_TYPE,true,0.9,0.9500000000000001,1.0,50,8,7.017617543313274,0.04156212824866188,0.9320769666234351,0.9230769230769231,3.6271132480296475E8,ebf8fa5ef7dc74d29f2fe663812fa54f2af0a963fb1697fa39417be51d20c3ec,50e8061cf15fd74df1b5d94dbb46e2e8b190a7e67aba156a1685315b2395a766
NO_DISTRICT,JEONNAM,,LOCAL_SPECIALTY,WATERFRONT,4,71,1.0,NATIONWIDE_TYPE_VENUE,50,1,1.0,1.0,0.8242785766818886,0.765,1.7186566244186938E8,423ef67fb8d8ce3b4c72bcaeeff7f273fce5f5c7748615ef99cbb399498ea8e6,330fa32d2b47adfc9850a191af4dfb5407cc861255610490f7edd603cefe8839,237,0.2447924593204528,SAME_REGION_TYPE,true,0.875,0.925,1.0,50,7,3.738071983276022,0.019881394451743434,0.9278280088536495,0.9230769230769231,9.398266586339872E7,90e8555fe80a02aefc7966d7e5c5066e348275259974f536243a06f06abefd3a,59ed3f48ff0c30eb40e3f99a2b3733a23818c119965072068ca8ee74f5753888
NO_DISTRICT,JEONNAM,,LOCAL_SPECIALTY,GREEN,2,95,1.0,NATIONWIDE_TYPE_VENUE,50,1,1.0,1.0,0.8290293584210182,0.7875000000000001,1.3031016978440842E8,6f559ff7303a8c2962ebc48f630fcff4006b749cc57f1e138c456575624dd657,02895031946f45dc264a349a757e811e5a5d50f983bab9377dd15723d63eb362,227,0.34643610206326936,SAME_REGION_TYPE,true,0.9,0.9500000000000001,1.0,50,6,5.040512634734811,0.0819733210858616,0.9363838642219802,0.9230769230769231,5.181297858777603E7,8e01bcda01756c195bedb2fa39d24e195897628175fc9ffbac8b03664dd741b3,aa94482da96494276e22596726bab979672c145a893ba2db910b995f965f21a8
NO_DISTRICT,JEONNAM,,NATURE_ECOLOGY,GREEN,4,24,1.0,SAME_REGION_TYPE_VENUE,24,1,1.0,1.0,0.8877722119870136,0.8166666666666667,1.182066056305797E8,2776e62582e59c8ef3457e8c5ea75263f1a7a3ea4fa2bc0c6b6cfb08181a7ee5,2776e62582e59c8ef3457e8c5ea75263f1a7a3ea4fa2bc0c6b6cfb08181a7ee5,240,0.2115098572685029,SAME_REGION_TYPE,true,0.9,0.9500000000000001,1.0,50,7,4.378737841583496,0.041605214386280856,0.9272593470858355,0.9230769230769231,1.8765455058858076E8,4dd01f6048b86ba3b8e012642317254034e9a4b318d14afab7e9ca798c19aac6,22ffea8575a3e013b5c13047d67cffe29e428fca98ea090b8970be888b0fcf85
NO_DISTRICT,JEONNAM,,NATURE_ECOLOGY,OTHER,18,28,1.0,NATIONWIDE_TYPE_VENUE,28,1,1.0,1.0,0.7743578822673933,0.6986842105263158,1.2304660961069709E8,bac84c25c579cb164a23d21f107620de9d5a19ddb2360cb94e2daef2a6ba747b,bac84c25c579cb164a23d21f107620de9d5a19ddb2360cb94e2daef2a6ba747b,250,0.21265264102628742,SAME_REGION_TYPE,true,0.8289473684210527,0.8789473684210527,1.0,50,6,4.203374941655436,0.25933296461269406,0.9242697805506058,0.9230769230769231,2.04536636390731E8,b2fc9d27db0329e07e3efdaba164edbd554e2e0432060bf9a42554f640b5133a,0b572817437756434cc8b8cfc5490b19e0b2614e6e58d4dba005596155bc76ab
NO_DISTRICT,JEONNAM,,CULTURE_ART,VILLAGE,3,39,1.0,NATIONWIDE_TYPE_VENUE,39,1,1.0,1.0,0.8076231421649152,0.683955223880597,1.68800147460362E8,35666bd283d687af38fec7347887732ca0983e78f887177a0dbce730a02f799c,35666bd283d687af38fec7347887732ca0983e78f887177a0dbce730a02f799c,165,0.18869726587935498,SAME_REGION_TYPE,true,0.9,0.9500000000000001,1.0,50,6,5.236247111901073,0.0615505538854443,0.9322522199585338,0.9230769230769231,2.0480974935440812E8,02480da6706943791c51f95b30816f3347bc718982dc0e9100e419b0be8b3712,9483baafc53bae29149448172674fea4ba770c5c4053b7a162ef1a58a0d88a4c
NO_DISTRICT,JEONNAM,,NATURE_ECOLOGY,GREEN,12,24,1.0,SAME_REGION_TYPE_VENUE,24,1,1.0,1.0,0.8849145507178644,0.8230769230769232,1.4914950306719854E8,2776e62582e59c8ef3457e8c5ea75263f1a7a3ea4fa2bc0c6b6cfb08181a7ee5,2776e62582e59c8ef3457e8c5ea75263f1a7a3ea4fa2bc0c6b6cfb08181a7ee5,219,0.23165202897020012,SAME_REGION_TYPE,true,0.8911764705882352,0.9411764705882353,1.0,50,7,4.759259341162266,0.1613398211855522,0.9248818956549705,0.9230769230769231,1.5292892927999797E8,91e6aba8a12e827c61f82037c371de7c98c1b9a0228e0199008ddab4a0036a2f,989b9dd7bfe500eec7d4eea8c5c0888ae1287e6ec25bb965046f4af4f5639b5d
NO_DISTRICT,JEONNAM,,CULTURE_ART,GREEN,31,158,1.0,NATIONWIDE_TYPE_VENUE,50,1,1.0,1.0,0.7826920615419859,0.703125,4.9910725592492926E8,4214f3c3954d05a920f970ebc6a910e54d165aa212212417de62ae5be5a531b0,7bf0f0b564a19e7c9ae40890bf81a781f51141a93562df7594a7b95c456d8975,249,0.5131168939044545,GLOBAL_SIMILARITY,true,0.9,0.9500000000000001,1.0,50,8,4.232792961931841,0.04201034850473232,0.9247541991828728,0.9230769230769231,2.387210635284399E8,d100cd56367dc438a95c06106258ea058551910b04b6e7b18b34244e5a066832,8b947ab89d85ed2c7c7a62532d8485d3a4a482fdd80c094c7807de6f968a2b55
NO_DISTRICT,JEONNAM,,NATURE_ECOLOGY,GREEN,7,24,1.0,SAME_REGION_TYPE_VENUE,24,1,1.0,1.0,0.8913729023468203,0.8266666666666667,1.3282569236770107E8,2776e62582e59c8ef3457e8c5ea75263f1a7a3ea4fa2bc0c6b6cfb08181a7ee5,2776e62582e59c8ef3457e8c5ea75263f1a7a3ea4fa2bc0c6b6cfb08181a7ee5,203,0.24883651049080843,SAME_REGION_TYPE,true,0.9,0.9500000000000001,1.0,50,7,3.965345564681699,0.04173549666158762,0.9257932248421629,0.9230769230769231,1.6995619713614818E8,67d7aa2c0221ca6c0284dd6705b7b1ade3bf2981ef7d3ef5dda6db7cc03313bb,825a100eb3594c7e77ff63c901b091bb4d443050f0be3e8844ef5ef290fad71d
NO_DISTRICT,JEONNAM,,NATURE_ECOLOGY,GREEN,17,24,1.0,SAME_REGION_TYPE_VENUE,24,1,1.0,1.0,0.8637811095451468,0.8166666666666667,1.606949375223668E8,2776e62582e59c8ef3457e8c5ea75263f1a7a3ea4fa2bc0c6b6cfb08181a7ee5,2776e62582e59c8ef3457e8c5ea75263f1a7a3ea4fa2bc0c6b6cfb08181a7ee5,201,0.2521573107553761,SAME_REGION_TYPE,true,0.8911764705882352,0.9411764705882353,1.0,50,7,4.40397679897158,0.02060694284511317,0.9272835742069726,0.9230769230769231,2.145899067907034E8,7182d5fa073aec29c76264e64710b2cc0576728fa69ae153d99df57c4bc09b61,fd5631260150fe0019c99077dcfa86bf7b375da4b9b17587d6e1f0ba80aebee4
NO_DISTRICT,JEONNAM,,CULTURE_ART,GREEN,50,158,1.0,NATIONWIDE_TYPE_VENUE,50,1,1.0,1.0,0.7677190321821231,0.6926470588235295,5.1215718412845427E8,4214f3c3954d05a920f970ebc6a910e54d165aa212212417de62ae5be5a531b0,7bf0f0b564a19e7c9ae40890bf81a781f51141a93562df7594a7b95c456d8975,254,0.49544735118197447,SAME_REGION_TYPE,true,0.8441176470588235,0.8941176470588236,1.0,50,6,4.157361575144843,0.059954289599337185,0.9234321797225163,0.9230769230769231,2.4399842536132804E8,95d467fb6b261f04de9ad436fd296c8fa1a199c4a25cfb64c52912a2d66c5daf,180f7cbb8867f5d1bdadc913702be4a269259c5a56a91fa4bccefb0944507cc6
NO_DISTRICT,JEONNAM,,CULTURE_ART,INDEPENDENT,4,76,1.0,NATIONWIDE_TYPE_VENUE,50,1,1.0,1.0,0.8231334400619982,0.765,4.059395201756705E8,8d3227fce5057e121afb1463f7003206e6d03aae5ceffb834860623ae7d9b164,6a2327321634711cc86e13cef79798248c471e10c3f41e73da464fd7641675f2,209,0.29987561560118775,SAME_REGION_TYPE,true,0.9,0.9500000000000001,1.0,50,7,5.2007560757194895,0.02096082666581403,0.9280574956757285,0.9230769230769231,2.579969543240767E8,de057f3949ae8e1ac76abe2316fa22a5c2c32145ffd6af9b1d65f9ba93a527b9,5642e71cf2a9aa21453ef260934aa28cce62bcec033e661731bef2b960ad56fb
NO_DISTRICT,GYEONGBUK,,CULTURE_ART,WATERFRONT,2,90,1.0,NATIONWIDE_TYPE_VENUE,50,1,1.0,1.0,0.8337925503112591,0.7875000000000001,1.8776372983116236E8,c348e29400ebe021db666e856fec31595170b0090866fe06d013a15bb05b35e1,b3d1e0277841d537362bec45b102ce1997edbc2b3ffa7c07392a5083e1640539,204,0.36435854605866924,SAME_REGION_TYPE,true,0.9,0.9500000000000001,1.0,50,6,4.402714604547597,0.10418616088901227,0.9308574979246503,0.9230769230769231,1.37941485169755E8,43a554b99c1d60fccd8822fa07018297204061d16e6c3788352b340872e0f2f4,329fd7c9fb7b7621f4f8f3e2514d65fd52ecf48a32814ba0ad2c947fb534fc0c
NO_DISTRICT,GYEONGBUK,,CULTURE_ART,GREEN,2,158,1.0,NATIONWIDE_TYPE_VENUE,50,1,1.0,1.0,0.8552304029293991,0.8250000000000001,2.241904812326861E8,4214f3c3954d05a920f970ebc6a910e54d165aa212212417de62ae5be5a531b0,a30d4e760dc95af25631f018588a8da9e40b864cea2cf9902a3310d81f71a098,272,0.5058092241538191,GLOBAL_SIMILARITY,true,0.9,0.9500000000000001,1.0,50,6,4.400875387193926,0.1038408960644054,0.9306695919897154,0.9230769230769231,1.5289009103416663E8,15cfd3f5376bcc9805312287a7cda5a912b0eae92a18e7eac4c1be4e05ac5bbe,960f7d36548ec7b99382a05b63b74acae7ac37088b20fe13c94b3bd7d3cd007d
NO_DISTRICT,GYEONGBUK,,COMMUNITY,INDEPENDENT,2,21,1.0,NATIONWIDE_TYPE_VENUE,21,1,1.0,1.0,0.8150926786285001,0.7392857142857143,1.387955829638044E8,eedf7791ca3d1393402cd8cd68579a82dd4c14bb23bf3bca6d0ba4c78b4feceb,eedf7791ca3d1393402cd8cd68579a82dd4c14bb23bf3bca6d0ba4c78b4feceb,66,0.2634264717111277,SAME_REGION_TYPE,true,0.9,0.9500000000000001,1.0,50,9,7.434189306230832,0.08856170679726186,0.92177450271613,0.8250000000000001,1.633003353769779E8,418b8f2c5815b51c543d9bfdcaf8b262467f8cbc17f5995cefcb622fa7d76e87,e47bbf3bb5a196f09f0845475d43c0a47978fd76592d7dffa6dba3dcf603f634
NO_DISTRICT,GYEONGBUK,,COMMUNITY,WATERFRONT,2,29,1.0,NATIONWIDE_TYPE_VENUE,29,1,1.0,1.0,0.8139047701285286,0.6964285714285715,1.3893450018037567E8,d79174673ff7f3466f21cd9adef13feaf0fb2e943028627027b036405e0d7d39,d79174673ff7f3466f21cd9adef13feaf0fb2e943028627027b036405e0d7d39,74,0.3297339296852093,SAME_REGION_TYPE,true,0.9,0.9500000000000001,1.0,50,9,7.446913374003053,0.09090374043361577,0.9228537961200748,0.8250000000000001,1.6516576378907758E8,bfff3e5120300afe03e2cc49deaae00519422753cb84b8dce9ba916668a8a403,284241f1947ec1413b67d7e5f0df431f6a5e5a39313d88bfcd5cb1ef2c684171
NO_DISTRICT,GYEONGBUK,,CULTURE_ART,WATERFRONT,3,90,1.0,NATIONWIDE_TYPE_VENUE,50,1,1.0,1.0,0.8374168353173267,0.7875000000000001,2.8399464131879437E8,c348e29400ebe021db666e856fec31595170b0090866fe06d013a15bb05b35e1,ecf9ffdf053ff01285ef776ba911e2aa7c89a0d1f8706dd32bbb8d07720d56fa,228,0.3263277262298477,SAME_REGION_TYPE,true,0.9,0.9500000000000001,1.0,50,6,4.61448445475444,0.04158782583525836,0.9317904595873728,0.9230769230769231,2.813110277896763E8,395f20dc29a2522d745e7b8782c617eaa17524e32ffbe5028b5bbe2a72d60a9b,2f916a35128fd9b4a84cabcd935799b1fa86d039af8785c397f50e5209afbf39
NO_DISTRICT,GYEONGBUK,,COMMUNITY,UNDECIDED,2,68,0.17197332050419342,SAME_REGION_TYPE,50,8,6.975125515839303,0.16030252405051515,0.9226066561608433,0.84375,1.6519956813970855E8,6414dc532639c4358b0696fea8b457ae59d80628de17bfd79116f25e4736568a,64559c2848f339771b83e36b37788316d0c2838cf476654068bf4ebeda44e2eb,68,0.17197332050419342,SAME_REGION_TYPE,false,-Infinity,NaN,NaN,50,8,6.975125515839303,0.16030252405051515,0.9226066561608433,0.84375,1.6519956813970855E8,6414dc532639c4358b0696fea8b457ae59d80628de17bfd79116f25e4736568a,64559c2848f339771b83e36b37788316d0c2838cf476654068bf4ebeda44e2eb
NO_DISTRICT,GYEONGBUK,,NATURE_ECOLOGY,GREEN,2,88,1.0,NATIONWIDE_TYPE_VENUE,50,1,1.0,1.0,0.8052544688127324,0.765,9.103335716840392E7,dc459aca48974424d1e63cba2ca3e5c0d723e32a3a4724a75d28d13eea8c5f69,235f2deb1c8b78c4800f8ddd1d8c99f06258e8b465562f15290165a37ea569b5,142,0.5284455440359426,GLOBAL_SIMILARITY,true,0.9,0.9500000000000001,1.0,50,9,6.478439162056581,0.02101321314400436,0.9268893354105566,0.9230769230769231,1.1560778551527676E8,1fb92cb7e7366c8375351d48e4a08fb6c3eb7206f35ffcfda8d2f8e93ef75e1b,f1c30e37123b25ab131fa9f02b9fb43a8ca8b9da78b48d8d20fa589380c911e4
NO_DISTRICT,GYEONGBUK,,LOCAL_SPECIALTY,GREEN,3,95,1.0,NATIONWIDE_TYPE_VENUE,50,1,1.0,1.0,0.8609495905728316,0.795,2.5681422743856144E8,6f559ff7303a8c2962ebc48f630fcff4006b749cc57f1e138c456575624dd657,75bedf4daf018780da6f8178bf01aaf0d3a2ae00f33b62fef30541171f346d2d,296,0.2713112020463458,SAME_REGION_TYPE,true,0.9,0.9500000000000001,1.0,50,6,5.395622597421641,0.1425712445612539,0.938927489309549,0.9375000000000001,2.2444360317886713E8,a77b04a6e49aaa8d7e909870b0c680ad0dc065f711857c965b2465ca308784e4,1de6efb76ffebfae306a308b3538ae6eb6d3d2f2dc1db9590b721904a20a7d2c
NO_DISTRICT,GYEONGBUK,,CULTURE_ART,INDEPENDENT,2,76,1.0,NATIONWIDE_TYPE_VENUE,50,1,1.0,1.0,0.8245857966809286,0.765,2.074670312368053E8,8d3227fce5057e121afb1463f7003206e6d03aae5ceffb834860623ae7d9b164,5610f693d8d84799f2daf0f6aee70e3a587c413706f3c785d0ce35a567a049b5,190,0.3286971700306483,SAME_REGION_TYPE,true,0.9,0.9500000000000001,1.0,50,7,4.486441221044865,0.06229548946061911,0.9295622626051091,0.9230769230769231,1.4865691636067086E8,899ec973dc46a4cd31de497d17eb62f728d0ab1356f86c2bbda6ae18d0b13cf9,2f1aeb0e4acc4a9c477b7a59d9dbf993a0a64081c455e03f2abc1e4a145f6bd4
NO_DISTRICT,GYEONGBUK,,LOCAL_SPECIALTY,WATERFRONT,2,71,1.0,NATIONWIDE_TYPE_VENUE,50,1,1.0,1.0,0.8372859118654461,0.7875000000000001,1.0889292878645405E8,423ef67fb8d8ce3b4c72bcaeeff7f273fce5f5c7748615ef99cbb399498ea8e6,31eaea0af63bf77ddfc8cb11f2b5c5a1bb5b0bd7473c755b68147357fc7c7b38,215,0.2731676624318962,SAME_REGION_TYPE,true,0.9,0.9500000000000001,1.0,50,6,4.709195041656219,0.062489603247751255,0.9281105154559054,0.9230769230769231,1.1129254577910051E8,b9bf350196415e2514bcbabb81fe1b56f7e4f83f49e25123a4343ecc5324d40c,f1596593ce7ca2c5bd3483f2e764e76436c3a36bebaa3125df0cc194596a7886
NO_DISTRICT,GYEONGBUK,,LOCAL_SPECIALTY,GREEN,2,95,1.0,NATIONWIDE_TYPE_VENUE,50,1,1.0,1.0,0.8512557295860197,0.7875000000000001,1.4201103238784647E8,6f559ff7303a8c2962ebc48f630fcff4006b749cc57f1e138c456575624dd657,09070118a019629e1f9a3d6131425d4bb1ee73a4aa79fbbc8b8f47a09abc428d,239,0.33485208329288707,SAME_REGION_TYPE,true,0.9,0.9500000000000001,1.0,50,6,4.805988696766783,0.16598964035695413,0.9306983036657858,0.9230769230769231,1.3390570351914611E8,e8e620c6192a9426f4ead0eea8fcb3ffbfa29c471696bb7f0fae700dfba3fbb9,245cee15337d1414fd54f7f7060838657b170b41f1ad03726b55284535b62505
NO_DISTRICT,GYEONGBUK,,LOCAL_SPECIALTY,WATERFRONT,3,71,1.0,NATIONWIDE_TYPE_VENUE,50,1,1.0,1.0,0.8413143025102015,0.7875000000000001,1.6741523145583934E8,423ef67fb8d8ce3b4c72bcaeeff7f273fce5f5c7748615ef99cbb399498ea8e6,c188fa23dd2de31c040523fd76f3bd17ec63e8de00dd0384386e73cd49f15b99,272,0.214082087943731,SAME_REGION_TYPE,true,0.9,0.9500000000000001,1.0,50,6,5.262917872879494,0.12249353532513285,0.9388538157764783,0.9375000000000001,2.1979455107650247E8,6e62ad8f72faa6e9e6e87327c8140b3b9e3f9ce891c70f2cccbea23023d9fd47,6f7dd23eabacd87f4f29cd27c905d8a71fdbf048a5def101ee000a140908a484
NO_DISTRICT,GYEONGBUK,,CULTURE_ART,GREEN,3,158,1.0,NATIONWIDE_TYPE_VENUE,50,1,1.0,1.0,0.8574843129829728,0.8250000000000001,4.5282323023065877E8,4214f3c3954d05a920f970ebc6a910e54d165aa212212417de62ae5be5a531b0,636bec2224cbc7a0c74da60d5ebdb70c59e472dcc6dcceb764dd7e6214b3932f,296,0.4619996123823339,SAME_REGION_TYPE,true,0.9,0.9500000000000001,1.0,50,6,5.009612918220971,0.12385101305525799,0.933793682610258,0.9230769230769231,3.0153511585301465E8,e2b0e7e7959f53b94f68ecdc328d8e900accdc8a1eea714d59ab55c62e56c591,07a3a3f5ce27edaaec9a976ef66e46dfdca25b940591e40a1bb80ff63f832580
NO_DISTRICT,GYEONGBUK,,NATURE_ECOLOGY,VILLAGE,3,99,0.16405167791250763,SAME_REGION_TYPE,50,9,5.919012886661562,0.020806044643512912,0.9228640392822175,0.8906250000000001,1.456659497694463E8,99124ac9066aaff36245875bc6e5864ba5b591b9f7b68485514b288156a763f2,1059e84cf2b01956c42d5ee3e5848608e7385a3101cb84946e95d6f38211a676,99,0.16405167791250763,SAME_REGION_TYPE,false,-Infinity,NaN,NaN,50,9,5.919012886661562,0.020806044643512912,0.9228640392822175,0.8906250000000001,1.456659497694463E8,99124ac9066aaff36245875bc6e5864ba5b591b9f7b68485514b288156a763f2,1059e84cf2b01956c42d5ee3e5848608e7385a3101cb84946e95d6f38211a676
NO_DISTRICT,GYEONGBUK,,COMMUNITY,INDEPENDENT,3,21,1.0,NATIONWIDE_TYPE_VENUE,21,1,1.0,1.0,0.8038123190930062,0.75,1.6193896826218927E8,eedf7791ca3d1393402cd8cd68579a82dd4c14bb23bf3bca6d0ba4c78b4feceb,eedf7791ca3d1393402cd8cd68579a82dd4c14bb23bf3bca6d0ba4c78b4feceb,73,0.23666852773630087,SAME_REGION_TYPE,true,0.8625,0.9125000000000001,1.0,50,9,6.981470175077598,0.01980438379614582,0.9173387745093452,0.8906250000000001,1.6936194473750132E8,12732840a6b29446b023b03cf2a74bde2f17af086f21d980d89e5dca902c47fc,aeda03921173d773bd2b971d9902e8c0c0a894713ee5e5401d06caf21aa02c4b
NO_DISTRICT,GYEONGBUK,,NATURE_ECOLOGY,WATERFRONT,10,70,1.0,NATIONWIDE_TYPE_VENUE,50,1,1.0,1.0,0.7849493226708721,0.7159090909090909,2.3160855593477455E8,0a635fe7c95464734d67fcf3eb34fbe1decb151168419235fa06b370eaf0e0c0,1288828261f1d3a9550da52da986d4dffd3c7f821078f29428c89fd4cc70af59,129,0.446728739136156,SAME_REGION_TYPE,true,0.9,0.9500000000000001,1.0,50,9,6.092008185899572,0.04105230337860754,0.9244247883142577,0.9204545454545455,1.5239668420512846E8,281f8f5dfb751bb2feb6d1d8b6a9cfa39509379f7fe2d7f6e720f87ebfb1f27b,4006f5ca2d5868e880eb28a41d80ada165bca4a2bd5e9ea3b5723a2b0bb882f0
NO_DISTRICT,GYEONGBUK,,LOCAL_SPECIALTY,INDEPENDENT,2,37,1.0,NATIONWIDE_TYPE_VENUE,37,1,1.0,1.0,0.7944581791782269,0.6895161290322581,1.090272545183794E8,f48a1845e91ccd6df2e6cbb8eff45c61703b96b9de9c78eebb998bf15f66a0a2,f48a1845e91ccd6df2e6cbb8eff45c61703b96b9de9c78eebb998bf15f66a0a2,270,0.1347666145869741,SAME_REGION_TYPE,true,0.775,0.8250000000000001,1.0,50,5,4.25756581846285,0.24070017640103117,0.9266206937943514,0.9230769230769231,1.087939400374815E8,4bab47f5010885c9db1aa163889756f41f510adb31eab16cde02738872dfde85,ba36405e30dff0a57d6461b201083e95a975c3cbb6c9b71091f2e5be04fb6ee9
NO_DISTRICT,GYEONGBUK,,CULTURE_ART,OTHER,2,70,1.0,NATIONWIDE_TYPE_VENUE,50,1,1.0,1.0,0.8093530791258913,0.775,1.763952122204137E8,e2894551a9aade3371c9d134fd015763aa296c0fb24e8191f8fdd46932c4cd77,e094563adbf695549d3d9c54354fd47cf1d8ffaa0848cc965e29bafbf20de123,225,0.2516073009376148,SAME_REGION_TYPE,true,0.8625,0.9125000000000001,1.0,50,6,4.374311517934688,0.09894054388312644,0.9280816213034327,0.9230769230769231,1.6272157712781933E8,faf76dd4fc55d5eb304b1617cae728d82d6e8761420c43153685182baa5d2050,321cd9ab824ab4540a3b398575828fb58d2e39597717c9945fbb3ca5750de48d
NO_DISTRICT,GYEONGBUK,,NATURE_ECOLOGY,VILLAGE,5,99,0.1621166740017083,SAME_REGION_TYPE,50,9,5.986988412366346,0.020864013805940336,0.921666740131292,0.875,1.523722529093412E8,99124ac9066aaff36245875bc6e5864ba5b591b9f7b68485514b288156a763f2,58c2fdc7a9ef6e606c215b998326ed0eceb5686ddc0bc552ee88276628211de9,99,0.1621166740017083,SAME_REGION_TYPE,false,-Infinity,NaN,NaN,50,9,5.986988412366346,0.020864013805940336,0.921666740131292,0.875,1.523722529093412E8,99124ac9066aaff36245875bc6e5864ba5b591b9f7b68485514b288156a763f2,58c2fdc7a9ef6e606c215b998326ed0eceb5686ddc0bc552ee88276628211de9
NO_DISTRICT,GYEONGBUK,,TRADITION_HISTORY,OTHER,5,22,1.0,NATIONWIDE_TYPE_VENUE,22,1,1.0,1.0,0.7820672046888292,0.7250000000000001,2.622178254081729E8,3d535e023c473017fdda8ada497fd3aeb9dbae27b046a7bdeb89e40249781229,3d535e023c473017fdda8ada497fd3aeb9dbae27b046a7bdeb89e40249781229,94,0.18664351280497485,SAME_REGION_TYPE,true,0.8318181818181818,0.8818181818181818,1.0,50,8,6.8822671919042735,0.2431467716293176,0.9172066551528008,0.8906250000000001,4.2125871094035584E8,8ef1b83ad6d2bcf5172356dd8d4d2624e9e22f1b4e185a7df0e455586db5c479,e0e9e1d588374ff42215bcd61999fa1a924e3de63975138121efa4247e9a54c5
NO_DISTRICT,GYEONGBUK,,COMMUNITY,OTHER,9,74,0.2008160648504062,SAME_REGION_TYPE,50,9,6.600017735199777,0.017794796544582245,0.8990328203770285,0.8062500000000001,1.7923130652135804E8,990a3170e492539d2dfc97a2318fbfeb288a6f0550b7c1bb656bef0d3e99fcbc,8beb80b0c95b479170b8e6caa40aee6f3171d109f2a31553f82001225ce8ad53,74,0.2008160648504062,SAME_REGION_TYPE,false,-Infinity,NaN,NaN,50,9,6.600017735199777,0.017794796544582245,0.8990328203770285,0.8062500000000001,1.7923130652135804E8,990a3170e492539d2dfc97a2318fbfeb288a6f0550b7c1bb656bef0d3e99fcbc,8beb80b0c95b479170b8e6caa40aee6f3171d109f2a31553f82001225ce8ad53
NO_DISTRICT,GYEONGBUK,,TRADITION_HISTORY,VILLAGE,10,94,0.17394787970232556,SAME_REGION_TYPE,50,9,6.761162567061181,0.017486816247199003,0.901851978581288,0.8352272727272727,4.1250049493605804E8,bdb61ff40e92f3508fdd7305323fece94a97cb10bf12cd1ac97690269d736116,b81cd044c380e881da99a3089d801110ded4c7d21ab65e53b7bbeebc618c81c5,94,0.17394787970232556,SAME_REGION_TYPE,false,-Infinity,NaN,NaN,50,9,6.761162567061181,0.017486816247199003,0.901851978581288,0.8352272727272727,4.1250049493605804E8,bdb61ff40e92f3508fdd7305323fece94a97cb10bf12cd1ac97690269d736116,b81cd044c380e881da99a3089d801110ded4c7d21ab65e53b7bbeebc618c81c5
NO_DISTRICT,GYEONGBUK,,NATURE_ECOLOGY,GREEN,9,88,1.0,NATIONWIDE_TYPE_VENUE,50,1,1.0,1.0,0.7891856752924687,0.735,1.9098287842310503E8,dc459aca48974424d1e63cba2ca3e5c0d723e32a3a4724a75d28d13eea8c5f69,46d30fc24e66a8b38eb99313163af363f5896dd419aa57bcd003ca071b9011e5,168,0.45155409224347315,SAME_REGION_TYPE,true,0.795,0.8450000000000001,1.0,50,8,6.61517267850365,0.17876141383674624,0.9263274116352028,0.9230769230769231,1.6404356687536773E8,be8a2d9326e9234efb7f26990501fd9c334b20d136c8871e2e002d6363ca2d0b,89bcb69e6a05b607975c4751df120a1838516a4cfa79f389e584fabbaabd8d4f
NO_DISTRICT,GYEONGBUK,,TRADITION_HISTORY,WATERFRONT,10,31,1.0,NATIONWIDE_TYPE_VENUE,31,1,1.0,1.0,0.7453985648293221,0.7022727272727273,3.172628033353242E8,c0745607175cb18cadd7e1f4435374983eded73e4a37d3abefd288d57a8daaeb,c0745607175cb18cadd7e1f4435374983eded73e4a37d3abefd288d57a8daaeb,105,0.24237616781559468,SAME_REGION_TYPE,true,0.7772727272727272,0.8272727272727273,1.0,50,8,6.67185261154645,0.25291348011866216,0.9017682927456665,0.8352272727272727,4.2030758140367174E8,3e133c170b8d7103bfd8132a6516b8a3b834cdb325340de13df7223ea49b492f,4fa2055b144043ff8defcb0a09e814439e042ee8ccb2230be03b3853323b09d3
NO_DISTRICT,GYEONGBUK,,CULTURE_ART,OTHER,3,70,1.0,NATIONWIDE_TYPE_VENUE,50,1,1.0,1.0,0.8071989205205,0.7875000000000001,1.998257209484823E8,e2894551a9aade3371c9d134fd015763aa296c0fb24e8191f8fdd46932c4cd77,dd930dbf5e076980a9eab1fd7d02d86fc836e9db01618f31db2fa76480a0b830,208,0.26939396300957535,SAME_REGION_TYPE,true,0.9,0.9500000000000001,1.0,50,6,4.4762924146271965,0.020818101501168897,0.9312401082875705,0.9230769230769231,2.8852618522668874E8,e742f5c68e85118a9a1f83a1f102f878b3446e86fb2e1eaad8ac5b9d9c09b2c8,859971d63e4530fcc07f73f05c1a4cebbec63042b827137469580dd07a7c9f00
NO_DISTRICT,GYEONGBUK,,COMMUNITY,GREEN,2,41,1.0,NATIONWIDE_TYPE_VENUE,41,1,1.0,1.0,0.8148692014663526,0.6868421052631579,1.2842249347954553E8,2e791c1fbe39f5acd2e443473c32520423f6131ee59cef2b016af5dfdade83f7,2e791c1fbe39f5acd2e443473c32520423f6131ee59cef2b016af5dfdade83f7,86,0.40918180563193934,SAME_REGION_TYPE,true,0.9,0.9500000000000001,1.0,50,9,7.483522541529506,0.09848025104240027,0.9262682018480941,0.8250000000000001,1.6730320526610252E8,dc3f4d3eead69b10a8734add5dea4513c0bd25c6d7ff2e548f0113d4e1bdf0c1,844e69f196a916c15a51adff92ea616058022fc63ed8d19020258d843af37f17
NO_DISTRICT,GYEONGBUK,,COMMUNITY,VILLAGE,12,80,0.2430066683586658,SAME_REGION_TYPE,50,9,6.545386688479072,0.03188190373644443,0.8940255372995868,0.7932692307692308,1.644062735223358E8,0c688b844dcc86ba2982c7b32f7faca6d569fecf2f1a4fc393729259b826bf2b,c331476d52e3a21dab7793eb5e6b8eafea30cabda74c135e2952b13df11a23de,80,0.2430066683586658,SAME_REGION_TYPE,false,-Infinity,NaN,NaN,50,9,6.545386688479072,0.03188190373644443,0.8940255372995868,0.7932692307692308,1.644062735223358E8,0c688b844dcc86ba2982c7b32f7faca6d569fecf2f1a4fc393729259b826bf2b,c331476d52e3a21dab7793eb5e6b8eafea30cabda74c135e2952b13df11a23de
NO_DISTRICT,GYEONGBUK,,CULTURE_ART,VILLAGE,2,39,1.0,NATIONWIDE_TYPE_VENUE,39,1,1.0,1.0,0.8101767872507815,0.6845744680851065,1.415634584548065E8,35666bd283d687af38fec7347887732ca0983e78f887177a0dbce730a02f799c,35666bd283d687af38fec7347887732ca0983e78f887177a0dbce730a02f799c,153,0.2053689659208344,SAME_REGION_TYPE,true,0.9,0.9500000000000001,1.0,50,7,4.48323285794394,0.041820542094638286,0.9291958639638455,0.9230769230769231,1.4822216199385887E8,c288122518f3f6df9743eaddb9d84999b0a323f061bac9d6516aa46cad7a7bca,aa89065cb55c04d996316f0434c3751687ad07fbe0b18c3968849c7cc9eeb14f
NO_DISTRICT,GYEONGBUK,,CULTURE_ART,INDEPENDENT,4,76,1.0,NATIONWIDE_TYPE_VENUE,50,1,1.0,1.0,0.8124246664411822,0.765,4.0453713542546415E8,8d3227fce5057e121afb1463f7003206e6d03aae5ceffb834860623ae7d9b164,b81c1628738532dfedf568cd3680081d002e21a62219b62bed3af08a4d6a5990,219,0.28116138845764965,SAME_REGION_TYPE,true,0.8911764705882352,0.9411764705882353,1.0,50,7,5.852653608882625,0.020581246068178842,0.9278673891774343,0.9230769230769231,2.4989525609181035E8,7ca13305a3fe6a0478aab36d21385dbf8bb4ee97b2494ff7c651316bd788f96e,fa0004eed36b053e082f6d1d0961ffc71d2002baad917ed4314c7beab9090c05
NO_DISTRICT,GYEONGBUK,,COMMUNITY,WATERFRONT,3,29,1.0,NATIONWIDE_TYPE_VENUE,29,1,1.0,1.0,0.8116744628048511,0.7035714285714286,1.688502717146026E8,d79174673ff7f3466f21cd9adef13feaf0fb2e943028627027b036405e0d7d39,d79174673ff7f3466f21cd9adef13feaf0fb2e943028627027b036405e0d7d39,67,0.3681799975269508,SAME_REGION_TYPE,true,0.8911764705882352,0.9411764705882353,1.0,50,8,5.98200694724332,0.20900292371983398,0.9087232351738534,0.8250000000000001,1.77322953138881E8,eee9c0e8da5e1be5683ece2d07ae8c3e14f60c6a9d80827687a38ec3a3733ef8,489424f2e2000be5779d149628c544c93e2742fed9602c48be3c8301fd9d2746
NO_DISTRICT,GYEONGBUK,,TRADITION_HISTORY,VILLAGE,2,94,0.17607238705662254,SAME_REGION_TYPE,50,9,7.011446112181761,0.02111576904835268,0.924795461971507,0.8906250000000001,2.2913204803552425E8,bdb61ff40e92f3508fdd7305323fece94a97cb10bf12cd1ac97690269d736116,8fc41188e79f45995461b0c7a4ed718d739733c8174b22726f1044da1fa8a2ef,94,0.17607238705662254,SAME_REGION_TYPE,false,-Infinity,NaN,NaN,50,9,7.011446112181761,0.02111576904835268,0.924795461971507,0.8906250000000001,2.2913204803552425E8,bdb61ff40e92f3508fdd7305323fece94a97cb10bf12cd1ac97690269d736116,8fc41188e79f45995461b0c7a4ed718d739733c8174b22726f1044da1fa8a2ef
NO_DISTRICT,GYEONGBUK,,LOCAL_SPECIALTY,GREEN,9,95,1.0,NATIONWIDE_TYPE_VENUE,50,1,1.0,1.0,0.8139018232234997,0.735,3.878197737852737E8,6f559ff7303a8c2962ebc48f630fcff4006b749cc57f1e138c456575624dd657,d316521b051877ebb9c11b98b0dcf1a673feeecd7b663aa3c0ddd58f350d062c,233,0.32459051868132055,SAME_REGION_TYPE,true,0.9,0.9500000000000001,1.0,50,6,4.635725396151555,0.06239846867999149,0.9258711031217833,0.9230769230769231,1.638849748366652E8,0555a8855cd99eb37cd9f56964115dd608c8844d27736ed25778477d3a790fae,032d95e211159a92ba618129d8240b3ff8ab9ac27cbdae3025fe1dd5a539a298
NO_DISTRICT,GYEONGBUK,,LOCAL_SPECIALTY,UNDECIDED,3,262,0.1417244383505855,SAME_REGION_TYPE,50,5,4.591659188591308,0.28085752949834997,0.9360974472810017,0.9230769230769231,2.2165886241793004E8,4e4d9de05368a7c86875f8754701ed4007d33f52733fc7c958d3fa624c65bbc3,f10b309afe7292ee808bb53c8a5cdfb2cec7b0fcc1b43c982f14263747e03307,262,0.1417244383505855,SAME_REGION_TYPE,false,-Infinity,NaN,NaN,50,5,4.591659188591308,0.28085752949834997,0.9360974472810017,0.9230769230769231,2.2165886241793004E8,4e4d9de05368a7c86875f8754701ed4007d33f52733fc7c958d3fa624c65bbc3,f10b309afe7292ee808bb53c8a5cdfb2cec7b0fcc1b43c982f14263747e03307
NO_DISTRICT,GYEONGBUK,,LOCAL_SPECIALTY,VILLAGE,3,23,1.0,NATIONWIDE_TYPE_VENUE,23,1,1.0,1.0,0.8028367759434109,0.7295454545454546,1.6168292365833363E8,3fbec895063fe63197622dd9e2f7c6edb414b8212fdbf14439a971c269a81dc0,3fbec895063fe63197622dd9e2f7c6edb414b8212fdbf14439a971c269a81dc0,238,0.1471474909866149,SAME_REGION_TYPE,true,0.87,0.92,1.0,50,5,4.591659188591308,0.28085752949834997,0.9360974472810017,0.9230769230769231,2.2165886241793004E8,e068ef37608ded0fdd2e5ad610cecef3bb44f14232d6c158fc6d8601e40ec341,f10b309afe7292ee808bb53c8a5cdfb2cec7b0fcc1b43c982f14263747e03307
NO_DISTRICT,GYEONGBUK,,CULTURE_ART,INDEPENDENT,3,76,1.0,NATIONWIDE_TYPE_VENUE,50,1,1.0,1.0,0.8230527589854083,0.7875000000000001,2.8906759725867695E8,8d3227fce5057e121afb1463f7003206e6d03aae5ceffb834860623ae7d9b164,b142701689223229d4f0a0decef9715c924e47e5abe71b8f85c338d735799744,214,0.29093289943369993,SAME_REGION_TYPE,true,0.9,0.9500000000000001,1.0,50,6,4.721527266396136,0.061949106779618804,0.9321528053847074,0.9230769230769231,2.773790690062177E8,48eadf73f263a56520a33dd4014544b6a15218ee8c223ba886c44d991e2342ae,aa59732871416dba0be16e7df7d7d4a304de06fb3f978ea03ba19729e3c396cd
NO_DISTRICT,GYEONGBUK,,CULTURE_ART,GREEN,10,158,1.0,NATIONWIDE_TYPE_VENUE,50,1,1.0,1.0,0.8101557082804116,0.7431818181818182,5.090396625576295E8,4214f3c3954d05a920f970ebc6a910e54d165aa212212417de62ae5be5a531b0,78af94fba8163369057fa9a15155575a009ecbda74046e26a477accfbe90d70b,270,0.4815022746320596,SAME_REGION_TYPE,true,0.8911764705882352,0.9411764705882353,1.0,50,7,5.567184972816425,0.04098011881514684,0.9275520076861113,0.9230769230769231,2.879238879449754E8,01865c33e969630f93b9ac6fad4e054d5676818e11db9cdc84502cb60f9241f3,1dd5ed9a3599eae206b4aefdc3dfa3c05f4859fae8d242c83edc2b1eec2ab8a4
NO_DISTRICT,GYEONGBUK,,LOCAL_SPECIALTY,OTHER,3,30,1.0,NATIONWIDE_TYPE_VENUE,30,1,1.0,1.0,0.8096071886698505,0.6943548387096775,1.3475425736864218E8,d7eb5f5a7795ed75ed648bbe71eacb81a6fe0bd8c57b502eb69efc2e8672ca56,d7eb5f5a7795ed75ed648bbe71eacb81a6fe0bd8c57b502eb69efc2e8672ca56,231,0.14735150051144183,SAME_REGION_TYPE,true,0.9,0.9500000000000001,1.0,50,6,4.927787776607598,0.061230357449157724,0.9375282210463394,0.9230769230769231,2.289560654204324E8,6c076988ec14d0d39996a1e28487323164dde32a12978bae7bb0fe05d8068e38,b9d3bdd0b6e3ae79b551d423da190f25afc3d6fb5e3c4370d66cdfdd55fcde66
NO_DISTRICT,GYEONGBUK,,LOCAL_SPECIALTY,GREEN,16,95,1.0,NATIONWIDE_TYPE_VENUE,50,1,1.0,1.0,0.7911277663546848,0.7168032786885247,3.733464180609933E8,6f559ff7303a8c2962ebc48f630fcff4006b749cc57f1e138c456575624dd657,f88ff85552dde837ca5a8fb5c37675414b27c27a4d114411a7d5e0412562d742,229,0.31815693809160994,SAME_REGION_TYPE,true,0.8911764705882352,0.9411764705882353,1.0,50,7,4.698248548479001,0.04146608606624389,0.9244208457360817,0.9230769230769231,1.3964110828307328E8,a56f2ce0d2b6d766e5db1ed11e489cabe33a2d985c836b0d86935fd10de1fd60,13db3bbeda54868d9f9fdc945ea77e050234d659793955a196fbd8c9aec9c450
NO_DISTRICT,GYEONGBUK,,TRADITION_HISTORY,GREEN,3,54,1.0,NATIONWIDE_TYPE_VENUE,50,1,1.0,1.0,0.8098099055201948,0.75,3.2794465040325105E8,925fb91efbfb16db5e571b6b008cb99b6c0a3a167e39edb07bb4c1c2cafda7ae,15013135441599761863f195c6b7c25c44c6b8930cfb9f4e510c4f80f3a88a3e,111,0.41918219369196047,SAME_REGION_TYPE,true,0.9,0.9500000000000001,1.0,50,9,6.991386167627177,0.060612504795569,0.923127291325126,0.9,3.4858454641406745E8,7daf49b5a283191fdd24e4afeb8cf75fc91e58f406c569c7076ea72a3020c4d7,a62f933123d6264109829fe93c4867b229f56ab3e59710015d58e4ac6c509253
NO_DISTRICT,GYEONGBUK,,TRADITION_HISTORY,GREEN,2,54,1.0,NATIONWIDE_TYPE_VENUE,50,1,1.0,1.0,0.8036834777119277,0.75,2.5319044092272875E8,925fb91efbfb16db5e571b6b008cb99b6c0a3a167e39edb07bb4c1c2cafda7ae,629b0d4dc3b42373f864c89399bdd4c8d07d01fb74c9a354eae111ad6bfab652,99,0.469173647535755,SAME_REGION_TYPE,true,0.9,0.9500000000000001,1.0,50,9,7.3166107240840565,0.09137875240512727,0.9232626197000905,0.8250000000000001,2.3090995814893788E8,d18f805e64da506576f35b826cecb946a2685f8a7d892b29b96fc522bf468925,4a653cdcaa0c84ef5d33c017242436db54febc473898e127642f80c9a9004028
NO_DISTRICT,GYEONGBUK,,NATURE_ECOLOGY,OTHER,9,28,1.0,NATIONWIDE_TYPE_VENUE,28,1,1.0,1.0,0.7879968045676918,0.7050000000000001,1.2063707522379985E8,bac84c25c579cb164a23d21f107620de9d5a19ddb2360cb94e2daef2a6ba747b,bac84c25c579cb164a23d21f107620de9d5a19ddb2360cb94e2daef2a6ba747b,87,0.2513021346007048,SAME_REGION_TYPE,true,0.9,0.9500000000000001,1.0,50,9,7.160446130185969,0.04197713860623301,0.9274499411618636,0.9230769230769231,1.682656649873352E8,ed9df716bd861df0fa4eff26867d760348e1567907c4374afbe2300aac964367,a674e6988dc9816c516c19cce30229f0c341292971e821542a21e2895a0b5230
NO_DISTRICT,GYEONGBUK,,NATURE_ECOLOGY,WATERFRONT,2,70,1.0,NATIONWIDE_TYPE_VENUE,50,1,1.0,1.0,0.8098540994960828,0.765,9.87539963975105E7,0a635fe7c95464734d67fcf3eb34fbe1decb151168419235fa06b370eaf0e0c0,e8f8e9ee42d2424dc64389b00738a074eb372e82803226271ebcce3a0f95eb00,124,0.48047598706394384,SAME_REGION_TYPE,true,0.9,0.9500000000000001,1.0,50,9,6.692190640040572,0.04197713860623301,0.9274499411618636,0.9230769230769231,1.2358231298854186E8,4f7b047d55d08c83d1730c13bbf50fb4093cddc64c16843d8ba76d5ff0ffeae4,85607571b47913a6eb77ee6c9aa4a75d5cd02941f6d006a4c6004f3bcb5b61de
NO_DISTRICT,GYEONGBUK,,LOCAL_SPECIALTY,WATERFRONT,5,71,1.0,NATIONWIDE_TYPE_VENUE,50,1,1.0,1.0,0.8145847714723913,0.75,2.0172398832202175E8,423ef67fb8d8ce3b4c72bcaeeff7f273fce5f5c7748615ef99cbb399498ea8e6,edd65ee4aab15f30d4e3323d0dda2334c0f561a9406d6d8ed6e60ffc93bc5ff7,231,0.24515389218098843,SAME_REGION_TYPE,true,0.9,0.9500000000000001,1.0,50,6,4.629556454186729,0.08186399888245818,0.9246904258789107,0.9230769230769231,1.456406730360033E8,a747c8c53f5d0809ad966470c43498ffe077aa757ad5f41d6fa1c9603ed6a2e8,57b00be00f562b833cfbbd25de62235dc4d4bbcf64aed322efffe7101b1dc04e
NO_DISTRICT,GYEONGBUK,,CULTURE_ART,VILLAGE,3,39,1.0,NATIONWIDE_TYPE_VENUE,39,1,1.0,1.0,0.8035351783427404,0.6877659574468086,1.6946804304038554E8,35666bd283d687af38fec7347887732ca0983e78f887177a0dbce730a02f799c,35666bd283d687af38fec7347887732ca0983e78f887177a0dbce730a02f799c,177,0.1745355212462321,SAME_REGION_TYPE,true,0.9,0.9500000000000001,1.0,50,6,4.4762924146271965,0.020818101501168897,0.9312401082875705,0.9230769230769231,2.816569597142817E8,12f58c4d946821db63c87cfbb54fb72580a07926e5474b063c16fc24666f9990,9cd172d63133305033322b17d7f8abcf54fc7b04bf9a2c2c36c2643c58619489
NO_DISTRICT,GYEONGBUK,,COMMUNITY,INDEPENDENT,17,21,1.0,NATIONWIDE_TYPE_VENUE,21,1,1.0,1.0,0.7481062957623146,0.6916666666666667,1.7408503394900027E8,eedf7791ca3d1393402cd8cd68579a82dd4c14bb23bf3bca6d0ba4c78b4feceb,eedf7791ca3d1393402cd8cd68579a82dd4c14bb23bf3bca6d0ba4c78b4feceb,75,0.21839795253936498,SAME_REGION_TYPE,true,0.775,0.8250000000000001,1.0,50,9,6.552017015392822,0.13045462013179296,0.8920123806829476,0.7916666666666667,1.4904055116696185E8,c51ae3b2aa0ce95f5fcad5de2611bbcf1d2c742136c2be1a9f9a03e9382641af,c1ae62310be930c566b66bd9728bdbae0fdf6157027701bf93584364655e2bf9
NO_DISTRICT,GYEONGBUK,,LOCAL_SPECIALTY,INDEPENDENT,4,37,1.0,NATIONWIDE_TYPE_VENUE,37,1,1.0,1.0,0.7825637780748387,0.6991935483870968,1.5465047729236418E8,f48a1845e91ccd6df2e6cbb8eff45c61703b96b9de9c78eebb998bf15f66a0a2,f48a1845e91ccd6df2e6cbb8eff45c61703b96b9de9c78eebb998bf15f66a0a2,269,0.13660496425307092,SAME_REGION_TYPE,true,0.775,0.8250000000000001,1.0,50,5,3.706984769235568,0.040645322661330655,0.9301116904606146,0.9230769230769231,2.3676493802225265E8,719475fc6b7e27169144d5f87ab42582b955bed906d8d8f9967efcf84ec5348d,04e5bbf2e36a4894345f91fec0521d18e89e6c7c34dd44873b1c3a06fd3868c0
NO_DISTRICT,GYEONGBUK,,COMMUNITY,INDEPENDENT,16,21,1.0,NATIONWIDE_TYPE_VENUE,21,1,1.0,1.0,0.7491865799820012,0.6926470588235295,1.744585066567655E8,eedf7791ca3d1393402cd8cd68579a82dd4c14bb23bf3bca6d0ba4c78b4feceb,eedf7791ca3d1393402cd8cd68579a82dd4c14bb23bf3bca6d0ba4c78b4feceb,75,0.21861791485456963,SAME_REGION_TYPE,true,0.7764705882352941,0.8264705882352942,1.0,50,9,6.486525504933521,0.11438232461212725,0.8924230059648655,0.7941176470588235,1.5395635328316092E8,c51ae3b2aa0ce95f5fcad5de2611bbcf1d2c742136c2be1a9f9a03e9382641af,e1bffaae36700641b33595d50957af55a9c0043cd2a8e72398a02f4c924e3a3e
NO_DISTRICT,GYEONGBUK,,LOCAL_SPECIALTY,GREEN,4,95,1.0,NATIONWIDE_TYPE_VENUE,50,1,1.0,1.0,0.8465365425172945,0.795,3.235037077840857E8,6f559ff7303a8c2962ebc48f630fcff4006b749cc57f1e138c456575624dd657,4604ddc5ad5c194f1e71c79299ff225c9d67d515c1a7cc1f758edcb7239f254d,298,0.26664815911435075,SAME_REGION_TYPE,true,0.9,0.9500000000000001,1.0,50,6,4.2776882956673195,0.08238049037059056,0.9319422978903243,0.9230769230769231,2.7386876435779655E8,84d36f044862c4fe025aacfdad995913b63a7690921c7aa48bc070c25f917abf,5ee8ed0b362daeb9c1acfc4f7c4639f096cdb64ccbb9778e890745124a84176e
NO_DISTRICT,GYEONGBUK,,TRADITION_HISTORY,INDEPENDENT,3,38,1.0,NATIONWIDE_TYPE_VENUE,38,1,1.0,1.0,0.8025902817335431,0.7083333333333334,3.0098872356603247E8,8674a18a77fd59101747b5bfbca30d4351075de073f6e1726ea05249ad86bedb,8674a18a77fd59101747b5bfbca30d4351075de073f6e1726ea05249ad86bedb,95,0.33506789821832805,SAME_REGION_TYPE,true,0.9,0.9500000000000001,1.0,50,9,6.952686586327028,0.04108437646542022,0.9228950955228087,0.9,3.429480493825933E8,2f784e6f61fce6cd554b1522cf9eff343e9dc64b511d5df1bbd8b2990e9cd773,336c9f8d8a869cd65b96514c70573ae575e2dfd01654801a1d15de634809fd75
NO_DISTRICT,GYEONGBUK,,NATURE_ECOLOGY,INDEPENDENT,2,107,0.21778527722603266,SAME_REGION_TYPE,50,9,6.478439162056581,0.02101321314400436,0.9268893354105566,0.9230769230769231,1.1948964549721722E8,ace9301241ad077083a464be7363bdf3df9d505deda25587cd5af66780b0cd2c,0bcc229251dfb37ef354253f38054cdacc42ea2df161f12fff4e8d25e879853f,107,0.21778527722603266,SAME_REGION_TYPE,false,-Infinity,NaN,NaN,50,9,6.478439162056581,0.02101321314400436,0.9268893354105566,0.9230769230769231,1.1948964549721722E8,ace9301241ad077083a464be7363bdf3df9d505deda25587cd5af66780b0cd2c,0bcc229251dfb37ef354253f38054cdacc42ea2df161f12fff4e8d25e879853f
NO_DISTRICT,GYEONGBUK,,CULTURE_ART,UNDECIDED,50,238,0.17083066363909177,SAME_REGION_TYPE,50,7,3.8819875776397543,0.019999999999999987,0.9230769230769226,0.9230769230769231,2.6393000741396135E8,e389d01e2cc0d8ad1fd547694b02b823c199ce49fa98cf467e899ca27772f70f,6807f609c759d6697d83d01996efcabc49d4cb3d980e631f45049e544bf32a99,238,0.17083066363909177,SAME_REGION_TYPE,false,-Infinity,NaN,NaN,50,7,3.8819875776397543,0.019999999999999987,0.9230769230769226,0.9230769230769231,2.6393000741396135E8,e389d01e2cc0d8ad1fd547694b02b823c199ce49fa98cf467e899ca27772f70f,6807f609c759d6697d83d01996efcabc49d4cb3d980e631f45049e544bf32a99
NO_DISTRICT,GYEONGBUK,,TRADITION_HISTORY,GREEN,4,54,1.0,NATIONWIDE_TYPE_VENUE,50,1,1.0,1.0,0.7963997641225383,0.735,3.8508656623067576E8,925fb91efbfb16db5e571b6b008cb99b6c0a3a167e39edb07bb4c1c2cafda7ae,908205032da6c2df3dd14d15ec2f72657c95a7d95279e10e1d9d430bf2589eb6,111,0.40862407287302543,SAME_REGION_TYPE,true,0.9,0.9500000000000001,1.0,50,9,7.165922726506893,0.020947770833605148,0.9283486262296808,0.9230769230769231,4.117909856545989E8,7daf49b5a283191fdd24e4afeb8cf75fc91e58f406c569c7076ea72a3020c4d7,37c6e892634ef5e54e009bbb2b818c9d5c70e1acc04edafa2342cb84da3b42ee
NO_DISTRICT,GYEONGBUK,,NATURE_ECOLOGY,OTHER,2,28,1.0,NATIONWIDE_TYPE_VENUE,28,1,1.0,1.0,0.7971289756406529,0.6930000000000001,8.34839452523899E7,bac84c25c579cb164a23d21f107620de9d5a19ddb2360cb94e2daef2a6ba747b,bac84c25c579cb164a23d21f107620de9d5a19ddb2360cb94e2daef2a6ba747b,82,0.2743354647411923,SAME_REGION_TYPE,true,0.9,0.9500000000000001,1.0,50,9,6.478439162056581,0.02101321314400436,0.9268893354105566,0.9230769230769231,1.1883269777415869E8,58533ce48737ddde2dfbc0bce6f38dca903c91e1ef46b2136be4e67997d51c42,f4a174e4cb48888c3d0ee03d08aa68c3cd0e763b283bc927fbeaaf1ad2c55d90
NO_DISTRICT,GYEONGBUK,,COMMUNITY,OTHER,8,74,0.2012893517954482,SAME_REGION_TYPE,50,9,6.631176701500152,0.017896377051001545,0.9013349764905749,0.8125000000000001,1.789782781294166E8,990a3170e492539d2dfc97a2318fbfeb288a6f0550b7c1bb656bef0d3e99fcbc,8beb80b0c95b479170b8e6caa40aee6f3171d109f2a31553f82001225ce8ad53,74,0.2012893517954482,SAME_REGION_TYPE,false,-Infinity,NaN,NaN,50,9,6.631176701500152,0.017896377051001545,0.9013349764905749,0.8125000000000001,1.789782781294166E8,990a3170e492539d2dfc97a2318fbfeb288a6f0550b7c1bb656bef0d3e99fcbc,8beb80b0c95b479170b8e6caa40aee6f3171d109f2a31553f82001225ce8ad53
NO_DISTRICT,GYEONGBUK,,LOCAL_SPECIALTY,VILLAGE,2,23,1.0,NATIONWIDE_TYPE_VENUE,23,1,1.0,1.0,0.810764548309268,0.7159090909090909,1.2743191419667056E8,3fbec895063fe63197622dd9e2f7c6edb414b8212fdbf14439a971c269a81dc0,3fbec895063fe63197622dd9e2f7c6edb414b8212fdbf14439a971c269a81dc0,238,0.1456588927504381,SAME_REGION_TYPE,true,0.84,0.89,1.0,50,5,4.25756581846285,0.24070017640103117,0.9266206937943514,0.9230769230769231,1.087939400374815E8,e068ef37608ded0fdd2e5ad610cecef3bb44f14232d6c158fc6d8601e40ec341,ba36405e30dff0a57d6461b201083e95a975c3cbb6c9b71091f2e5be04fb6ee9
NO_DISTRICT,GYEONGBUK,,COMMUNITY,VILLAGE,2,80,0.25895314212812787,SAME_REGION_TYPE,50,8,6.975125515839303,0.16030252405051515,0.9226066561608433,0.84375,1.6519956813970855E8,0c688b844dcc86ba2982c7b32f7faca6d569fecf2f1a4fc393729259b826bf2b,64559c2848f339771b83e36b37788316d0c2838cf476654068bf4ebeda44e2eb,80,0.25895314212812787,SAME_REGION_TYPE,false,-Infinity,NaN,NaN,50,8,6.975125515839303,0.16030252405051515,0.9226066561608433,0.84375,1.6519956813970855E8,0c688b844dcc86ba2982c7b32f7faca6d569fecf2f1a4fc393729259b826bf2b,64559c2848f339771b83e36b37788316d0c2838cf476654068bf4ebeda44e2eb
NO_DISTRICT,GYEONGBUK,,NATURE_ECOLOGY,INDEPENDENT,4,107,0.21227674272721608,SAME_REGION_TYPE,50,8,5.8485116528522685,0.26082100600064856,0.921702678712057,0.9,1.4703559749030843E8,ace9301241ad077083a464be7363bdf3df9d505deda25587cd5af66780b0cd2c,ab92d0ffe51471023e9c9352af804986b6bca76c4a714e362660cb337acad302,107,0.21227674272721608,SAME_REGION_TYPE,false,-Infinity,NaN,NaN,50,8,5.8485116528522685,0.26082100600064856,0.921702678712057,0.9,1.4703559749030843E8,ace9301241ad077083a464be7363bdf3df9d505deda25587cd5af66780b0cd2c,ab92d0ffe51471023e9c9352af804986b6bca76c4a714e362660cb337acad302
NO_DISTRICT,GYEONGBUK,,NATURE_ECOLOGY,WATERFRONT,9,70,1.0,NATIONWIDE_TYPE_VENUE,50,1,1.0,1.0,0.7863127582662717,0.7200000000000001,2.2835209678682166E8,0a635fe7c95464734d67fcf3eb34fbe1decb151168419235fa06b370eaf0e0c0,1288828261f1d3a9550da52da986d4dffd3c7f821078f29428c89fd4cc70af59,129,0.4465555596391859,SAME_REGION_TYPE,true,0.8863636363636364,0.9363636363636364,1.0,50,9,7.147788747696803,0.0407725575622235,0.9268378392082598,0.9230769230769231,1.7940315922475326E8,281f8f5dfb751bb2feb6d1d8b6a9cfa39509379f7fe2d7f6e720f87ebfb1f27b,ec8f25bcd2f918bb9736bf77bc564e5a240fbf07bf19ac29e217de0d97f5c3ed
NO_DISTRICT,GYEONGBUK,,LOCAL_SPECIALTY,WATERFRONT,4,71,1.0,NATIONWIDE_TYPE_VENUE,50,1,1.0,1.0,0.8276527328964252,0.765,1.9176861889977133E8,423ef67fb8d8ce3b4c72bcaeeff7f273fce5f5c7748615ef99cbb399498ea8e6,6de07e032e16663a6077883d5f4337ba3c8797160c98a234e0eb0cba4834543f,274,0.20870771615806105,SAME_REGION_TYPE,true,0.9,0.9500000000000001,1.0,50,6,4.273827204427045,0.0817420034455011,0.9316168510526962,0.9230769230769231,2.694874101538247E8,ee4055cbe817c162820d0d8b2e304733ede34042f6212bac26c15f15c62858a5,16bac9c712a13944af451c8aa444c13b2f7b8c1f64f8b09b3b85603c13599a25
NO_DISTRICT,GYEONGBUK,,CULTURE_ART,VILLAGE,58,39,1.0,NATIONWIDE_TYPE_VENUE,39,1,1.0,1.0,0.7337014508562786,0.6826271186440679,2.316919401640882E8,35666bd283d687af38fec7347887732ca0983e78f887177a0dbce730a02f799c,35666bd283d687af38fec7347887732ca0983e78f887177a0dbce730a02f799c,137,0.20478798819124186,SAME_REGION_TYPE,true,0.8820895522388059,0.932089552238806,1.0,50,7,4.02275719224512,0.020377116651771932,0.9234289394328223,0.9230769230769231,2.6051515410369623E8,ae66ce5d0546dd70d1b119733721ca3c900202eea85c5ff48dbcf29937824b68,9d08fc4e28af301a0d918f9c1be08294e18bea55a974ea367c4900767fab6b9d
NO_DISTRICT,GYEONGNAM,,CULTURE_ART,GREEN,3,158,1.0,NATIONWIDE_TYPE_VENUE,50,1,1.0,1.0,0.8524110506365662,0.8250000000000001,3.770105391006602E8,4214f3c3954d05a920f970ebc6a910e54d165aa212212417de62ae5be5a531b0,63dd218db74da9a4e92726a4eccd40c0318d2f35b24e9ca8db5dc6ffcc43bb48,291,0.4691178839690143,SAME_REGION_TYPE,true,0.9,0.9500000000000001,1.0,50,6,4.540701324759191,0.10232443554834487,0.9340143917723893,0.9230769230769231,2.1974571507398397E8,384be6b1ba9485f25b56e658549ed424b3de3c732c361d826fa345a80308e765,6377eb749b7447311ac4e0aa440b2093667efb028c086118389d770d5bb2da6d
NO_DISTRICT,GYEONGNAM,,NATURE_ECOLOGY,WATERFRONT,2,70,1.0,NATIONWIDE_TYPE_VENUE,50,1,1.0,1.0,0.8206732900273283,0.75,8.847914445348646E7,0a635fe7c95464734d67fcf3eb34fbe1decb151168419235fa06b370eaf0e0c0,cdcc13633146adab08e202ec00db40bd8657e1b7d1ed80b2e03f5cedae29d2a3,175,0.3264441263979525,SAME_REGION_TYPE,true,0.9,0.9500000000000001,1.0,50,8,3.8543624383513397,0.10398811489350374,0.9265117987247953,0.9230769230769231,7.89719105549015E7,7a7e643993e8fedad83486c9e22b81c1383fea2ea96b9443ffdb8c9292f1f066,bbd45f522629076494cd0f7207c1bfcf44317b97e9b964443ee134570b97ddb2
NO_DISTRICT,GYEONGNAM,,NATURE_ECOLOGY,OTHER,10,28,1.0,NATIONWIDE_TYPE_VENUE,28,1,1.0,1.0,0.7711701853671661,0.7022727272727273,1.1969452380008642E8,bac84c25c579cb164a23d21f107620de9d5a19ddb2360cb94e2daef2a6ba747b,bac84c25c579cb164a23d21f107620de9d5a19ddb2360cb94e2daef2a6ba747b,137,0.249631174541672,SAME_REGION_TYPE,true,0.8863636363636364,0.9363636363636364,1.0,50,8,3.948172486926712,0.02051631235954573,0.9245360254821806,0.9230769230769231,9.73474677864664E7,89c439e8fdc09bc0220c713ac354e8d0126c77e0958558b962f3d07148ad6bfe,c70f6388ca867588f48cd02bd4fb009dfa98842635028fd0bd6363080c012d06
NO_DISTRICT,GYEONGNAM,,NATURE_ECOLOGY,OTHER,9,28,1.0,NATIONWIDE_TYPE_VENUE,28,1,1.0,1.0,0.7753382499870063,0.7050000000000001,1.1939011471910423E8,bac84c25c579cb164a23d21f107620de9d5a19ddb2360cb94e2daef2a6ba747b,bac84c25c579cb164a23d21f107620de9d5a19ddb2360cb94e2daef2a6ba747b,136,0.2514444959606999,SAME_REGION_TYPE,true,0.9,0.9500000000000001,1.0,50,7,3.7732862230399986,0.02115863549014377,0.9236465786478113,0.9230769230769231,8.60329183380303E7,42ab43c10b3cd7211fef70ed78c4c48a6b4ce99ca03653c80069b75f9be72101,5366743f5ff07d4f95df1edbefbbdbc59f0cfd81e0f5dde4de81320ba456607f
NO_DISTRICT,GYEONGNAM,,COMMUNITY,VILLAGE,7,78,0.356635132439982,SAME_REGION_TYPE,50,7,3.2840096595638495,0.04180048816306179,0.9049928124402866,0.8203125000000001,1.4782741884393007E8,e5a392d35036356116c3985efda81361c7b9091f5a13b285987977ec20a4e25c,3209f89798bdc154a04b4ba48f5106536e9bcb8d79d24146a7983340be976977,78,0.356635132439982,SAME_REGION_TYPE,false,-Infinity,NaN,NaN,50,7,3.2840096595638495,0.04180048816306179,0.9049928124402866,0.8203125000000001,1.4782741884393007E8,e5a392d35036356116c3985efda81361c7b9091f5a13b285987977ec20a4e25c,3209f89798bdc154a04b4ba48f5106536e9bcb8d79d24146a7983340be976977
NO_DISTRICT,GYEONGNAM,,TRADITION_HISTORY,INDEPENDENT,4,38,1.0,NATIONWIDE_TYPE_VENUE,38,1,1.0,1.0,0.7934029154609826,0.7166666666666667,3.4272125174452937E8,8674a18a77fd59101747b5bfbca30d4351075de073f6e1726ea05249ad86bedb,8674a18a77fd59101747b5bfbca30d4351075de073f6e1726ea05249ad86bedb,145,0.20739788468792447,SAME_REGION_TYPE,true,0.9,0.9500000000000001,1.0,50,8,4.7559202997841314,0.020986987213951765,0.9274741445151755,0.9230769230769231,4.2474651191320854E8,143bdea57a34bb082d2d36b6e10db5ad663e9b349df10bb63de3cbf3c359a22f,e47f971171e8706f5da371af6f898aaf11f2f83ee504d980fc1bbf195ad628b9
NO_DISTRICT,GYEONGNAM,,LOCAL_SPECIALTY,GREEN,4,95,1.0,NATIONWIDE_TYPE_VENUE,50,1,1.0,1.0,0.852432667714165,0.795,2.791054072762353E8,6f559ff7303a8c2962ebc48f630fcff4006b749cc57f1e138c456575624dd657,1b87e47f2f63d58d61fff816100f57a21846e39a8a0b3803c24b71e4e6fc1726,266,0.3036869554519155,SAME_REGION_TYPE,true,0.9,0.9500000000000001,1.0,50,7,2.6795339726308187,0.06272414262081015,0.9263564315691053,0.9230769230769231,9.892374096893457E7,b18ea79dc952563b4d57ade1f163983913366ee046a82878242b8a5c4b6f4c75,617cfb66368a26a0800d7f0f0d2942276d898ccc452dd37320a186d488ba1606
NO_DISTRICT,GYEONGNAM,,CULTURE_ART,OTHER,2,70,1.0,NATIONWIDE_TYPE_VENUE,50,1,1.0,1.0,0.8229078574052904,0.7875000000000001,1.9485428129904893E8,e2894551a9aade3371c9d134fd015763aa296c0fb24e8191f8fdd46932c4cd77,cf9982f26c028342b0ac7e2276e066aa47d9246819edc77e454b7bcf4920f6c9,197,0.29013547686618274,SAME_REGION_TYPE,true,0.9,0.9500000000000001,1.0,50,7,4.153457010278899,0.02077951316227348,0.9321005853754336,0.9230769230769231,1.2881552137937853E8,15b716cb720a469f438165a28ddc3267d41096f47725c0ad95ce9965b3db68dc,3fdaaf3ec0be3cce3db1db9f87910043bb81f19e356fa19b7a7b20498178721c
NO_DISTRICT,GYEONGNAM,,TRADITION_HISTORY,OTHER,5,22,1.0,NATIONWIDE_TYPE_VENUE,22,1,1.0,1.0,0.7900285982765809,0.7250000000000001,2.5303443130945927E8,3d535e023c473017fdda8ada497fd3aeb9dbae27b046a7bdeb89e40249781229,3d535e023c473017fdda8ada497fd3aeb9dbae27b046a7bdeb89e40249781229,129,0.19828431482325928,SAME_REGION_TYPE,true,0.875,0.925,1.0,50,8,4.1908551850475515,0.019956055637442738,0.9260718942563058,0.9230769230769231,3.903958247703101E8,cc0688cdd3a4ebd0b281a4e263e5639b9da1157ab52a367ead7bdcacaf16e22a,dbe2b9552283177b619e07c0b1e072caaea3e59b45db15d7e1000597f926ec1b
NO_DISTRICT,GYEONGNAM,,CULTURE_ART,GREEN,2,158,1.0,NATIONWIDE_TYPE_VENUE,50,1,1.0,1.0,0.8546360131723049,0.8250000000000001,1.922805318456141E8,4214f3c3954d05a920f970ebc6a910e54d165aa212212417de62ae5be5a531b0,c40679bfc894681d54f2814398c6fec0cece1ce4a08afc745d123d41898cf2db,285,0.47739113078400824,SAME_REGION_TYPE,true,0.9,0.9500000000000001,1.0,50,6,4.266644184331918,0.16393999945521254,0.9353601404369443,0.9230769230769231,1.0592675715706518E8,13da954a42397f225af9259c68a12042af8fa424e109129439929d314825d348,0f02a50ad8f351c5bbfd5af9ab1954c96e5caf6d5385d4a09bc6e069d92e3610
NO_DISTRICT,GYEONGNAM,,CULTURE_ART,INDEPENDENT,3,76,1.0,NATIONWIDE_TYPE_VENUE,50,1,1.0,1.0,0.8096964636291453,0.7875000000000001,2.95902110669691E8,8d3227fce5057e121afb1463f7003206e6d03aae5ceffb834860623ae7d9b164,c495e71c768970af2e2b9c201dfdda3f4e75ab6135aa4ef7908d11275318da0a,238,0.2570136543778089,SAME_REGION_TYPE,true,0.8625,0.9125000000000001,1.0,50,6,4.517729956407559,0.09814539703838594,0.9318377655554775,0.9230769230769231,2.34419467760685E8,8176c0ff4ac3bf33e4e4b76029501070d400f651e9a02592e68a3c4bc3e7b6fd,deea6d344f517297589640412b9ce993f6d829cf261e9675e55bc2c292d4243f
NO_DISTRICT,GYEONGNAM,,CULTURE_ART,WATERFRONT,4,90,1.0,NATIONWIDE_TYPE_VENUE,50,1,1.0,1.0,0.810776563385544,0.765,4.464027776048542E8,c348e29400ebe021db666e856fec31595170b0090866fe06d013a15bb05b35e1,ce15a37ccd79887a8929c8d7ece24efa31204590da52370f8567c71f70b01e84,223,0.32866593131366156,SAME_REGION_TYPE,true,0.9,0.9500000000000001,1.0,50,7,2.601348546802155,0.021092285685967188,0.9251261055699953,0.9230769230769231,2.6320744918737316E8,9e57ee21a16f02bc8bdfb4c497bc78c0cfd6a13e7526ecaf51cc87d90afe1b66,64a692d50065a76152590e2ea3f1df33aef61eb745cb9e0aee5913984cc618de
NO_DISTRICT,GYEONGNAM,,COMMUNITY,GREEN,3,41,1.0,NATIONWIDE_TYPE_VENUE,41,1,1.0,1.0,0.7909848032656501,0.6907894736842106,1.496671344503754E8,2e791c1fbe39f5acd2e443473c32520423f6131ee59cef2b016af5dfdade83f7,2e791c1fbe39f5acd2e443473c32520423f6131ee59cef2b016af5dfdade83f7,95,0.36173411984971665,SAME_REGION_TYPE,true,0.8625,0.9125000000000001,1.0,50,8,3.453848695706008,0.01989105232616443,0.9152679297275412,0.8906250000000001,1.5373523079391617E8,93050d7e3230b9cc6c8833a6cb23ebaa6c1203f5f419e0f6ad65035a817f2f32,756855815d99623e3f92a51831fc2391c430ddb4b90d6765758d61886543e839
NO_DISTRICT,GYEONGNAM,,LOCAL_SPECIALTY,INDEPENDENT,4,37,1.0,NATIONWIDE_TYPE_VENUE,37,1,1.0,1.0,0.8198129185067696,0.6991935483870968,1.545726061221053E8,f48a1845e91ccd6df2e6cbb8eff45c61703b96b9de9c78eebb998bf15f66a0a2,f48a1845e91ccd6df2e6cbb8eff45c61703b96b9de9c78eebb998bf15f66a0a2,208,0.19230035458001904,SAME_REGION_TYPE,true,0.9,0.9500000000000001,1.0,50,7,2.6795339726308187,0.06272414262081015,0.9263564315691053,0.9230769230769231,9.727512327566496E7,7085949bf381b87d6f9ce1b33d794b2e36dfa68accb5a3753c19e20da634030e,521dedc43f76c277df40ac31f58580fdf8250372c92faaa47d54bbf23b6b2fdf
NO_DISTRICT,GYEONGNAM,,LOCAL_SPECIALTY,UNDECIDED,4,249,0.1643125891279865,SAME_REGION_TYPE,50,6,2.2510208029864986,0.6375903567571775,0.9248554797037335,0.9230769230769231,1.0084021897346412E8,06a6289aa857bfbfd95f28809abd41afd06b75e306855555aee431a8b022ccac,6ffeb460a89d0872c58b935cea561d15a5532f9ee21741ed72379808466154dc,249,0.1643125891279865,SAME_REGION_TYPE,false,-Infinity,NaN,NaN,50,6,2.2510208029864986,0.6375903567571775,0.9248554797037335,0.9230769230769231,1.0084021897346412E8,06a6289aa857bfbfd95f28809abd41afd06b75e306855555aee431a8b022ccac,6ffeb460a89d0872c58b935cea561d15a5532f9ee21741ed72379808466154dc
NO_DISTRICT,GYEONGNAM,,LOCAL_SPECIALTY,INDEPENDENT,3,37,1.0,NATIONWIDE_TYPE_VENUE,37,1,1.0,1.0,0.8347609143877007,0.6943548387096775,1.3621322276703382E8,f48a1845e91ccd6df2e6cbb8eff45c61703b96b9de9c78eebb998bf15f66a0a2,f48a1845e91ccd6df2e6cbb8eff45c61703b96b9de9c78eebb998bf15f66a0a2,203,0.19325267155535064,SAME_REGION_TYPE,true,0.9,0.9500000000000001,1.0,50,6,5.064284586252185,0.10238136124789757,0.9372024586013443,0.9230769230769231,1.4847540899905217E8,082905ccff21e6dd8a57cb3ae81ddd51056f80c250150abbe26054edde4e7870,83de2cbc1aec5610242cb11dfdfbb8ea07e4f6b06fd534ed2fefd901c79df761
NO_DISTRICT,GYEONGNAM,,TRADITION_HISTORY,OTHER,4,22,1.0,NATIONWIDE_TYPE_VENUE,22,1,1.0,1.0,0.802264108417318,0.735,2.4155189015293604E8,3d535e023c473017fdda8ada497fd3aeb9dbae27b046a7bdeb89e40249781229,3d535e023c473017fdda8ada497fd3aeb9dbae27b046a7bdeb89e40249781229,129,0.19576516329951443,SAME_REGION_TYPE,true,0.9,0.9500000000000001,1.0,50,8,4.7559202997841314,0.020986987213951765,0.9274741445151755,0.9230769230769231,4.128419020494563E8,cc0688cdd3a4ebd0b281a4e263e5639b9da1157ab52a367ead7bdcacaf16e22a,dfcce65c7abfa07d2f8ab89ff0b31c2b02af7a2ec4529a3196977d839fca648c
NO_DISTRICT,GYEONGNAM,,TRADITION_HISTORY,INDEPENDENT,3,38,1.0,NATIONWIDE_TYPE_VENUE,38,1,1.0,1.0,0.8025902817335431,0.7083333333333334,3.011379855629366E8,8674a18a77fd59101747b5bfbca30d4351075de073f6e1726ea05249ad86bedb,8674a18a77fd59101747b5bfbca30d4351075de073f6e1726ea05249ad86bedb,135,0.2269879992105844,SAME_REGION_TYPE,true,0.9,0.9500000000000001,1.0,50,8,5.498558999892418,0.020934731255397368,0.9286393943374661,0.9230769230769231,3.144577785080833E8,987bd0b71cb80ddf0d387d13f37de54444a3485a1510f42d2146fd4d94e7b193,779643922acc27f134c301742149f9ff909a1836fdda975b19619048cda4f6a7
NO_DISTRICT,GYEONGNAM,,CULTURE_ART,WATERFRONT,2,90,1.0,NATIONWIDE_TYPE_VENUE,50,1,1.0,1.0,0.8169700261413251,0.7875000000000001,2.156624824484686E8,c348e29400ebe021db666e856fec31595170b0090866fe06d013a15bb05b35e1,f47256b797bd83d72022f83b3e1c02456afa325e7989b1c4a043259e95253a28,217,0.3354556078869849,SAME_REGION_TYPE,true,0.9,0.9500000000000001,1.0,50,7,4.153457010278899,0.02077951316227348,0.9321005853754336,0.9230769230769231,1.2595213190299788E8,a405a0be15b84bf77c31027a223beab9d0ad5c84880e04bc38ead6ef1476492e,d08330a4b70c47c7bd240d341acd5a880c97208e0b7dbbf1d067fbe4d2248662
NO_DISTRICT,GYEONGNAM,,CULTURE_ART,INDEPENDENT,4,76,1.0,NATIONWIDE_TYPE_VENUE,50,1,1.0,1.0,0.8003460308087618,0.765,4.047727453816509E8,8d3227fce5057e121afb1463f7003206e6d03aae5ceffb834860623ae7d9b164,0ff499e00a9eb84c6f4ab197d91f5dc7b9c3a00664f26fd5ba91f7404bbdd20e,243,0.2524654655245191,SAME_REGION_TYPE,true,0.8571428571428571,0.9071428571428571,1.0,50,6,2.4490005409877917,0.5981162841636447,0.9245599842368438,0.9230769230769231,2.5782506200716567E8,517624aa36f62bd1beba723270c972e984919fc8c2acb97ba111e80c15b76e2c,d842408f1e586b8a8567cf578e42934b6a628b183ebb5b9d38181770deea3be3
NO_DISTRICT,GYEONGNAM,,CULTURE_ART,INDEPENDENT,2,76,1.0,NATIONWIDE_TYPE_VENUE,50,1,1.0,1.0,0.8107106995502333,0.775,2.1268379954055157E8,8d3227fce5057e121afb1463f7003206e6d03aae5ceffb834860623ae7d9b164,e8d278f8c8fe3001667670c65d85f222c4f5346afac901ad24a3dc3937b03a5a,203,0.3007348769471965,SAME_REGION_TYPE,true,0.9,0.9500000000000001,1.0,50,7,4.153457010278899,0.02077951316227348,0.9321005853754336,0.9230769230769231,1.241510126114205E8,45eee4846dce4d3c99612410d0838dd8e83290d5d41f936c16dc3da01d9e0c6d,cf482ece4fcdf71b33113affe5992663f8376d1994ef55a3185d1659d51d005d
NO_DISTRICT,GYEONGNAM,,LOCAL_SPECIALTY,GREEN,2,95,1.0,NATIONWIDE_TYPE_VENUE,50,1,1.0,1.0,0.8553467735096426,0.7875000000000001,1.1433309628177658E8,6f559ff7303a8c2962ebc48f630fcff4006b749cc57f1e138c456575624dd657,494d210226598d1e33557155e0f1a22e3c47e24b4070e2a8dbe8703dc1bd0ce5,234,0.34375454539219746,SAME_REGION_TYPE,true,0.9,0.9500000000000001,1.0,50,7,5.305539335470149,0.12438708164113817,0.9317954336735841,0.9230769230769231,8.406000913116303E7,84139450d24dfe0c65279315d2758e4055a163881a9e714012f2274cf209b881,4f718e03d2e5528f08f9c44947f9fdedc6d6ad0a5dd480274ecdaa8b2f75178d
NO_DISTRICT,GYEONGNAM,,CULTURE_ART,INDEPENDENT,12,76,1.0,NATIONWIDE_TYPE_VENUE,50,1,1.0,1.0,0.7550631467476694,0.7211538461538461,5.141071615671943E8,8d3227fce5057e121afb1463f7003206e6d03aae5ceffb834860623ae7d9b164,438d01ad9eb7e5ca630837f19aa51a45adb40cc68b4cdd5c1e8ce4d566e6e6d3,212,0.26585351928220635,SAME_REGION_TYPE,true,0.8307692307692307,0.8807692307692307,1.0,50,6,2.1931697688557352,0.6399714139044281,0.9230975725677801,0.9230769230769231,2.6532820407965598E8,848e9710d8f4dc7203a66f2035e6a337480aa815fb658625073ae2c0be50b69b,66a40b9925c332bad00e355d4d40379bb4d5d8a890078b19ad6769fa49c188f5
NO_DISTRICT,GYEONGNAM,,COMMUNITY,WATERFRONT,3,29,1.0,NATIONWIDE_TYPE_VENUE,29,1,1.0,1.0,0.8016056817607122,0.7035714285714286,1.6941793344790077E8,d79174673ff7f3466f21cd9adef13feaf0fb2e943028627027b036405e0d7d39,d79174673ff7f3466f21cd9adef13feaf0fb2e943028627027b036405e0d7d39,70,0.38462529911369847,SAME_REGION_TYPE,true,0.9,0.9500000000000001,1.0,50,7,3.327922109832805,0.15470393098999968,0.907920090525177,0.8250000000000001,1.6408542667828885E8,f7745aea6f117503d9d56bb66575a475945d99ade4b8b696280b9a1354dd7e79,dffdcf6d85aa3a645c9edaecad6006a29df096715795be66163963b33f92e1ee
NO_DISTRICT,GYEONGNAM,,TRADITION_HISTORY,WATERFRONT,3,31,1.0,NATIONWIDE_TYPE_VENUE,31,1,1.0,1.0,0.804734702289683,0.6851694915254237,2.737492369323392E8,c0745607175cb18cadd7e1f4435374983eded73e4a37d3abefd288d57a8daaeb,c0745607175cb18cadd7e1f4435374983eded73e4a37d3abefd288d57a8daaeb,128,0.19976575841402197,SAME_REGION_TYPE,true,0.9,0.9500000000000001,1.0,50,8,5.728418745565935,0.041820542094638286,0.9291958639638455,0.9230769230769231,3.0870309498315024E8,cdb28cbcab22b8a6f33774cdfa23350c1563bc679ce773768c692a1d914c33bf,51a916049ed987dbd5f03ec6a2f8d25734592e2819fb86733b73c8e1e01e12fb
NO_DISTRICT,GYEONGNAM,,CULTURE_ART,WATERFRONT,3,90,1.0,NATIONWIDE_TYPE_VENUE,50,1,1.0,1.0,0.8235503640866034,0.7875000000000001,3.230300287621948E8,c348e29400ebe021db666e856fec31595170b0090866fe06d013a15bb05b35e1,aab7123dfe3774bfce2ca8575aa246777f517fbfa9ca14a4a19fa581a2059b35,223,0.32999059314601914,SAME_REGION_TYPE,true,0.9,0.9500000000000001,1.0,50,7,4.591193394249994,0.020766682152865583,0.9323867026306896,0.9230769230769231,2.2993449202089107E8,9e57ee21a16f02bc8bdfb4c497bc78c0cfd6a13e7526ecaf51cc87d90afe1b66,b053292735fba2c85de728f430a505e137b78a298df3d5752762884ce51c4792
NO_DISTRICT,GYEONGNAM,,LOCAL_SPECIALTY,INDEPENDENT,2,37,1.0,NATIONWIDE_TYPE_VENUE,37,1,1.0,1.0,0.8283256875549192,0.6895161290322581,1.0911726461922763E8,f48a1845e91ccd6df2e6cbb8eff45c61703b96b9de9c78eebb998bf15f66a0a2,f48a1845e91ccd6df2e6cbb8eff45c61703b96b9de9c78eebb998bf15f66a0a2,176,0.22496455912071472,SAME_REGION_TYPE,true,0.9,0.9500000000000001,1.0,50,7,4.483653446353049,0.041398446174348756,0.9295861983331308,0.9230769230769231,8.075208516524957E7,318c5bb71f687eb6ead99038718402897b83cdf47aad5aedea8314007bbd4519,f884ef2148e4d252afccf292b1e91a4929e22610c060804bf60adc7e21b40410
NO_DISTRICT,GYEONGNAM,,CULTURE_ART,GREEN,9,158,1.0,NATIONWIDE_TYPE_VENUE,50,1,1.0,1.0,0.810300814697779,0.75,4.4828691409451133E8,4214f3c3954d05a920f970ebc6a910e54d165aa212212417de62ae5be5a531b0,c7d938ccffa445aa0aff3194521d526a99faa931a62eb813c09e882cc372d52c,285,0.45318961226005117,SAME_REGION_TYPE,true,0.8911764705882352,0.9411764705882353,1.0,50,7,2.656748858710248,0.06211106468806966,0.9250899528836287,0.9230769230769231,2.363605075283317E8,55835b9df6c536db1eceba42e276ce46734d330c86148bb9970116430c30a0a2,7b6b32fcf7fa770b98eeeb206506291c9f84fe6204baa5ae2adda7106cba3081
NO_DISTRICT,GYEONGNAM,,TRADITION_HISTORY,GREEN,3,54,1.0,NATIONWIDE_TYPE_VENUE,50,1,1.0,1.0,0.815837903103863,0.75,3.294005094788046E8,925fb91efbfb16db5e571b6b008cb99b6c0a3a167e39edb07bb4c1c2cafda7ae,15013135441599761863f195c6b7c25c44c6b8930cfb9f4e510c4f80f3a88a3e,151,0.29858945641405343,SAME_REGION_TYPE,true,0.9,0.9500000000000001,1.0,50,8,5.728418745565935,0.041820542094638286,0.9291958639638455,0.9230769230769231,3.1390078658158123E8,cf4efde0998f8338b97be3601581b6da7bfb5a1b7950dba00ebecf792ee0d2b5,ae7e1c6ee7e890256e821a4ce4fd1e37f196d254c94c984cc5d50279b1c9d639
NO_DISTRICT,GYEONGNAM,,TRADITION_HISTORY,INDEPENDENT,21,38,1.0,NATIONWIDE_TYPE_VENUE,38,1,1.0,1.0,0.7268103407507684,0.6886363636363637,3.8346388413919204E8,8674a18a77fd59101747b5bfbca30d4351075de073f6e1726ea05249ad86bedb,8674a18a77fd59101747b5bfbca30d4351075de073f6e1726ea05249ad86bedb,153,0.18960441815296747,SAME_REGION_TYPE,true,0.7840909090909091,0.8340909090909091,1.0,50,7,2.9904306220095704,0.09999999999999994,0.9230769230769226,0.9230769230769231,3.3170228132549185E8,f32701797b48abe0652155d1775b46b42ab4f3f9411ae640bd8599bc53d1d9c5,b3fc3c28a5c43829cbeff7460ca0433f5fa66ebc8387dca60d47370a34f1dd51
NO_DISTRICT,GYEONGNAM,,NATURE_ECOLOGY,GREEN,17,88,1.0,NATIONWIDE_TYPE_VENUE,50,1,1.0,1.0,0.8028070186136719,0.7166666666666667,1.988389411282181E8,dc459aca48974424d1e63cba2ca3e5c0d723e32a3a4724a75d28d13eea8c5f69,dfaffccaad9510ffd7a12a235390a0a84550528e2b04a6edf1d65963169c44de,199,0.3473239068173518,SAME_REGION_TYPE,true,0.9,0.9500000000000001,1.0,50,7,4.0720263311542135,0.10310470514894202,0.9257394138900039,0.9230769230769231,1.0094305260452358E8,65687d30fa27e0d78c4fe419f4298947251141298ab889685be94b8867ea510e,6c18b4fc50284158436aa59f0a384d00a09425fdf21121c3a0660c010454780b
NO_DISTRICT,GYEONGNAM,,TRADITION_HISTORY,GREEN,4,54,1.0,NATIONWIDE_TYPE_VENUE,50,1,1.0,1.0,0.8033140403105588,0.735,3.872100687286991E8,925fb91efbfb16db5e571b6b008cb99b6c0a3a167e39edb07bb4c1c2cafda7ae,908205032da6c2df3dd14d15ec2f72657c95a7d95279e10e1d9d430bf2589eb6,161,0.27343389799166223,SAME_REGION_TYPE,true,0.9,0.9500000000000001,1.0,50,8,4.998084939419652,0.040880551481603626,0.9275120413239546,0.9230769230769231,4.3984538484878653E8,ba04b2f1ac5dd3c33fbb0d2bff59b9bb2260116245a4eefcb48b87bf0ee26987,d7608d5cdaa5e145465cabf2935e780bb72c3141961adaef30caef080c227951
NO_DISTRICT,GYEONGNAM,,CULTURE_ART,GREEN,4,158,1.0,NATIONWIDE_TYPE_VENUE,50,1,1.0,1.0,0.8341056214979805,0.795,3.914475201674037E8,4214f3c3954d05a920f970ebc6a910e54d165aa212212417de62ae5be5a531b0,dd18fb34841bdc54f442fca4a35ff639d8e54be2ba5cd875e5ad5e2c5e6a816b,291,0.46510022120421596,SAME_REGION_TYPE,true,0.9,0.9500000000000001,1.0,50,7,3.087115199833957,0.0830028152756413,0.9262427227355388,0.9230769230769231,2.6177793767255697E8,384be6b1ba9485f25b56e658549ed424b3de3c732c361d826fa345a80308e765,ccb3edaf81b266b3174cb32a7fed12b9400f3067629f9dc5954c713516936200
NO_DISTRICT,GYEONGNAM,,LOCAL_SPECIALTY,GREEN,3,95,1.0,NATIONWIDE_TYPE_VENUE,50,1,1.0,1.0,0.867238948478854,0.795,2.299915114748786E8,6f559ff7303a8c2962ebc48f630fcff4006b749cc57f1e138c456575624dd657,afb10c423cecef1c73190d8e272b3375a5036e5e79b381229d07e4fd567052a1,261,0.3111639780105555,SAME_REGION_TYPE,true,0.9,0.9500000000000001,1.0,50,6,5.476630332013073,0.20397152165731205,0.9398726695911193,0.9375000000000001,1.5916816614828762E8,937cd6c2c59862d6f90c9e7bed69cd54b23eb3de1f7490850463710fe4624bb4,e6604abd780bb0be438f33eeac84cde81de00237e9bbc0c5930146f95de5f245
NO_DISTRICT,GYEONGNAM,,NATURE_ECOLOGY,GREEN,3,88,1.0,NATIONWIDE_TYPE_VENUE,50,1,1.0,1.0,0.8267963070633696,0.7875000000000001,1.2944504552354032E8,dc459aca48974424d1e63cba2ca3e5c0d723e32a3a4724a75d28d13eea8c5f69,aca2389541003f8e1271854c67e6780c976ff6b7e379edca75f34ddc6f6b0a69,199,0.3664317850949878,SAME_REGION_TYPE,true,0.9,0.9500000000000001,1.0,50,7,4.034768227086553,0.08361126022802373,0.927210881879587,0.9230769230769231,7.97456367848477E7,c1ad217c16aad7ad5c032beb999a9c107f0bffe54ce2069eb6737598c91ad9ab,3598553c0d53db3435ab09ff08fa4c5ec418685aced37bd376aee94869e48ea2
NO_DISTRICT,GYEONGNAM,,NATURE_ECOLOGY,VILLAGE,19,167,0.21377181615846014,SAME_REGION_TYPE,50,6,3.66568914956012,0.19999999999999987,0.9230769230769226,0.9230769230769231,7.871414775371243E7,75122c018518048e36bae25bfb8ac56b32d8c8266d3f1fa7cf71dd679272c8fb,8bed1aa0d54fa099bd06c86b333fef5a54459aef346d27c5d4b5ef5a3c585168,167,0.21377181615846014,SAME_REGION_TYPE,false,-Infinity,NaN,NaN,50,6,3.66568914956012,0.19999999999999987,0.9230769230769226,0.9230769230769231,7.871414775371243E7,75122c018518048e36bae25bfb8ac56b32d8c8266d3f1fa7cf71dd679272c8fb,8bed1aa0d54fa099bd06c86b333fef5a54459aef346d27c5d4b5ef5a3c585168
NO_DISTRICT,GYEONGNAM,,NATURE_ECOLOGY,GREEN,4,88,1.0,NATIONWIDE_TYPE_VENUE,50,1,1.0,1.0,0.8175430733021816,0.765,1.5306878136422232E8,dc459aca48974424d1e63cba2ca3e5c0d723e32a3a4724a75d28d13eea8c5f69,d193e4b6ce0da5b494c5050b2a71336d19d106875e67b91d5fa8e9d312367410,203,0.35649513788117876,SAME_REGION_TYPE,true,0.9,0.9500000000000001,1.0,50,7,3.940091340234559,0.041814058410395434,0.9249091358349841,0.9230769230769231,1.036149497790583E8,2063466cf5fac77eb319b9a06d53cf5b3fe4ba2eb5d4a0d1742da9d280fb9e09,aab84f34446e92972ddb673d9a0a0aba85a6e24bd7920861a7519a6fa22827ea
NO_DISTRICT,GYEONGNAM,,NATURE_ECOLOGY,WATERFRONT,3,70,1.0,NATIONWIDE_TYPE_VENUE,50,1,1.0,1.0,0.8198340012042947,0.775,1.1181889363396546E8,0a635fe7c95464734d67fcf3eb34fbe1decb151168419235fa06b370eaf0e0c0,d3fa94b8a515e123fca5c772bc892a3e46918ebe0c4e228206189c3406c711e0,181,0.3158870585664387,SAME_REGION_TYPE,true,0.9,0.9500000000000001,1.0,50,7,4.030606211791684,0.08289907785216566,0.9268291541480113,0.9230769230769231,7.981082213311872E7,c1be0a0341a553ffe93a45fc33fe4a658a22ae7138f89a56b58371547ddd5959,6b6b3798727821ccfde0d07c22aac2a66cb2d2e4ae5a0d8656ae0b7cb2ac0837
NO_DISTRICT,GYEONGNAM,,CULTURE_ART,OTHER,3,70,1.0,NATIONWIDE_TYPE_VENUE,50,1,1.0,1.0,0.8221210122195088,0.7875000000000001,2.1764302377866748E8,e2894551a9aade3371c9d134fd015763aa296c0fb24e8191f8fdd46932c4cd77,71ba9b5fd7de9329c6a061640490aa17c0082cc019466cf5fab8fa78741a26ca,203,0.28069213031070606,SAME_REGION_TYPE,true,0.9,0.9500000000000001,1.0,50,7,4.637285979786524,0.062155797777417504,0.9334807637767754,0.9230769230769231,2.1783453439199203E8,33b49446073bbd506ddcf7b263472c93fff175361a7dd24b00927d4491294baa,e6cbdb5de08e2285e4793d39ffcc2777b7940d392be5b88263f2ff5fad811d90
NO_DISTRICT,GYEONGNAM,,LOCAL_SPECIALTY,WATERFRONT,3,71,1.0,NATIONWIDE_TYPE_VENUE,50,1,1.0,1.0,0.8133729236836393,0.7875000000000001,1.5497695577312228E8,423ef67fb8d8ce3b4c72bcaeeff7f273fce5f5c7748615ef99cbb399498ea8e6,b81e46091782f6a959614820fd263ea9d343c58e33aee45b8daafaf748656aed,237,0.23913576333139053,SAME_REGION_TYPE,true,0.9,0.9500000000000001,1.0,50,6,4.313419070855382,0.020639238233521533,0.9352285604489342,0.9230769230769231,1.3692083616302347E8,1813c2ebbe7c74639d025eb28a0902ee70b0ecbc248a55e58ac714842ac85118,2fecb9a2075e80b38ad5a5070ebbd55c7ff2269938fcf58535440497d09b88ec
NO_DISTRICT,GYEONGNAM,,NATURE_ECOLOGY,INDEPENDENT,3,176,0.2015985501052778,SAME_REGION_TYPE,50,7,3.7942016154164633,0.059736610550162106,0.9251506045497258,0.9230769230769231,8.331416738235126E7,3ad433f5c03c1257c980fa2ae0e2ef6995db53f415fdd44bf6175270e1c42a66,f260f769a73035d3fed8b3c78ffe865228f47cdd518030efb8b8891004fdf6f5,176,0.2015985501052778,SAME_REGION_TYPE,false,-Infinity,NaN,NaN,50,7,3.7942016154164633,0.059736610550162106,0.9251506045497258,0.9230769230769231,8.331416738235126E7,3ad433f5c03c1257c980fa2ae0e2ef6995db53f415fdd44bf6175270e1c42a66,f260f769a73035d3fed8b3c78ffe865228f47cdd518030efb8b8891004fdf6f5
NO_DISTRICT,GYEONGNAM,,LOCAL_SPECIALTY,WATERFRONT,2,71,1.0,NATIONWIDE_TYPE_VENUE,50,1,1.0,1.0,0.8126987311066302,0.7875000000000001,9.881875602805808E7,423ef67fb8d8ce3b4c72bcaeeff7f273fce5f5c7748615ef99cbb399498ea8e6,f1bf5c5ef599137e4ec4b591b6012872542fb7f242ccd6680e79fb88f259c4c0,210,0.2713271628018936,SAME_REGION_TYPE,true,0.9,0.9500000000000001,1.0,50,7,4.241947127600891,0.020908700739722518,0.9292198459185554,0.9230769230769231,8.614621352816431E7,642ff26b1d6c6e9bb23cd9796ddfe1d74a9d43f768d536ad807a5ec2aeb84a26,beb5bb5b5c4bfd91d5a06376529f37e2fd03b7d5cbfc32085f50a3f49016cac0
NO_DISTRICT,GYEONGNAM,,TRADITION_HISTORY,VILLAGE,3,152,0.17030846836105806,SAME_REGION_TYPE,50,7,5.239473724652083,0.23745730531950346,0.9280816213034327,0.9230769230769231,3.086606608755487E8,b73406f5bcd25bc98d286cc57bac63d45f76a2365a10bb52d79789089a937b11,f7bf7138a738d2fb621be0be2608e1c45cd1d06faaa81f2f294458388dad5330,152,0.17030846836105806,SAME_REGION_TYPE,false,-Infinity,NaN,NaN,50,7,5.239473724652083,0.23745730531950346,0.9280816213034327,0.9230769230769231,3.086606608755487E8,b73406f5bcd25bc98d286cc57bac63d45f76a2365a10bb52d79789089a937b11,f7bf7138a738d2fb621be0be2608e1c45cd1d06faaa81f2f294458388dad5330
NO_DISTRICT,GYEONGNAM,,NATURE_ECOLOGY,GREEN,11,88,1.0,NATIONWIDE_TYPE_VENUE,50,1,1.0,1.0,0.8154762066964226,0.7250000000000001,1.928098891748167E8,dc459aca48974424d1e63cba2ca3e5c0d723e32a3a4724a75d28d13eea8c5f69,3c15256440f5d331909b00585aceb0003efbcb4d4aa18a8437f2ec70b21b4960,196,0.3623444526905544,SAME_REGION_TYPE,true,0.8911764705882352,0.9411764705882353,1.0,50,7,3.9594154142129137,0.041311103903942444,0.9243424942637155,0.9230769230769231,9.432952387977938E7,e2c303926dbf6fdfecefaf4deaa745a9c716a86a51d80b3dd9c91ac92a2e259b,393fea08c360ad1c9f485a023b4ba7ef1dbbb6e6c5e934c2c04592f53c7681bb
NO_DISTRICT,GYEONGNAM,,NATURE_ECOLOGY,GREEN,10,88,1.0,NATIONWIDE_TYPE_VENUE,50,1,1.0,1.0,0.8201286530651456,0.7295454545454546,1.9998293202200794E8,dc459aca48974424d1e63cba2ca3e5c0d723e32a3a4724a75d28d13eea8c5f69,745b1d833dc3b62a22379fc03d057cfc1bb360bec89004b8e5407192d1d3b35c,195,0.366834027287873,SAME_REGION_TYPE,true,0.9,0.9500000000000001,1.0,50,8,3.9946158425242966,0.041787838318628555,0.9252042017576512,0.9230769230769231,1.0060058378616527E8,42418b7b7a5a19f35ce24930f1ec2c41f30d307745ab7b8d0a3978858c287c18,06b128783ba0bcc827786c4ecae9e8f5aeffd2488461aba961250b531265c7ca
NO_DISTRICT,GYEONGNAM,,LOCAL_SPECIALTY,VILLAGE,10,23,1.0,NATIONWIDE_TYPE_VENUE,23,1,1.0,1.0,0.7570803677133598,0.7159090909090909,2.190034897504597E8,3fbec895063fe63197622dd9e2f7c6edb414b8212fdbf14439a971c269a81dc0,3fbec895063fe63197622dd9e2f7c6edb414b8212fdbf14439a971c269a81dc0,157,0.25434458657569065,SAME_REGION_TYPE,true,0.8911764705882352,0.9411764705882353,1.0,50,7,2.775844501120751,0.020658529383615603,0.9261115597738403,0.9230769230769231,1.2560133073631412E8,7e8c8426353496707130e58eb5d5e98e603867d7150d5395d4eb99ff75b9987c,f55ff0b8f1eabab96f73a2c7dc6f1aa9cfb25b5ee14c2dc5fab6c5d0c52f8a4b
NO_DISTRICT,GYEONGNAM,,COMMUNITY,OTHER,2,72,0.3602912278682868,SAME_REGION_TYPE,50,8,3.534682584668845,0.019566668939955043,0.9229698673256874,0.8625,1.265423084484607E8,627790f827d62662a5e8890a703357a1e978f89b5f6cf576b7b4fa0255bb4552,c1b79b8c8c3ec1ed6b62b8f0f9c6f27875e705e0bbff89f55ddc5fc91a3abc18,72,0.3602912278682868,SAME_REGION_TYPE,false,-Infinity,NaN,NaN,50,8,3.534682584668845,0.019566668939955043,0.9229698673256874,0.8625,1.265423084484607E8,627790f827d62662a5e8890a703357a1e978f89b5f6cf576b7b4fa0255bb4552,c1b79b8c8c3ec1ed6b62b8f0f9c6f27875e705e0bbff89f55ddc5fc91a3abc18
NO_DISTRICT,GYEONGNAM,,CULTURE_ART,OTHER,10,70,1.0,NATIONWIDE_TYPE_VENUE,50,1,1.0,1.0,0.7899783127322352,0.7159090909090909,2.8466864325112283E8,e2894551a9aade3371c9d134fd015763aa296c0fb24e8191f8fdd46932c4cd77,01ff12379691c320503a502b6da0a84bb0ea560186fef39ba532ba5ad12ba9cd,192,0.2817912438915504,SAME_REGION_TYPE,true,0.9,0.9500000000000001,1.0,50,7,4.0456071278777195,0.02096082666581403,0.9280574956757285,0.9230769230769231,3.2120385873852396E8,900a4d7efbb812b8132ab5bfc79f770d016e2de7efedf8129452db14ef93415a,188cb5f7daee50f6d34a75db6760a94955e8c1051f796d984118a4b2b16b4a32
NO_DISTRICT,GYEONGNAM,,NATURE_ECOLOGY,OTHER,24,28,1.0,NATIONWIDE_TYPE_VENUE,28,1,1.0,1.0,0.7463444599903523,0.687,1.2823939603064442E8,bac84c25c579cb164a23d21f107620de9d5a19ddb2360cb94e2daef2a6ba747b,bac84c25c579cb164a23d21f107620de9d5a19ddb2360cb94e2daef2a6ba747b,146,0.23935647182082057,SAME_REGION_TYPE,true,0.8099999999999999,0.86,1.0,50,6,3.66568914956012,0.19999999999999987,0.9230769230769226,0.9230769230769231,7.871414775371243E7,e4d0d55fe109eeea363696494a60700b8d54c044880f4fb37499a2fb6c88c136,8bed1aa0d54fa099bd06c86b333fef5a54459aef346d27c5d4b5ef5a3c585168
NO_DISTRICT,GYEONGNAM,,NATURE_ECOLOGY,GREEN,9,88,1.0,NATIONWIDE_TYPE_VENUE,50,1,1.0,1.0,0.818447097807255,0.735,1.9489757709432378E8,dc459aca48974424d1e63cba2ca3e5c0d723e32a3a4724a75d28d13eea8c5f69,745b1d833dc3b62a22379fc03d057cfc1bb360bec89004b8e5407192d1d3b35c,196,0.36577857155995996,SAME_REGION_TYPE,true,0.8911764705882352,0.9411764705882353,1.0,50,7,3.8550589745266297,0.041315223825567834,0.923725797977991,0.9230769230769231,8.855646958284579E7,9261c1347d8ccea5dabcdda29f9321697125d806baa3168d577576e7bf2d6d54,8247ef40945efd874ebbf62562fdf1079c025c8bea05116500f7556ff766b634
NO_DISTRICT,JEJU,,TRADITION_HISTORY,GREEN,6,54,1.0,NATIONWIDE_TYPE_VENUE,50,1,1.0,1.0,0.7808993676012059,0.7178571428571429,4.259334640132209E8,925fb91efbfb16db5e571b6b008cb99b6c0a3a167e39edb07bb4c1c2cafda7ae,dc9d8ba60f6bcc6cc73b7c82128f88eba511d8fc4f1b7424fd4527a6b70a93b2,87,0.5340369500386601,GLOBAL_SIMILARITY,true,0.8911764705882352,0.9411764705882353,1.0,50,7,4.6535952783851275,0.2909536357551999,0.8951511308794162,0.7607142857142858,1.6927013133227882E8,2455614f42e9e9d343aaa4a8c6f8304637a9fb0e78d270d500d0a2bb743490c6,1c6b019de7e56908135fff45fd779f45c1832fd0858b48dab0f626801c00c426
NO_DISTRICT,JEJU,,COMMUNITY,VILLAGE,2,51,0.3917619157485844,SAME_REGION_TYPE,50,7,4.510897730805949,0.384141222466415,0.8767055639016826,0.7392857142857143,5.716359385209236E7,b14ccfc33e0c3dac6487c136376fbdda28a84ad940323190c57710437f07d2e2,ef38a81da1542a715a2b4b52f66776a91732b5245e54ee8ad6c66a08e2644132,51,0.3917619157485844,SAME_REGION_TYPE,false,-Infinity,NaN,NaN,50,7,4.510897730805949,0.384141222466415,0.8767055639016826,0.7392857142857143,5.716359385209236E7,b14ccfc33e0c3dac6487c136376fbdda28a84ad940323190c57710437f07d2e2,ef38a81da1542a715a2b4b52f66776a91732b5245e54ee8ad6c66a08e2644132
NO_DISTRICT,JEJU,,NATURE_ECOLOGY,GREEN,2,88,1.0,NATIONWIDE_TYPE_VENUE,50,1,1.0,1.0,0.8123480053217483,0.765,9.298429650135414E7,dc459aca48974424d1e63cba2ca3e5c0d723e32a3a4724a75d28d13eea8c5f69,235f2deb1c8b78c4800f8ddd1d8c99f06258e8b465562f15290165a37ea569b5,143,0.5240207565006377,GLOBAL_SIMILARITY,true,0.8911764705882352,0.9411764705882353,1.0,50,9,8.021311571306507,0.0408250343839706,0.9317029618879886,0.9230769230769231,6.020673305937485E7,308b41c071a32cf578740bd0a8c705ab1a32dd54a9f68ac8a2ca4f983d36c85f,e81d90756686c8d66d8c7e2600635d93d31846a7bebecd3c0e96a1d5a6c93522
NO_DISTRICT,JEJU,,TRADITION_HISTORY,INDEPENDENT,2,38,1.0,NATIONWIDE_TYPE_VENUE,38,1,1.0,1.0,0.8082505150491405,0.7000000000000001,2.2705357596469057E8,8674a18a77fd59101747b5bfbca30d4351075de073f6e1726ea05249ad86bedb,8674a18a77fd59101747b5bfbca30d4351075de073f6e1726ea05249ad86bedb,75,0.4352019076819231,SAME_REGION_TYPE,true,0.9,0.9500000000000001,1.0,50,9,5.583229928868713,0.23254522608067385,0.9115975712294379,0.8250000000000001,8.190804098428082E7,ae7aad25c3a36cda5a3dc4159198ef1e559703f31a965ebc5ef3690f9557d2e5,50d9aa10f0ab32d95d03cc0604f5a25a8121ef0b96c715700060eb0db8482433
NO_DISTRICT,JEJU,,CULTURE_ART,INDEPENDENT,3,76,1.0,NATIONWIDE_TYPE_VENUE,50,1,1.0,1.0,0.811310305606798,0.7875000000000001,2.9823316376443243E8,8d3227fce5057e121afb1463f7003206e6d03aae5ceffb834860623ae7d9b164,0afc6a1702c4f7acd1dc51201a70f1c540e64dcf88876322d14395914fd72090,129,0.5116655816950443,GLOBAL_SIMILARITY,true,0.8911764705882352,0.9411764705882353,1.0,50,9,4.478333206369065,0.020710374849369405,0.9249336626727769,0.9230769230769231,1.1420034479252584E8,b9ee4f079a793bc7cc4eb338582f8200ff23883ab7790d26d9f438e487ed48e2,d8dd0491ff9b921570fa52cc7c6c654c841ca311974a855cf3246a28f7aec5f0
NO_DISTRICT,JEJU,,TRADITION_HISTORY,WATERFRONT,3,31,1.0,NATIONWIDE_TYPE_VENUE,31,1,1.0,1.0,0.8149685544613672,0.6851694915254237,2.4905277558417517E8,c0745607175cb18cadd7e1f4435374983eded73e4a37d3abefd288d57a8daaeb,c0745607175cb18cadd7e1f4435374983eded73e4a37d3abefd288d57a8daaeb,76,0.3442093388131552,SAME_REGION_TYPE,true,0.8911764705882352,0.9411764705882353,1.0,50,9,7.003279394206071,0.09893380610524362,0.9245302964606443,0.8250000000000001,1.0816124167699529E8,acd06bbbb1e8e541e0ab8ea7a98e9e4ea0b344c8fd4e53a80dadb615701228f5,79627c3b8f05912f0c82279a78714560eb0511154c2665ac21be9f362e457751
NO_DISTRICT,JEJU,,CULTURE_ART,INDEPENDENT,2,76,1.0,NATIONWIDE_TYPE_VENUE,50,1,1.0,1.0,0.8125161229930009,0.765,2.0811210307974425E8,8d3227fce5057e121afb1463f7003206e6d03aae5ceffb834860623ae7d9b164,5610f693d8d84799f2daf0f6aee70e3a587c413706f3c785d0ce35a567a049b5,137,0.472688016741469,SAME_REGION_TYPE,true,0.9,0.9500000000000001,1.0,50,9,5.131904511805947,0.041527434715040355,0.9281346350391869,0.9230769230769231,8.047483830905639E7,a977e82ed2593fbc508744fd55d420b85b592b694649616842448f41b1fdb504,cfa5f5e5ec43d736b6928934562c2b967c4e99cd308d03b7d9edb44a4aa32ae2
NO_DISTRICT,JEJU,,COMMUNITY,WATERFRONT,3,29,1.0,NATIONWIDE_TYPE_VENUE,29,1,1.0,1.0,0.8128242878150691,0.7035714285714286,1.6031800122880656E8,d79174673ff7f3466f21cd9adef13feaf0fb2e943028627027b036405e0d7d39,d79174673ff7f3466f21cd9adef13feaf0fb2e943028627027b036405e0d7d39,47,0.5521685534216743,GLOBAL_SIMILARITY,true,0.8911764705882352,0.9411764705882353,1.0,47,6,2.7276748425713797,0.5521685534216746,0.8625683790945121,0.7035714285714286,1.0693501752520743E8,35bb6b8ab0fb202afd86a3b4fc2e9c7f096150ec30a5e1a7440a69c27a772f82,35bb6b8ab0fb202afd86a3b4fc2e9c7f096150ec30a5e1a7440a69c27a772f82
NO_DISTRICT,JEJU,,COMMUNITY,GREEN,2,41,1.0,NATIONWIDE_TYPE_VENUE,41,1,1.0,1.0,0.8022890062383363,0.6868421052631579,1.228075836576747E8,2e791c1fbe39f5acd2e443473c32520423f6131ee59cef2b016af5dfdade83f7,2e791c1fbe39f5acd2e443473c32520423f6131ee59cef2b016af5dfdade83f7,67,0.5382287240799184,GLOBAL_SIMILARITY,true,0.9,0.9500000000000001,1.0,50,7,4.075230390396678,0.4228331135735875,0.8859486659927661,0.7941176470588235,7.51706388818044E7,2a162e3fb22485e810657289121cc84b840de5e1dc641f53dc8f8cd9b4636bf9,8372f9ee03138a209b340f949ac8de97572216eec2abeb141fa66351b678cde5
NO_DISTRICT,JEJU,,CULTURE_ART,GREEN,3,158,1.0,NATIONWIDE_TYPE_VENUE,50,1,1.0,1.0,0.8312604093327333,0.8250000000000001,3.802737721022226E8,4214f3c3954d05a920f970ebc6a910e54d165aa212212417de62ae5be5a531b0,97883173ea8c4ed78f21063721c718c35e364d51b784989fa4e7d19498e107e5,211,0.6851285221504909,GLOBAL_SIMILARITY,true,0.9,0.9500000000000001,1.0,50,9,4.634493416055434,0.04176165108960719,0.925498897861768,0.9230769230769231,1.1150477631704731E8,63631a9b27808a8cb15a12caea34a0f7973c5844c6d75e354989adb48fb5c980,90110b342d57944afc75c25c054f1ae30a81655f13e9e2599ee2d9032e4ea7ae
NO_DISTRICT,JEJU,,LOCAL_SPECIALTY,WATERFRONT,4,71,1.0,NATIONWIDE_TYPE_VENUE,50,1,1.0,1.0,0.8141795027786466,0.765,1.8487017325473043E8,423ef67fb8d8ce3b4c72bcaeeff7f273fce5f5c7748615ef99cbb399498ea8e6,54edf7227041d14517ff9596cf2ca5e71769d74a444c3abe9d2f7c1af43fe5e1,124,0.499630239363534,SAME_REGION_TYPE,true,0.8911764705882352,0.9411764705882353,1.0,50,9,7.028057693039137,0.10379081672195078,0.9199850145462949,0.9,1.0375464765323585E8,85060e40e7ddde665f2ab17123c5ab660d84b9e60a4ecba49d32a469b639e3f1,b855835f45d50eb918bceac6c96cb543c504b0cd945cb15ed29925fb7e316849
NO_DISTRICT,JEJU,,LOCAL_SPECIALTY,WATERFRONT,3,71,1.0,NATIONWIDE_TYPE_VENUE,50,1,1.0,1.0,0.828138878223583,0.7875000000000001,1.5564158243427956E8,423ef67fb8d8ce3b4c72bcaeeff7f273fce5f5c7748615ef99cbb399498ea8e6,f4bcb6eff1604f2ced7470367492d83b5a057e9ab22597583b48880f52255e2f,124,0.5009795079627977,GLOBAL_SIMILARITY,true,0.9,0.9500000000000001,1.0,50,9,8.42884685835174,0.10254896089174081,0.9312572269895619,0.9230769230769231,9.178948977447411E7,85060e40e7ddde665f2ab17123c5ab660d84b9e60a4ecba49d32a469b639e3f1,afaaa552512cd5ae1ced5f2542b6900cdebb46245671d48b83f28488458ef888
NO_DISTRICT,JEJU,,LOCAL_SPECIALTY,INDEPENDENT,3,37,1.0,NATIONWIDE_TYPE_VENUE,37,1,1.0,1.0,0.8019075199981166,0.6943548387096775,1.3635323406261256E8,f48a1845e91ccd6df2e6cbb8eff45c61703b96b9de9c78eebb998bf15f66a0a2,f48a1845e91ccd6df2e6cbb8eff45c61703b96b9de9c78eebb998bf15f66a0a2,100,0.30701533763614863,SAME_REGION_TYPE,true,0.81,0.8600000000000001,1.0,50,8,7.304509134320366,0.19758159357659144,0.9288163958273531,0.9,9.07595346487135E7,30f377f83ff934878f8b5bd67e63c5ee7d7eb952b75917024c1fc2638ceb2523,f6fde3ce40c6a9729b0f640fcd81c63b66bb835eac25608d56eea397a76a99de
NO_DISTRICT,JEJU,,NATURE_ECOLOGY,WATERFRONT,2,70,1.0,NATIONWIDE_TYPE_VENUE,50,1,1.0,1.0,0.8254272800444864,0.75,8.72635561420478E7,0a635fe7c95464734d67fcf3eb34fbe1decb151168419235fa06b370eaf0e0c0,cdcc13633146adab08e202ec00db40bd8657e1b7d1ed80b2e03f5cedae29d2a3,125,0.4789553394796876,SAME_REGION_TYPE,true,0.9,0.9500000000000001,1.0,50,8,7.802382881273284,0.14266265603813852,0.9336953469048295,0.9230769230769231,5.494613057198862E7,18c9568ff5b5c825eb51c5cb90a9aa8a2b112c4394ebbbf2f07e3a42bcff6a3c,07473d30b223fdc315bd5c28e69e3a8ab301d46ed2a423eb7a629ed60dae60c9
NO_DISTRICT,JEJU,,CULTURE_ART,WATERFRONT,2,90,1.0,NATIONWIDE_TYPE_VENUE,50,1,1.0,1.0,0.811879689568518,0.7875000000000001,1.8564713812474728E8,c348e29400ebe021db666e856fec31595170b0090866fe06d013a15bb05b35e1,3b6584e6da525fc8ac07347b28bfbf65d3a5c70b900d2a46d5d0e1494f48aed7,151,0.5082726045306649,GLOBAL_SIMILARITY,true,0.8911764705882352,0.9411764705882353,1.0,50,9,5.128771234300724,0.041155887565457565,0.9279445889463995,0.9230769230769231,7.919462190835896E7,ef2d84b7e0bba23cfe945474791b821f1f6b7f3af8839789124d3da756b5545a,8a1eb19b13a97590884f25969fa1a0ac74f160d22851608aad984d878e38c59d
NO_DISTRICT,JEJU,,COMMUNITY,WATERFRONT,2,29,1.0,NATIONWIDE_TYPE_VENUE,29,1,1.0,1.0,0.8162369534189867,0.6964285714285715,1.3154443522012784E8,d79174673ff7f3466f21cd9adef13feaf0fb2e943028627027b036405e0d7d39,d79174673ff7f3466f21cd9adef13feaf0fb2e943028627027b036405e0d7d39,55,0.459435243571946,SAME_REGION_TYPE,true,0.9,0.9500000000000001,1.0,50,7,4.097694600039432,0.420635935468267,0.8860736970071421,0.775,8.6258050473472E7,b66b4485db05cf29d3d49f6223c21fd130f12599ef8353c49c0b2b63ae6de9a4,91206d149f30f83a2d8705d45168a514fd6db4a752c55edea07d1b8bfb854948
NO_DISTRICT,JEJU,,TRADITION_HISTORY,VILLAGE,4,83,0.26378890345293843,SAME_REGION_TYPE,50,9,6.821239654370897,0.041958550175401614,0.919185632631434,0.9,1.3266297697498149E8,3f6d54dd160efa4729a109bc00a48bb6c60b5264d394972e32dcdd9b1df9c93e,eeadd5553c3e1b3a7ef372690e52c9137e2a1298d9108558ef6a46a423c12950,83,0.26378890345293843,SAME_REGION_TYPE,false,-Infinity,NaN,NaN,50,9,6.821239654370897,0.041958550175401614,0.919185632631434,0.9,1.3266297697498149E8,3f6d54dd160efa4729a109bc00a48bb6c60b5264d394972e32dcdd9b1df9c93e,eeadd5553c3e1b3a7ef372690e52c9137e2a1298d9108558ef6a46a423c12950
NO_DISTRICT,JEJU,,NATURE_ECOLOGY,GREEN,6,88,1.0,NATIONWIDE_TYPE_VENUE,50,1,1.0,1.0,0.7877149806836775,0.7607142857142858,1.8990204514253968E8,dc459aca48974424d1e63cba2ca3e5c0d723e32a3a4724a75d28d13eea8c5f69,fcc73c2fde34ff313a7d618bc93ea73b07d394e03e762ca553b8d6c25e030c6f,116,0.6833411075759752,GLOBAL_SIMILARITY,true,0.8911764705882352,0.9411764705882353,1.0,50,7,4.160485493158033,0.3751908602462784,0.8810576977745358,0.78,1.1406892885462919E8,2b5d0b1e84cfaabe6928fef02dcfd9c7df491e89c95c493a035db5aa7578e42b,59c346eec4eb20981b1769dc13ceea87b26aa4df8950195db6e2f7d019a8c4a0
NO_DISTRICT,JEJU,,NATURE_ECOLOGY,VILLAGE,11,99,0.19705346046129643,SAME_REGION_TYPE,50,9,7.350490457031739,0.03359667303419547,0.8909373421821414,0.796875,1.1701074377348058E8,d7882065b46d33041d3bb28faed05e7e1d08d808334a9e20de2af84000f5b8ab,ed28be783526c7c207a5c367a2ba069dc713f7815af9bac89b59b6d6fc32950e,99,0.19705346046129643,SAME_REGION_TYPE,false,-Infinity,NaN,NaN,50,9,7.350490457031739,0.03359667303419547,0.8909373421821414,0.796875,1.1701074377348058E8,d7882065b46d33041d3bb28faed05e7e1d08d808334a9e20de2af84000f5b8ab,ed28be783526c7c207a5c367a2ba069dc713f7815af9bac89b59b6d6fc32950e
NO_DISTRICT,JEJU,,TRADITION_HISTORY,VILLAGE,2,83,0.265837968243156,SAME_REGION_TYPE,50,9,6.8139896027610645,0.041970286081576304,0.9192307441376011,0.8906250000000001,8.246181207500365E7,3f6d54dd160efa4729a109bc00a48bb6c60b5264d394972e32dcdd9b1df9c93e,dc0733de55bd0788afed7d9aca09ffd36a551a962021b1f5d37a18ef87dee3af,83,0.265837968243156,SAME_REGION_TYPE,false,-Infinity,NaN,NaN,50,9,6.8139896027610645,0.041970286081576304,0.9192307441376011,0.8906250000000001,8.246181207500365E7,3f6d54dd160efa4729a109bc00a48bb6c60b5264d394972e32dcdd9b1df9c93e,dc0733de55bd0788afed7d9aca09ffd36a551a962021b1f5d37a18ef87dee3af
NO_DISTRICT,JEJU,,TRADITION_HISTORY,GREEN,2,54,1.0,NATIONWIDE_TYPE_VENUE,50,1,1.0,1.0,0.8095991185642446,0.75,2.5238385527194703E8,925fb91efbfb16db5e571b6b008cb99b6c0a3a167e39edb07bb4c1c2cafda7ae,629b0d4dc3b42373f864c89399bdd4c8d07d01fb74c9a354eae111ad6bfab652,91,0.521183452875203,GLOBAL_SIMILARITY,true,0.9,0.9500000000000001,1.0,50,9,5.577061262061556,0.2339506151877676,0.9124573629608634,0.8250000000000001,1.0406604636395048E8,2c2553b75b37db4a4cf69bc3132f48ff0a31c17f39e897b98591bc50520d402b,d1b8e9df4cf451cc9d4d2b6d95b08bb18ab73c57880bbcc3f3b5dc8474e3df09
NO_DISTRICT,JEJU,,TRADITION_HISTORY,OTHER,2,22,1.0,NATIONWIDE_TYPE_VENUE,22,1,1.0,1.0,0.8057902188459742,0.7159090909090909,1.8951373891176334E8,3d535e023c473017fdda8ada497fd3aeb9dbae27b046a7bdeb89e40249781229,3d535e023c473017fdda8ada497fd3aeb9dbae27b046a7bdeb89e40249781229,59,0.30793854229677986,SAME_REGION_TYPE,true,0.8911764705882352,0.9411764705882353,1.0,50,9,5.636821459060347,0.2186321815861776,0.9049925209619912,0.7875000000000001,9.568326949711621E7,5fd8e9c4372e8eb549766699fcbfb6494b7c19416d19c3a13431cf88ff469c16,820b1bd96d0ae9ff81f4899d58233ebc73a8632b3fba61b9aeda9467322fbc0d
NO_DISTRICT,JEJU,,LOCAL_SPECIALTY,GREEN,2,95,1.0,NATIONWIDE_TYPE_VENUE,50,1,1.0,1.0,0.8125952492940559,0.7875000000000001,1.208960705684653E8,6f559ff7303a8c2962ebc48f630fcff4006b749cc57f1e138c456575624dd657,ab646ce83054bf9bb95d3c44bd0774cef14fad57ac0a14712d6a5a0fa0f381d2,133,0.6434953789033482,GLOBAL_SIMILARITY,true,0.8911764705882352,0.9411764705882353,1.0,50,9,6.6287458858210515,0.20807499077494732,0.9107371777747378,0.8250000000000001,8.866571828204581E7,22cc92af793b8b9f1cbd024749bbb7a1003481599b080d65e2bc4619a5920e07,7c0f2d4f2aa7bad81d817d24222895465269a3cff1876d7fa21d4bcdddb826fe
NO_DISTRICT,JEJU,,COMMUNITY,GREEN,3,41,1.0,NATIONWIDE_TYPE_VENUE,41,1,1.0,1.0,0.7909848032656501,0.6907894736842106,1.4558526057428667E8,2e791c1fbe39f5acd2e443473c32520423f6131ee59cef2b016af5dfdade83f7,2e791c1fbe39f5acd2e443473c32520423f6131ee59cef2b016af5dfdade83f7,68,0.53091359910727,GLOBAL_SIMILARITY,true,0.8625,0.9125000000000001,1.0,50,7,4.318891423542819,0.40018486647732177,0.8717719874481741,0.7875000000000001,8.170762645648466E7,fdce905728f660c49730e47fe28d729ef4bcd1bacead82f40016a23a5ebd0f1d,6a1f470555cc318ee4f3c8a466c9ea0f556cff019ae3c55db4ac597037010d1e
NO_DISTRICT,JEJU,,CULTURE_ART,WATERFRONT,3,90,1.0,NATIONWIDE_TYPE_VENUE,50,1,1.0,1.0,0.8167620839790549,0.7875000000000001,2.8045585035765034E8,c348e29400ebe021db666e856fec31595170b0090866fe06d013a15bb05b35e1,d3cb47656596ab2bee43460b51766e31c8da90329c7286a4f9ab68da11329112,143,0.5494446057801544,GLOBAL_SIMILARITY,true,0.8911764705882352,0.9411764705882353,1.0,50,9,4.631577548671948,0.04138809888758745,0.9253067519883228,0.9230769230769231,1.1112429543172534E8,fd11be551ea31157b62b55511ac5cd4b4917277bd1bbcb345aa524708330143b,bd362e11ac6063aa1acc6daeeb47798f639cfa13b0ece17bcdf1382a32fd0988
NO_DISTRICT,JEJU,,NATURE_ECOLOGY,OTHER,3,28,1.0,NATIONWIDE_TYPE_VENUE,28,1,1.0,1.0,0.7943309395923556,0.6990000000000001,9.428861456796108E7,bac84c25c579cb164a23d21f107620de9d5a19ddb2360cb94e2daef2a6ba747b,bac84c25c579cb164a23d21f107620de9d5a19ddb2360cb94e2daef2a6ba747b,70,0.32459841179193255,SAME_REGION_TYPE,true,0.8911764705882352,0.9411764705882353,1.0,50,9,7.3809565649213225,0.14190289354573002,0.9180665549475061,0.7941176470588235,9.351969978871316E7,2aa8252b06faa76ccd04b9c1d4734199db773e58a836894527adfc4888143522,4edc67db8a0e6889e052255bc9edd89e176ef2ef540bba5913ad5eca854ee642
NO_DISTRICT,JEJU,,LOCAL_SPECIALTY,WATERFRONT,2,71,1.0,NATIONWIDE_TYPE_VENUE,50,1,1.0,1.0,0.8275108376358665,0.7875000000000001,9.665523957345894E7,423ef67fb8d8ce3b4c72bcaeeff7f273fce5f5c7748615ef99cbb399498ea8e6,e5cf5f8fde80efc2551c0367f87da34eef6c1f474f4db478b3acde264ce13cd0,109,0.5812277012105722,GLOBAL_SIMILARITY,true,0.9,0.9500000000000001,1.0,50,9,6.525261022670633,0.2228596765845061,0.9184557005438452,0.8250000000000001,9.637889063671975E7,2336abd0f3f2819307eed6f67f439c8855262bf9f6d1edcca051c93caecf0baa,053b565533d8df2b4db1e972e47f93bcc07a28b73b3cc5c14063fb67423acbc5
NO_DISTRICT,JEJU,,LOCAL_SPECIALTY,OTHER,2,30,1.0,NATIONWIDE_TYPE_VENUE,30,1,1.0,1.0,0.8065927817050162,0.6895161290322581,1.0476386350895917E8,d7eb5f5a7795ed75ed648bbe71eacb81a6fe0bd8c57b502eb69efc2e8672ca56,d7eb5f5a7795ed75ed648bbe71eacb81a6fe0bd8c57b502eb69efc2e8672ca56,68,0.37217940725525567,SAME_REGION_TYPE,true,0.8911764705882352,0.9411764705882353,1.0,50,9,6.653180059203075,0.20411363872057428,0.9086572427263249,0.8250000000000001,8.89778353005976E7,148c56bc53a5604a7edf69be6f21d9725e3e9baa285af9e4458abe1002600611,30f3f3320c89eb3280dd7f35dabb2416f939310a8322364f7179a323b38d9d38
NO_DISTRICT,JEJU,,CULTURE_ART,GREEN,2,158,1.0,NATIONWIDE_TYPE_VENUE,50,1,1.0,1.0,0.8295515412493695,0.7941176470588235,1.596439395904701E8,4214f3c3954d05a920f970ebc6a910e54d165aa212212417de62ae5be5a531b0,d01e8808a0aec7b5621e5e09db6b523d854264a3ee58ac047a6406c73d85a65a,219,0.6502461144857019,GLOBAL_SIMILARITY,true,0.8911764705882352,0.9411764705882353,1.0,50,9,5.123228565099446,0.02059408644070306,0.927575663809498,0.9230769230769231,8.002820711824347E7,73d85c6127f8c2062e1cfae2f71841f286aa554c768b22f5a7511d08dff08c20,b5ea2f336180026738a73e05639c23fbdcc0cf3aa9812f7c967150e820d85fab
NO_DISTRICT,JEJU,,CULTURE_ART,GREEN,6,158,1.0,NATIONWIDE_TYPE_VENUE,50,1,1.0,1.0,0.7920104831956674,0.7607142857142858,4.047391306855325E8,4214f3c3954d05a920f970ebc6a910e54d165aa212212417de62ae5be5a531b0,8dacfd325a123364619e757a7ee3f7cd313127fcebfec04e1c178f21711648b0,207,0.68535120127724,GLOBAL_SIMILARITY,true,0.8911764705882352,0.9411764705882353,1.0,50,7,3.961704212461276,0.020773519650189514,0.9235097359568287,0.9107142857142858,1.0607662060400549E8,651b964e65caf9491b1dbe5de8a5e2b92f6e0794746b1a34c128b2a5ce0ea61b,348650b0a0659105eb71500b6db238fffd1ec192e94343fc9ab101fa58abea23
NO_DISTRICT,JEJU,,NATURE_ECOLOGY,OTHER,2,28,1.0,NATIONWIDE_TYPE_VENUE,28,1,1.0,1.0,0.7985373338971796,0.6930000000000001,8.345881958388358E7,bac84c25c579cb164a23d21f107620de9d5a19ddb2360cb94e2daef2a6ba747b,bac84c25c579cb164a23d21f107620de9d5a19ddb2360cb94e2daef2a6ba747b,83,0.26799043601972966,SAME_REGION_TYPE,true,0.9,0.9500000000000001,1.0,50,9,8.026898790904474,0.0615505538854443,0.9322522199585338,0.9230769230769231,6.13351553964195E7,561b8f60ca3610aedf7f52acaecfd7e58f6c6abb97b430f9e8348697690501e3,98b051421dc3c6657eca8debfab6723ebf772e8640493a555d5987cbad7429c3
NO_DISTRICT,JEJU,,LOCAL_SPECIALTY,WATERFRONT,30,71,1.0,NATIONWIDE_TYPE_VENUE,50,1,1.0,1.0,0.7598389466511289,0.6943548387096775,1.9666991959231105E8,423ef67fb8d8ce3b4c72bcaeeff7f273fce5f5c7748615ef99cbb399498ea8e6,05f3403e4250d82ded106139d6a9d9eb35a967df4498b631f5f2f13702919c60,99,0.6143341094544801,GLOBAL_SIMILARITY,true,0.8911764705882352,0.9411764705882353,1.0,50,7,4.01268538267695,0.3773579290707239,0.8840933500748951,0.728225806451613,1.061581896603392E8,33da5ae13528a804d8fb542b663d54c0e1f5e3034d22b89fcd26e42af07b8bfe,f433cfea2c8bb3667c7259f035e5d5a11242ee3fc539c6ba77a9713ace0b9882
NO_DISTRICT,JEJU,,TRADITION_HISTORY,OTHER,3,22,1.0,NATIONWIDE_TYPE_VENUE,22,1,1.0,1.0,0.8091498209614468,0.7295454545454546,2.1812732600293893E8,3d535e023c473017fdda8ada497fd3aeb9dbae27b046a7bdeb89e40249781229,3d535e023c473017fdda8ada497fd3aeb9dbae27b046a7bdeb89e40249781229,67,0.26960422328070055,SAME_REGION_TYPE,true,0.9,0.9500000000000001,1.0,50,9,6.959501969612412,0.09054756866968323,0.9208249928042458,0.8250000000000001,1.2092470534817103E8,cbc33e84808395308be2c38c2c78ad27c995981aba980dffe0b0628d99c529c9,dc2d6c456f01ca33f94c07578ce81c866302a1d054d701386cbb95d73610d688
NO_DISTRICT,JEJU,,CULTURE_ART,OTHER,8,70,1.0,NATIONWIDE_TYPE_VENUE,50,1,1.0,1.0,0.80728860336337,0.7250000000000001,2.6066172793950027E8,e2894551a9aade3371c9d134fd015763aa296c0fb24e8191f8fdd46932c4cd77,a1ec01e7dcc682c1515f2c507e2a12aac085c826db9091ac40c4da9ded64b212,118,0.507471293921999,GLOBAL_SIMILARITY,true,0.8911764705882352,0.9411764705882353,1.0,50,7,4.386548280673586,0.16528875101242407,0.9260685746789575,0.9230769230769231,1.0452572471976706E8,cbf89cca5088ca2536cf549edc00ee186f91d24f65ef4d001b6be240b8ce851e,54dfde069c5d19f715fba92d86f28f0caa49abf4366ee13dbb1622190e21f9f4
NO_DISTRICT,JEJU,,CULTURE_ART,OTHER,5,70,1.0,NATIONWIDE_TYPE_VENUE,50,1,1.0,1.0,0.8170980142557387,0.75,2.5147929602173275E8,e2894551a9aade3371c9d134fd015763aa296c0fb24e8191f8fdd46932c4cd77,13e9ae3487464b69e93e4f1e52483a8bb7f8b721f0d61e765228b7c7333ca996,120,0.5051644472749346,GLOBAL_SIMILARITY,true,0.8911764705882352,0.9411764705882353,1.0,50,7,4.50020977702911,0.16518535869040474,0.9263621913690714,0.9230769230769231,1.0708163591436335E8,ec68ec9ef51089e00c27cd8f94944fb317fa263663cf311b02a36ac6fc351cdb,ddbc469729027327519959cfc3feecdeb06790ce5eae9dc3c1cf1008b2039d23
DISTRICT,SEOUL,-,CULTURE_ART,VILLAGE,2,39,1.0,NATIONWIDE_TYPE_VENUE,39,1,1.0,1.0,0.8238229251188087,0.6817164179104478,1.3962580737961397E8,35666bd283d687af38fec7347887732ca0983e78f887177a0dbce730a02f799c,35666bd283d687af38fec7347887732ca0983e78f887177a0dbce730a02f799c,128,0.40071481464368125,NATIONWIDE_TYPE,true,0.95,1.0,1.0,50,4,1.7580872011251758,0.02,1.0,1.0,4.5288688784048015E8,435f5e2b321abfcfd4b734e396db13e934791a351b43122eaec1475a88429a9b,90218b57249ee68b2c193cbde364814fa4f881bc7e9933e46d7655b4cad2672b
DISTRICT,SEOUL,-,NATURE_ECOLOGY,GREEN,7,88,1.0,NATIONWIDE_TYPE_VENUE,50,1,1.0,1.0,0.8198907491780701,0.75,1.6994379612583914E8,dc459aca48974424d1e63cba2ca3e5c0d723e32a3a4724a75d28d13eea8c5f69,c1276bf0bcebf27bcbe046e1712fd2fce7bb5397960969956cd07649877b8041,115,0.6640305523319187,GLOBAL_SIMILARITY,true,0.95,1.0,1.0,50,3,2.9628356883430658,0.38446256498590264,0.9484412534206701,0.7941176470588235,1.504543913974251E8,3976743d724fed4106bb62117960a19e15b49f61257ce4407dad30f10d415a6f,b169cc343caebe462326332b841934082812b5f4ac067074f7867d65b245ed54
DISTRICT,SEOUL,-,CULTURE_ART,WATERFRONT,10,90,1.0,NATIONWIDE_TYPE_VENUE,50,1,1.0,1.0,0.8186860649646578,0.7295454545454546,4.217740375100699E8,c348e29400ebe021db666e856fec31595170b0090866fe06d013a15bb05b35e1,bbdf98988efc222739f7cba7a06607537b8fc6aa67c43dee8c459fa33fca1858,314,0.21778503261231824,SAME_REGION_TYPE,true,0.8911764705882352,0.9411764705882353,1.0,50,8,4.383985106730313,0.058423720678493066,0.9539884628253881,0.9230769230769231,2.812519406079985E8,d7d707e2fea1e108a272b41c2e31c26b0173c1ae97ac35ce6e4998d72aa516a8,e3b9e70f5d0676a280da426b88a20dca4633dda5e398391d143741fd9b579f54
DISTRICT,SEOUL,-,CULTURE_ART,GREEN,14,22,1.0,SAME_DISTRICT_TYPE_VENUE,22,1,1.0,1.0,0.9171503982974103,0.8700000000000001,6.201751455976804E8,18bbc95a56c08716c30138b18cee787180517213b515ecff6b064cd04416ce0d,18bbc95a56c08716c30138b18cee787180517213b515ecff6b064cd04416ce0d,111,0.42822841193792965,NATIONWIDE_TYPE,true,0.9323529411764706,0.9823529411764707,1.0,50,3,1.6733601070950468,0.22,1.0,1.0,4.4918318745386297E8,4aa60eb453c0814c3c51c1017b319b288040f1a0fb51c2f4ed2b1a74b7305f38,ebf5a54352415ef2f8ba003709fa1057a2057ee352a617d4e41d7add76937c26
DISTRICT,SEOUL,-,CULTURE_ART,INDEPENDENT,2,76,1.0,NATIONWIDE_TYPE_VENUE,50,1,1.0,1.0,0.8617119394418739,0.7875000000000001,2.543050742043001E8,8d3227fce5057e121afb1463f7003206e6d03aae5ceffb834860623ae7d9b164,8d6df5c8941a5214eefdb6381d169620b22dff908f1df374f2b681a5ac02bcc7,165,0.36466948658312104,NATIONWIDE_TYPE,true,0.95,1.0,1.0,50,4,2.1294718909710393,0.1,1.0,1.0,5.274283124279588E8,7d770de8d7dee403d066c1bb00972e0cf7c36d1ed3820c69f7fbf99ec64e880c,8517da73ff11617e9bac90e0ca8e3747e0f6ae1f5f983013e97a72e2573b16cd
DISTRICT,SEOUL,-,CULTURE_ART,GREEN,43,22,1.0,SAME_DISTRICT_TYPE_VENUE,22,1,1.0,1.0,0.8831769069367316,0.8568181818181819,6.714299538688962E8,18bbc95a56c08716c30138b18cee787180517213b515ecff6b064cd04416ce0d,18bbc95a56c08716c30138b18cee787180517213b515ecff6b064cd04416ce0d,111,0.4335901019193078,NATIONWIDE_TYPE,true,0.9465909090909091,0.9965909090909092,1.0,50,3,1.6733601070950468,0.22,1.0,1.0,4.4918318745386297E8,4aa60eb453c0814c3c51c1017b319b288040f1a0fb51c2f4ed2b1a74b7305f38,ebf5a54352415ef2f8ba003709fa1057a2057ee352a617d4e41d7add76937c26
DISTRICT,SEOUL,-,COMMUNITY,GREEN,10,41,1.0,NATIONWIDE_TYPE_VENUE,41,1,1.0,1.0,0.7799656680619722,0.7159090909090909,1.9548144257071874E8,2e791c1fbe39f5acd2e443473c32520423f6131ee59cef2b016af5dfdade83f7,2e791c1fbe39f5acd2e443473c32520423f6131ee59cef2b016af5dfdade83f7,58,0.5929887498373505,GLOBAL_SIMILARITY,true,0.9363636363636364,0.9863636363636364,1.0,50,6,2.631798788111389,0.5476094251388426,0.8821678997000694,0.7159090909090909,1.6861136287705076E8,515569491d2f85dc49b84288eabd2e47ea8db8f93322beaad58ef9676fada021,4c118f26ad9ddc15ed67e2a591df572f9caeb8ecc4f8ee06435bb23f5ac9a9c1
DISTRICT,SEOUL,-,CULTURE_ART,GREEN,16,22,1.0,SAME_DISTRICT_TYPE_VENUE,22,1,1.0,1.0,0.9127481308876257,0.8676470588235295,6.32811070458622E8,18bbc95a56c08716c30138b18cee787180517213b515ecff6b064cd04416ce0d,18bbc95a56c08716c30138b18cee787180517213b515ecff6b064cd04416ce0d,111,0.42893849413909435,NATIONWIDE_TYPE,true,0.95,1.0,1.0,50,4,1.7580872011251758,0.02,1.0,1.0,4.662176931212644E8,4aa60eb453c0814c3c51c1017b319b288040f1a0fb51c2f4ed2b1a74b7305f38,21355ab93e9945c80769639a833e9f43b6ed7884bb1c3ecf42d05d29e2d82349
DISTRICT,SEOUL,-,CULTURE_ART,GREEN,3,22,1.0,SAME_DISTRICT_TYPE_VENUE,22,1,1.0,1.0,0.9408981564435182,0.8639534883720931,4.7186860879421586E8,18bbc95a56c08716c30138b18cee787180517213b515ecff6b064cd04416ce0d,18bbc95a56c08716c30138b18cee787180517213b515ecff6b064cd04416ce0d,112,0.420990824975374,NATIONWIDE_TYPE,true,0.95,1.0,1.0,50,4,2.0325203252032518,0.08,1.0,1.0,5.536254187562133E8,a7e2b980ab34cce444114c55bd9081fd90f04b2d66b437fbd52bfafa6bec5ec6,76ce336465f2a8533c0f0dec3ac3a9d256e5d324d9b7982d72dd224e8a7584c2
DISTRICT,SEOUL,-,COMMUNITY,GREEN,3,41,1.0,NATIONWIDE_TYPE_VENUE,41,1,1.0,1.0,0.8225856444913227,0.6907894736842106,1.5755997844023675E8,2e791c1fbe39f5acd2e443473c32520423f6131ee59cef2b016af5dfdade83f7,2e791c1fbe39f5acd2e443473c32520423f6131ee59cef2b016af5dfdade83f7,55,0.6600549862461744,GLOBAL_SIMILARITY,true,0.95,1.0,1.0,50,3,2.094931502198229,0.6373523596159762,0.8938447569406465,0.7875000000000001,1.4058637210633457E8,ef35376297c2d6acf5f3859e339d279c34591ac6966f80b2b69e2bccde43448f,ebf3c4437d7fbf8f548201f9bf3efb5a5c693465d952586caa4de05d0f552d64
DISTRICT,SEOUL,-,CULTURE_ART,GREEN,11,22,1.0,SAME_DISTRICT_TYPE_VENUE,22,1,1.0,1.0,0.9270156565916259,0.8750000000000001,5.954987248494316E8,18bbc95a56c08716c30138b18cee787180517213b515ecff6b064cd04416ce0d,18bbc95a56c08716c30138b18cee787180517213b515ecff6b064cd04416ce0d,111,0.42670308806366936,NATIONWIDE_TYPE,true,0.9384615384615385,0.9884615384615385,1.0,50,3,1.6733601070950468,0.22,1.0,1.0,4.4918318745386297E8,4aa60eb453c0814c3c51c1017b319b288040f1a0fb51c2f4ed2b1a74b7305f38,ebf5a54352415ef2f8ba003709fa1057a2057ee352a617d4e41d7add76937c26
DISTRICT,SEOUL,-,CULTURE_ART,GREEN,2,22,1.0,SAME_DISTRICT_TYPE_VENUE,22,1,1.0,1.0,0.9357436344340475,0.8604651162790699,4.2547042106228584E8,18bbc95a56c08716c30138b18cee787180517213b515ecff6b064cd04416ce0d,18bbc95a56c08716c30138b18cee787180517213b515ecff6b064cd04416ce0d,111,0.42542111478336947,NATIONWIDE_TYPE,true,0.95,1.0,1.0,50,4,2.0325203252032518,0.08,1.0,1.0,4.8969825634043795E8,4aa60eb453c0814c3c51c1017b319b288040f1a0fb51c2f4ed2b1a74b7305f38,9366993afae157d118b93ac1570036d18ec8821ae26619eb0c426e411349b90b
DISTRICT,SEOUL,-,CULTURE_ART,GREEN,10,22,1.0,SAME_DISTRICT_TYPE_VENUE,22,1,1.0,1.0,0.9311849154861528,0.8772727272727273,5.867988711264049E8,18bbc95a56c08716c30138b18cee787180517213b515ecff6b064cd04416ce0d,18bbc95a56c08716c30138b18cee787180517213b515ecff6b064cd04416ce0d,111,0.4260690812644432,NATIONWIDE_TYPE,true,0.95,1.0,1.0,50,4,1.9379844961240305,0.06,1.0,1.0,5.236341366710163E8,4aa60eb453c0814c3c51c1017b319b288040f1a0fb51c2f4ed2b1a74b7305f38,d4768dc46e1853609e1199cd7045750bfa634b07d7632bafebe38b5dd3d3b2fc
DISTRICT,SEOUL,-,NATURE_ECOLOGY,GREEN,180,88,1.0,NATIONWIDE_TYPE_VENUE,50,1,1.0,1.0,0.7497318692398931,0.6791436464088398,1.9983559202863955E8,dc459aca48974424d1e63cba2ca3e5c0d723e32a3a4724a75d28d13eea8c5f69,aa93fb227b5dddeac30ddfc97f5767e1e7606b6d53dac07cb69dddc3a8ae9dae,115,0.6229716361914325,GLOBAL_SIMILARITY,true,0.95,1.0,1.0,50,3,2.9936499340476592,0.35001246401370595,0.9325239969020425,0.6890883977900553,1.4969510140782374E8,3976743d724fed4106bb62117960a19e15b49f61257ce4407dad30f10d415a6f,7f6e31b77bc4b21ffe23181228a30f8976587f7751027ceae750b9a7e219feb1
DISTRICT,SEOUL,-,CULTURE_ART,GREEN,13,22,1.0,SAME_DISTRICT_TYPE_VENUE,22,1,1.0,1.0,0.9201612322502501,0.8714285714285716,6.121543190973047E8,18bbc95a56c08716c30138b18cee787180517213b515ecff6b064cd04416ce0d,18bbc95a56c08716c30138b18cee787180517213b515ecff6b064cd04416ce0d,111,0.4277620680598814,NATIONWIDE_TYPE,true,0.9392857142857143,0.9892857142857143,1.0,50,3,1.6733601070950468,0.22,1.0,1.0,4.4918318745386297E8,4aa60eb453c0814c3c51c1017b319b288040f1a0fb51c2f4ed2b1a74b7305f38,ebf5a54352415ef2f8ba003709fa1057a2057ee352a617d4e41d7add76937c26
DISTRICT,SEOUL,마포구,CULTURE_ART,VILLAGE,2,39,1.0,NATIONWIDE_TYPE_VENUE,39,1,1.0,1.0,0.8161658935520741,0.6817164179104478,1.3651537965752003E8,35666bd283d687af38fec7347887732ca0983e78f887177a0dbce730a02f799c,35666bd283d687af38fec7347887732ca0983e78f887177a0dbce730a02f799c,55,0.6209146870623499,GLOBAL_SIMILARITY,true,0.95,1.0,1.0,50,6,2.2770123511881177,0.5972833935341956,0.8912906202579972,0.7096153846153846,1.2795532177068004E8,e0c34d85eee4513c84e7304857ce061db2800a99000ee6c5f094e2953f48d5d3,149043372df03a04e39cae4314dc4a017c04938199fed6d7440ea0a0cf025822
DISTRICT,SEOUL,마포구,TRADITION_HISTORY,GREEN,3,54,1.0,NATIONWIDE_TYPE_VENUE,50,1,1.0,1.0,0.8267138091275268,0.75,3.139140512118295E8,925fb91efbfb16db5e571b6b008cb99b6c0a3a167e39edb07bb4c1c2cafda7ae,15013135441599761863f195c6b7c25c44c6b8930cfb9f4e510c4f80f3a88a3e,56,0.9472471301091117,GLOBAL_SIMILARITY,true,0.95,1.0,1.0,50,3,1.12429031210327,0.9422211996203843,0.8392193202819572,0.7607142857142858,3.362912513959192E8,4f0e93069c60e7327fecf34e47ba052af99e947e95c24d48475483bf72b9b5b6,1708ef6ed6405f293af21b8169dabb3f63827e42e9e5f33e5b39d4052714a30d
DISTRICT,SEOUL,강동구,CULTURE_ART,INDEPENDENT,3,76,1.0,NATIONWIDE_TYPE_VENUE,50,1,1.0,1.0,0.816531678031849,0.7875000000000001,3.0238976778792083E8,8d3227fce5057e121afb1463f7003206e6d03aae5ceffb834860623ae7d9b164,985e780e294e733b1f0d65e7aca1b818c66293287d04678f7acf59740d72ae86,80,0.9226332585219208,GLOBAL_SIMILARITY,true,0.95,1.0,1.0,50,5,1.27326859141193,0.8843275510196209,0.8398364953410448,0.7875000000000001,3.4933910573177135E8,ab781a95a0646add0dbf92c911177fb1df312d266d272fdf4ed9282a0ec19afa,012cb2185efaac0a69b075ccf644da705550836f629b8a105e124420f1444ff5
DISTRICT,SEOUL,중랑구,NATURE_ECOLOGY,GREEN,9,88,1.0,NATIONWIDE_TYPE_VENUE,50,1,1.0,1.0,0.7942965182059024,0.735,1.9288568648393998E8,dc459aca48974424d1e63cba2ca3e5c0d723e32a3a4724a75d28d13eea8c5f69,745b1d833dc3b62a22379fc03d057cfc1bb360bec89004b8e5407192d1d3b35c,119,0.6597413199843487,GLOBAL_SIMILARITY,true,0.8863636363636364,0.9363636363636364,1.0,50,9,5.6902748687417715,0.3318869846871875,0.89274938806984,0.8113636363636364,1.5136635674931112E8,f5818ea55be32c2af43a27c94f0a7dc9b5fbba645c9f1517abaac7afc2aa2a3c,4d05f6875737f85f377bdbb21b185eb5fcba8b5d22977cbf934541c4d4155189
DISTRICT,SEOUL,중랑구,CULTURE_ART,GREEN,2,158,1.0,NATIONWIDE_TYPE_VENUE,50,1,1.0,1.0,0.8390842198505045,0.8250000000000001,2.242056258000332E8,4214f3c3954d05a920f970ebc6a910e54d165aa212212417de62ae5be5a531b0,874d9c828e68c2bf19b8f5c6e5ae59443797e9a583ef2eb2ce539e57a15d8720,407,0.3171937534051807,SAME_REGION_TYPE,true,0.9,0.9500000000000001,1.0,50,9,6.4229989767818365,0.020029406053208312,0.9502340694093823,0.9375000000000001,1.4185747381043825E8,4a358f59f234ffa8676d69bfd71e87009287395a84369ba75d484b29d8dd2b8e,725869a17295140311ec9c4efd9d7511204ce0229389fbbce123a45184150728
DISTRICT,SEOUL,서대문구,CULTURE_ART,GREEN,10,158,1.0,NATIONWIDE_TYPE_VENUE,50,1,1.0,1.0,0.814180218024755,0.7431818181818182,5.233964263188249E8,4214f3c3954d05a920f970ebc6a910e54d165aa212212417de62ae5be5a531b0,490b2f42312f28def0a8029710ef6697f6640ff0d1b914a110eb348b89487b17,382,0.31507879404152994,SAME_REGION_TYPE,true,0.9,0.9500000000000001,1.0,50,8,4.172086256831097,0.059649632106908955,0.9545910692794988,0.9230769230769231,1.5146974074624655E8,3af1feff1a76ca4fe28fbb83ed6894932fceb0a77fbcc3814bdc5882a01a781f,9cf85bf13dee66fb09818cd36b28ffb627bc0bce430300d7b8237fe4dfe2f04c
DISTRICT,SEOUL,서대문구,TRADITION_HISTORY,GREEN,3,54,1.0,NATIONWIDE_TYPE_VENUE,50,1,1.0,1.0,0.8267138091275268,0.75,3.131025695272077E8,925fb91efbfb16db5e571b6b008cb99b6c0a3a167e39edb07bb4c1c2cafda7ae,15013135441599761863f195c6b7c25c44c6b8930cfb9f4e510c4f80f3a88a3e,62,0.8246976593751715,GLOBAL_SIMILARITY,true,0.95,1.0,1.0,50,8,1.579506685610414,0.7914729971695976,0.8652863527396962,0.7875000000000001,2.9277550838304645E8,f50bf52095cdc6d6dec7c76c9aa0743f8d011f3fc6a90856d13e4da95c9b15c4,1082e8ba085956f3aeab8aa9233a9828b174d05b264e5cbc4fb2b21a4541c5b1
DISTRICT,SEOUL,서대문구,CULTURE_ART,OTHER,3,70,1.0,NATIONWIDE_TYPE_VENUE,50,1,1.0,1.0,0.8471025838020105,0.7875000000000001,1.8868497733889523E8,e2894551a9aade3371c9d134fd015763aa296c0fb24e8191f8fdd46932c4cd77,24d616df51ebff459f8809123000b0b3123100b4453316e5aaa355c70915f4b6,93,0.6721479662160866,GLOBAL_SIMILARITY,true,0.95,1.0,1.0,50,7,3.52230695891128,0.480487259462553,0.941068276136192,0.795,1.2382967600717856E8,a5da055bc9416b448b26432513c33dc8d9d38ab171b397a845033dc1be79e2c8,d05e2b8074c3809c9b77b4d2ccbc8a04f8984dbea4bdbb0296a8acbe9d086213
DISTRICT,SEOUL,관악구,COMMUNITY,WATERFRONT,2,29,1.0,NATIONWIDE_TYPE_VENUE,29,1,1.0,1.0,0.8078050484108545,0.6964285714285715,1.3889098055302474E8,d79174673ff7f3466f21cd9adef13feaf0fb2e943028627027b036405e0d7d39,d79174673ff7f3466f21cd9adef13feaf0fb2e943028627027b036405e0d7d39,115,0.26943389730808426,SAME_REGION_TYPE,true,0.8625,0.9125000000000001,1.0,50,5,2.8842290139305864,0.08101353741003821,0.9318603138636438,0.9230769230769231,6.3019123273810744E7,a53842ed522efddbf15ec02723533e7b55d3b7f5e75d057827c923ce57a22f94,51f5d5cd2105226e9488752638e169100f6d573900b5a6a3542a95049229d4fb
DISTRICT,SEOUL,관악구,CULTURE_ART,INDEPENDENT,2,76,1.0,NATIONWIDE_TYPE_VENUE,50,1,1.0,1.0,0.8138976441943702,0.775,2.2825452372029746E8,8d3227fce5057e121afb1463f7003206e6d03aae5ceffb834860623ae7d9b164,88461e1476146b0c4f7e76b8c4448c787f3705acce9caa093e95c1cc793345e2,376,0.15675826270134136,SAME_REGION_TYPE,true,0.8625,0.9125000000000001,1.0,50,5,4.96432110609114,0.21986238725005783,0.9381068320359441,0.9230769230769231,1.5413792211543053E8,6b10e99badf41d849ffdbf4a98d4209ed6e4be4b3357b125a63126edef7bf79a,3f7b547b4b90f5824d23b4e43bd65ff0ff6161a6aa15063d3c7094a1cc181208
DISTRICT,SEOUL,관악구,TRADITION_HISTORY,GREEN,3,54,1.0,NATIONWIDE_TYPE_VENUE,50,1,1.0,1.0,0.8267138091275268,0.75,3.1378235197351694E8,925fb91efbfb16db5e571b6b008cb99b6c0a3a167e39edb07bb4c1c2cafda7ae,15013135441599761863f195c6b7c25c44c6b8930cfb9f4e510c4f80f3a88a3e,57,0.9250807158405209,GLOBAL_SIMILARITY,true,0.95,1.0,1.0,50,4,1.186549016503007,0.9167696055784029,0.8434805615261087,0.775,3.314732982276331E8,6c670d81c1799df1833115851d798df59dfe6415d3484c5576834f5db3c7f735,1295f31514fcaaca9c7b2e57d8685589fe1305c0ccb6cb1473d365638f342623
DISTRICT,SEOUL,영등포구,CULTURE_ART,GREEN,5,158,1.0,NATIONWIDE_TYPE_VENUE,50,1,1.0,1.0,0.826829757236665,0.775,4.0996949157395756E8,4214f3c3954d05a920f970ebc6a910e54d165aa212212417de62ae5be5a531b0,c293f3f00ef9f4a9c3de8e5d8c4e35c502a37ee49385bebea61d3e4eb25d2e73,168,0.9060121164744311,GLOBAL_SIMILARITY,true,0.95,1.0,1.0,50,5,1.771445503385078,0.7372501972276524,0.879098589061065,0.7941176470588235,3.1160837289587456E8,ccee3c1fad31107434309e162ea27788d90da35c1cbade20d9b578fe104303bf,37254e236fb97d857f9d1dc45bb39e9040bea2adfd6aa10d87c38ce65c37ff60
DISTRICT,SEOUL,영등포구,NATURE_ECOLOGY,GREEN,3,88,1.0,NATIONWIDE_TYPE_VENUE,50,1,1.0,1.0,0.8064457180150079,0.7875000000000001,1.2013544170324798E8,dc459aca48974424d1e63cba2ca3e5c0d723e32a3a4724a75d28d13eea8c5f69,d56a63617982e3d9d710f199ff78fb901ed37ab1d06bd8faf6e37d627b0fc4d9,128,0.6133642053512148,GLOBAL_SIMILARITY,true,0.8045454545454546,0.8545454545454546,1.0,50,9,7.553257739267881,0.20547226141674563,0.9018289309492267,0.8250000000000001,1.1981304582648526E8,04668e3512cb74d9d58070d507663028bc79cac8f926bf756b7fd4fc04026f4b,54a479c9608fa6651ec33f1e6e1c3b865187364ccd5291fe7f90188f807541ae
DISTRICT,SEOUL,영등포구,CULTURE_ART,GREEN,3,158,1.0,NATIONWIDE_TYPE_VENUE,50,1,1.0,1.0,0.8428080811220408,0.8250000000000001,4.575711130163069E8,4214f3c3954d05a920f970ebc6a910e54d165aa212212417de62ae5be5a531b0,a359a2d92e7776980ae8962d2ce7c7c51b473c98c0aed2d16f26857614f061d7,409,0.31880785133549355,SAME_REGION_TYPE,true,0.9,0.9500000000000001,1.0,50,8,7.017138491460488,0.06020444658966528,0.9493940487645848,0.9230769230769231,2.048184552687878E8,8e6af0af6fdfd8158ece2b189b940400aac338cc412d832e254a9b7c22065fcf,e4642baff43ccabf6f64cfcf79c4b4e9e870707b414e81079aa613963697ae8b
DISTRICT,SEOUL,영등포구,COMMUNITY,GREEN,2,41,1.0,NATIONWIDE_TYPE_VENUE,41,1,1.0,1.0,0.8130274579139306,0.6868421052631579,1.2728189994912961E8,2e791c1fbe39f5acd2e443473c32520423f6131ee59cef2b016af5dfdade83f7,2e791c1fbe39f5acd2e443473c32520423f6131ee59cef2b016af5dfdade83f7,115,0.29177993750738085,SAME_REGION_TYPE,true,0.9,0.9500000000000001,1.0,50,6,2.859626596785376,0.04053275435409538,0.9448190416572698,0.9230769230769231,6.4685916394332826E7,55619814ce8e078e36bf4a8b4a89a2832128e8593ae0e2eb1d05b55641d0f43f,53f512784c837417a23eb66cd91b8aecdf2cae82214b8a97e7ce3596a112f0fa
DISTRICT,SEOUL,영등포구,CULTURE_ART,OTHER,3,70,1.0,NATIONWIDE_TYPE_VENUE,50,1,1.0,1.0,0.8453989114230902,0.7875000000000001,1.8846432609526142E8,e2894551a9aade3371c9d134fd015763aa296c0fb24e8191f8fdd46932c4cd77,24d616df51ebff459f8809123000b0b3123100b4453316e5aaa355c70915f4b6,321,0.17677792373720277,SAME_REGION_TYPE,true,0.9,0.9500000000000001,1.0,50,8,7.039685750000651,0.11870154658570874,0.9502287456297974,0.9230769230769231,1.6308678661418694E8,12813c105b82b5587d80f6b901a1be7a43939f8c885c79e9defd8b263a0dbe44,009530a7c052888b628c35ce41f9a872f09eaf9922618b3f753c123fb75aeab4
DISTRICT,SEOUL,구로구,TRADITION_HISTORY,GREEN,2,54,1.0,NATIONWIDE_TYPE_VENUE,50,1,1.0,1.0,0.8213551620737362,0.75,2.4275547155497688E8,925fb91efbfb16db5e571b6b008cb99b6c0a3a167e39edb07bb4c1c2cafda7ae,629b0d4dc3b42373f864c89399bdd4c8d07d01fb74c9a354eae111ad6bfab652,54,1.0,GLOBAL_SIMILARITY,true,0.95,1.0,1.0,50,1,1.0,1.0,0.8213551620737362,0.75,2.4275547155497688E8,925fb91efbfb16db5e571b6b008cb99b6c0a3a167e39edb07bb4c1c2cafda7ae,629b0d4dc3b42373f864c89399bdd4c8d07d01fb74c9a354eae111ad6bfab652
DISTRICT,SEOUL,구로구,CULTURE_ART,WATERFRONT,2,90,1.0,NATIONWIDE_TYPE_VENUE,50,1,1.0,1.0,0.8364924535268684,0.7875000000000001,1.80853489699572E8,c348e29400ebe021db666e856fec31595170b0090866fe06d013a15bb05b35e1,8e26f640f3164ba326827986a4fdec20d883073fadc3dc8d373906c25c26335e,340,0.20789012599256074,SAME_REGION_TYPE,true,0.9,0.9500000000000001,1.0,50,6,5.515531965905715,0.12215364543603567,0.9387153414558704,0.9230769230769231,1.3890947675609717E8,fcc9e375d6e6b379fcfb4d6e349822cb04e47ede4edafac51559d4e419a5d78f,da9c11ec4673804fced23d0aec968cbc95969697777f98a2e02f16c37f7f3762
DISTRICT,SEOUL,구로구,COMMUNITY,WATERFRONT,2,29,1.0,NATIONWIDE_TYPE_VENUE,29,1,1.0,1.0,0.810782423341535,0.6964285714285715,1.4003529070178142E8,d79174673ff7f3466f21cd9adef13feaf0fb2e943028627027b036405e0d7d39,d79174673ff7f3466f21cd9adef13feaf0fb2e943028627027b036405e0d7d39,104,0.2747577694971216,SAME_REGION_TYPE,true,0.9125000000000001,0.9625000000000001,1.0,50,8,3.5741574232321347,0.021081907889351877,0.9381662112363818,0.9230769230769231,9.316256653549622E7,9a21a3339dbc11ae822f1be31186c5206667ba273cda9a5f82508d083262c15d,270853f95a9e66d2a64aae8ff1576c47c64001802ed76078f6864543061c769f
DISTRICT,SEOUL,서초구,CULTURE_ART,OTHER,7,70,1.0,NATIONWIDE_TYPE_VENUE,50,1,1.0,1.0,0.8192809753290871,0.75,2.5381214770281327E8,e2894551a9aade3371c9d134fd015763aa296c0fb24e8191f8fdd46932c4cd77,f8f468f28d24ae846452c60e7ab6f55fa2495a2603aea3df46989d8c7b2a4c3f,295,0.1820459918448419,SAME_REGION_TYPE,true,0.8911764705882352,0.9411764705882353,1.0,50,9,4.966801479652872,0.07492482631154816,0.9743046912437608,0.9230769230769231,1.3764949900751E8,ac0eb6169c40b3c132cbc2f019985f51f621800d557c5ca7bd29fb769c0766ad,54ae37c097c10289b520d527323bdf6480ac148ec5d07c2da06d2ecfa34a7fd3
DISTRICT,SEOUL,송파구,NATURE_ECOLOGY,WATERFRONT,5,70,1.0,NATIONWIDE_TYPE_VENUE,50,1,1.0,1.0,0.7882761719594178,0.75,1.663326526821893E8,0a635fe7c95464734d67fcf3eb34fbe1decb151168419235fa06b370eaf0e0c0,3fc245d356d847ca4c109d8edc43074e443b5dab58fe7891581707657a1afa84,72,0.9540733277561292,GLOBAL_SIMILARITY,true,0.95,1.0,1.0,50,3,1.1365641834274487,0.9369399328244377,0.8029851958892527,0.75,1.7023842075444174E8,5aac8139b2f9e75e243b1f67348fdace605599289b8e08ab05429dd9530e04eb,1cc1479d7236a5a8283b3a45d5f8957f622999d2779678494292364751a1ed32
DISTRICT,SEOUL,송파구,CULTURE_ART,GREEN,3,158,1.0,NATIONWIDE_TYPE_VENUE,50,1,1.0,1.0,0.8430920211284525,0.8250000000000001,4.58717859725313E8,4214f3c3954d05a920f970ebc6a910e54d165aa212212417de62ae5be5a531b0,a359a2d92e7776980ae8962d2ce7c7c51b473c98c0aed2d16f26857614f061d7,162,0.9627177115670952,GLOBAL_SIMILARITY,true,0.95,1.0,1.0,50,4,1.2471414511397627,0.8930109988244171,0.8600620886639315,0.8250000000000001,3.7866230960548884E8,c5e9436065cdd0e6279c6c19b602d87fdc54aba99833d66231d01f662dbc0754,ab84867ca3a18573d13be19bb0aac831af60f4daf8ab86a167e15fd7f6c2e318
DISTRICT,SEOUL,노원구,NATURE_ECOLOGY,GREEN,11,88,1.0,NATIONWIDE_TYPE_VENUE,50,1,1.0,1.0,0.7902958109303889,0.7250000000000001,1.966520469535181E8,dc459aca48974424d1e63cba2ca3e5c0d723e32a3a4724a75d28d13eea8c5f69,99164d6bd1c862e9086cd0621c6d71c0c0865a8630bd150c61410aed2901bc53,119,0.6560186979381443,GLOBAL_SIMILARITY,true,0.8875,0.9375,1.0,50,9,5.664991990524544,0.32725147825995293,0.8918269200623646,0.8,1.5789662874652264E8,bff0a30ab31e1e198c0e10dedaeb6634265931464c7e795c98dba1d9e054571e,34f60209c89e24c0461ab79e3690aa3a5aff8a584e635c1c37722c517e1978d7
DISTRICT,SEOUL,노원구,COMMUNITY,GREEN,2,41,1.0,NATIONWIDE_TYPE_VENUE,41,1,1.0,1.0,0.8130274579139306,0.6868421052631579,1.2728189994912961E8,2e791c1fbe39f5acd2e443473c32520423f6131ee59cef2b016af5dfdade83f7,2e791c1fbe39f5acd2e443473c32520423f6131ee59cef2b016af5dfdade83f7,116,0.28895581240030616,SAME_REGION_TYPE,true,0.9,0.9500000000000001,1.0,50,8,3.58541324706734,0.04049338678382275,0.9454296881403538,0.9230769230769231,7.933517743605652E7,fae7ac1d1ff21cd29a8ee5dde9be4dc713a91cc923cc05171dd1c192d6956715,496d27bcceb6c9599ac90e4351ba69607335bc47d2f658157eab964c937087bc
DISTRICT,SEOUL,노원구,CULTURE_ART,GREEN,2,158,1.0,NATIONWIDE_TYPE_VENUE,50,1,1.0,1.0,0.8390842198505045,0.8250000000000001,2.242056258000332E8,4214f3c3954d05a920f970ebc6a910e54d165aa212212417de62ae5be5a531b0,874d9c828e68c2bf19b8f5c6e5ae59443797e9a583ef2eb2ce539e57a15d8720,407,0.317737774091315,SAME_REGION_TYPE,true,0.9,0.9500000000000001,1.0,50,9,6.1123143335996115,0.02027146717231532,0.944220519856013,0.9230769230769231,1.5500440721660307E8,4a358f59f234ffa8676d69bfd71e87009287395a84369ba75d484b29d8dd2b8e,4b140a914cfbd73a2b41db6134f07832245a23b01cbbb9fdbcde1b93997df7af
DISTRICT,SEOUL,노원구,CULTURE_ART,WATERFRONT,24,90,1.0,NATIONWIDE_TYPE_VENUE,50,1,1.0,1.0,0.7803885649858628,0.6990000000000001,4.2859318616566867E8,c348e29400ebe021db666e856fec31595170b0090866fe06d013a15bb05b35e1,6411f4fedcb85829ccec8ad192ab26578910782ef101de7ad467a8f33ae4a169,299,0.21567937370245308,SAME_REGION_TYPE,true,0.9171875,0.9671875000000001,1.0,50,7,1.604397547980302,0.06218270142737276,0.9340306404854944,0.9230769230769231,1.5427213179036823E8,c401b0acbed5a966be33d7ecda2352ca16a99cadfcb2d9cf4a600820bfd43c41,df6937373217fcd1d7cc5c9c7c9da3071e48b4fb2ad263d35bcd665f0d05c8fa
DISTRICT,SEOUL,노원구,CULTURE_ART,OTHER,2,70,1.0,NATIONWIDE_TYPE_VENUE,50,1,1.0,1.0,0.8525029250090576,0.7875000000000001,1.5947062797742453E8,e2894551a9aade3371c9d134fd015763aa296c0fb24e8191f8fdd46932c4cd77,1cc716115feb050f337a72bb836c02124ee467e542a9280ef954fba724afa121,75,0.9030349458921704,GLOBAL_SIMILARITY,true,0.95,1.0,1.0,50,4,1.3183922524649712,0.8672700848002768,0.8774308036526715,0.7875000000000001,1.8487846420923463E8,4473b2ce96f18e814b1887168227e47c7f817a0fbbe1bb95791d460acf38c389,1baec8cae14f43b1ddfb0082bc84f76aa5d6a62f82597d0b7ce8252f1753f87f
DISTRICT,SEOUL,강북구,TRADITION_HISTORY,WATERFRONT,10,31,1.0,NATIONWIDE_TYPE_VENUE,31,1,1.0,1.0,0.7548135125563626,0.7022727272727273,3.2742120007522166E8,c0745607175cb18cadd7e1f4435374983eded73e4a37d3abefd288d57a8daaeb,c0745607175cb18cadd7e1f4435374983eded73e4a37d3abefd288d57a8daaeb,87,0.264387420966966,SAME_REGION_TYPE,true,0.8954545454545455,0.9454545454545455,1.0,50,8,4.58336441307735,0.020605256421881983,0.9322384555737795,0.9230769230769231,1.551018987306863E8,25f82ea70a8618c2488f393ad528a63b7fd66a716b2b177a351a755c9720b076,d446432a9be9b36b559b2005e22d18e819fd1ea86254a9996f42f44391012a4a
DISTRICT,SEOUL,강북구,CULTURE_ART,WATERFRONT,3,90,1.0,NATIONWIDE_TYPE_VENUE,50,1,1.0,1.0,0.8448379935907546,0.7875000000000001,2.856050196267768E8,c348e29400ebe021db666e856fec31595170b0090866fe06d013a15bb05b35e1,7bd7dfa946a2072b22cf963266e43ad396c18f6db7361f2f98e37fd9fd061d1a,94,0.9361390954516127,GLOBAL_SIMILARITY,true,0.95,1.0,1.0,50,5,1.2495850670333504,0.8929719342533963,0.8643748067815819,0.7875000000000001,3.0398958930701804E8,1b5542e54db757b132ad7920272af04ce2d7593b33e082e5fb4e24f4250cdfcc,a0ce2e0831a6e627a3383ee208b01db35ec3f16b5474541444b73e83554e811b
DISTRICT,SEOUL,강북구,CULTURE_ART,WATERFRONT,2,90,1.0,NATIONWIDE_TYPE_VENUE,50,1,1.0,1.0,0.8415333825602074,0.7875000000000001,1.8057159918651927E8,c348e29400ebe021db666e856fec31595170b0090866fe06d013a15bb05b35e1,8e26f640f3164ba326827986a4fdec20d883073fadc3dc8d373906c25c26335e,93,0.9495849984879237,GLOBAL_SIMILARITY,true,0.95,1.0,1.0,50,4,1.1869848552830715,0.9165981166048521,0.8575445222888357,0.7875000000000001,1.8366458804238856E8,a32719529f3930b3dc91024067b1df3ff8a1d7102bfea3c92f9fb48663f26040,0dce0b68085dc695411da642e7f6de90a0f50f6a0aacef5315efabede88a4b51
DISTRICT,SEOUL,강북구,COMMUNITY,OTHER,2,109,0.28673199242305636,SAME_REGION_TYPE,50,7,3.381241625558703,0.02281057688657558,0.9370353785545403,0.9230769230769231,6.6311721371165276E7,cc551e35dd26b4020e697a34d54242f032b938e24e0a4a636e54bce5791e9a98,45101f5762f4b57f436bbdf080241fc40b829233cb57b3fc44bd5dd259543231,109,0.28673199242305636,SAME_REGION_TYPE,false,-Infinity,NaN,NaN,50,7,3.381241625558703,0.02281057688657558,0.9370353785545403,0.9230769230769231,6.6311721371165276E7,cc551e35dd26b4020e697a34d54242f032b938e24e0a4a636e54bce5791e9a98,45101f5762f4b57f436bbdf080241fc40b829233cb57b3fc44bd5dd259543231
DISTRICT,SEOUL,용산구,CULTURE_ART,OTHER,2,70,1.0,NATIONWIDE_TYPE_VENUE,50,1,1.0,1.0,0.8525029250090576,0.7875000000000001,1.5942363916769496E8,e2894551a9aade3371c9d134fd015763aa296c0fb24e8191f8fdd46932c4cd77,1cc716115feb050f337a72bb836c02124ee467e542a9280ef954fba724afa121,80,0.8232121365312004,GLOBAL_SIMILARITY,true,0.95,1.0,1.0,50,9,1.7591416142017653,0.7471476259020745,0.8998142513368864,0.7941176470588235,1.968770147475766E8,405f776b7c83f05ee6b1bc5218b513dd43976fd8646db3effdcdba8cf3bdaab7,b7be3c415b595e451ca6bb1aa8e38cd404e6ab04ea6eff59df0d049c726e304c
DISTRICT,SEOUL,종로구,CULTURE_ART,OTHER,5,70,1.0,NATIONWIDE_TYPE_VENUE,50,1,1.0,1.0,0.8434682441343812,0.75,2.3712964053200215E8,e2894551a9aade3371c9d134fd015763aa296c0fb24e8191f8fdd46932c4cd77,f2be8b91a61eda8c45a74a5f625b0835b6e34521b4ae9040d0160f897f9cc654,95,0.6478479636170393,GLOBAL_SIMILARITY,true,0.95,1.0,1.0,50,7,3.515578457063176,0.4413675652541582,0.9507783227481269,0.7941176470588235,1.7826757720411965E8,856c79e2faffa47a682b364004917c86c6954f6a08ad5addf882d7ed5451f0e4,d79a734d4567cfb1f94e44057900cf531f51e5a328ddc448e5bf16f6a7d1ad97
DISTRICT,SEOUL,종로구,TRADITION_HISTORY,OTHER,30,22,1.0,NATIONWIDE_TYPE_VENUE,22,1,1.0,1.0,0.7382893189421519,0.6846774193548387,2.652953850931991E8,3d535e023c473017fdda8ada497fd3aeb9dbae27b046a7bdeb89e40249781229,3d535e023c473017fdda8ada497fd3aeb9dbae27b046a7bdeb89e40249781229,35,0.4716847666102426,SAME_REGION_TYPE,true,0.95,1.0,1.0,35,5,2.8872110660232986,0.4716847666102427,0.8765550584858224,0.6846774193548387,1.447426197635748E8,d89f00e2d3235a6f287ef5a5c0bb0cee10a872b5ad8f17e294bb6c6c18346da1,d89f00e2d3235a6f287ef5a5c0bb0cee10a872b5ad8f17e294bb6c6c18346da1
DISTRICT,SEOUL,종로구,CULTURE_ART,GREEN,2,158,1.0,NATIONWIDE_TYPE_VENUE,50,1,1.0,1.0,0.8390842198505045,0.8250000000000001,2.242056258000332E8,4214f3c3954d05a920f970ebc6a910e54d165aa212212417de62ae5be5a531b0,874d9c828e68c2bf19b8f5c6e5ae59443797e9a583ef2eb2ce539e57a15d8720,413,0.3099647587553357,SAME_REGION_TYPE,true,0.9,0.9500000000000001,1.0,50,7,5.601331152002765,0.019266615256225594,0.9693377287332038,0.9375000000000001,1.3501912922075772E8,c9cbf2bd9e17556b4aa3fa8bac7abe05f2aca389e63c34af5f2f97c5bc0041e2,8462fca25199e88f3c83518aceb97595a491d0aff96a7d2ffff5b1f00e7672b0
DISTRICT,SEOUL,강서구,CULTURE_ART,GREEN,2,158,1.0,NATIONWIDE_TYPE_VENUE,50,1,1.0,1.0,0.8390842198505045,0.8250000000000001,2.242056258000332E8,4214f3c3954d05a920f970ebc6a910e54d165aa212212417de62ae5be5a531b0,874d9c828e68c2bf19b8f5c6e5ae59443797e9a583ef2eb2ce539e57a15d8720,415,0.31076187711535336,SAME_REGION_TYPE,true,0.9,0.9500000000000001,1.0,50,7,5.232947386480208,0.020193527128496876,0.9460150499856222,0.9375,1.477905870106603E8,47f78a4f3011847a7a9e9dcfe84066f426d76e8053736aaaf3be12615ffbe791,d31031ee62956305c8d1743f3bf1fb42501fd066c66373be5fc94595bfed4781
DISTRICT,SEOUL,동대문구,COMMUNITY,GREEN,2,41,1.0,NATIONWIDE_TYPE_VENUE,41,1,1.0,1.0,0.8177334371638042,0.6868421052631579,1.277432411138065E8,2e791c1fbe39f5acd2e443473c32520423f6131ee59cef2b016af5dfdade83f7,2e791c1fbe39f5acd2e443473c32520423f6131ee59cef2b016af5dfdade83f7,46,0.8433841321465462,GLOBAL_SIMILARITY,true,0.95,1.0,1.0,46,6,1.3962531539395484,0.8433841321465465,0.8462792730830611,0.6868421052631579,1.288728196779733E8,fa6db5e08c40b076028c7c11a7e403be2a3dabfe101168d2fc1af8ba9f3e9c39,fa6db5e08c40b076028c7c11a7e403be2a3dabfe101168d2fc1af8ba9f3e9c39
DISTRICT,SEOUL,중구,CULTURE_ART,OTHER,3,20,1.0,SAME_REGION_TYPE_VENUE,20,1,1.0,1.0,0.9218268278035167,0.8574074074074075,1.5119922574345738E8,4bc5c82fc48023fc4e30cd3bf3139267f415cb68e2411f8903e32cf5b3593f2a,4bc5c82fc48023fc4e30cd3bf3139267f415cb68e2411f8903e32cf5b3593f2a,108,0.18334968531398543,NATIONWIDE_TYPE,true,0.95,1.0,1.0,50,8,6.313131313131312,0.02,1.0,1.0,9.853612875869192E7,c1f1a00f3162d2cef618c14428d72dca4110ce221fe5020314afff6895a11463,775d0dde1a610e0c7c53fd57ab20527dfe1bf54876491129af2b7796ada00dc3
DISTRICT,SEOUL,강남구,CULTURE_ART,OTHER,5,70,1.0,NATIONWIDE_TYPE_VENUE,50,1,1.0,1.0,0.8306686662614404,0.75,2.445125709024369E8,e2894551a9aade3371c9d134fd015763aa296c0fb24e8191f8fdd46932c4cd77,f2be8b91a61eda8c45a74a5f625b0835b6e34521b4ae9040d0160f897f9cc654,78,0.848471996456149,GLOBAL_SIMILARITY,true,0.95,1.0,1.0,50,5,1.5847464527939623,0.7852405778240495,0.8753620457923756,0.775,3.1334478349541926E8,3102c40e6bf5ee006f8c26be8e63981d842df3d7e2bd97f9f7f6a8014a8f2167,b9dc2231ec52b4aef671a87d7b1a24ba3f98ee28f52e9b3672e5bc7da6e300c2
DISTRICT,SEOUL,강남구,CULTURE_ART,WATERFRONT,4,90,1.0,NATIONWIDE_TYPE_VENUE,50,1,1.0,1.0,0.8274884875263339,0.76875,3.7473909973934394E8,c348e29400ebe021db666e856fec31595170b0090866fe06d013a15bb05b35e1,20aa4263185a0d16df139f0fe83b9a82cdb306e6cb5a6fe39936c184df770362,344,0.20594596633605194,SAME_REGION_TYPE,true,0.8911764705882352,0.9411764705882353,1.0,50,7,2.665166993060112,0.06003403458283159,0.9417455907804784,0.9230769230769231,2.768916704352223E8,0d7caa03ad8a25e7b0b8df94a9b2ffa612d6611ba659ab96667c8540355ba997,a865e807a9bbfa77b5317f661adf702fc87170c9ea7d98f7fe053f67c90c2a5b
DISTRICT,SEOUL,동작구,CULTURE_ART,GREEN,2,158,1.0,NATIONWIDE_TYPE_VENUE,50,1,1.0,1.0,0.8390842198505045,0.8250000000000001,2.242056258000332E8,4214f3c3954d05a920f970ebc6a910e54d165aa212212417de62ae5be5a531b0,874d9c828e68c2bf19b8f5c6e5ae59443797e9a583ef2eb2ce539e57a15d8720,407,0.3182151550442096,SAME_REGION_TYPE,true,0.9,0.9500000000000001,1.0,50,6,5.169511689904347,0.020488043453599086,0.9389198460656901,0.9230769230769231,1.614985313651284E8,4a358f59f234ffa8676d69bfd71e87009287395a84369ba75d484b29d8dd2b8e,4aa8e331656d6b293b2781b27b9c870d7d910ecea7ba48615e0737c2e29f31fe
DISTRICT,BUSAN,-,CULTURE_ART,WATERFRONT,3,90,1.0,NATIONWIDE_TYPE_VENUE,50,1,1.0,1.0,0.8356464728946474,0.7875000000000001,3.088075437392002E8,c348e29400ebe021db666e856fec31595170b0090866fe06d013a15bb05b35e1,b99daf8af6a4d35f0fe5cf9935803eab2cc0f1179a125da989b379c372af30cd,179,0.39003927979480574,NATIONWIDE_TYPE,true,0.95,1.0,1.0,50,4,1.3935340022296545,0.02,1.0,1.0,3.7580281939265084E8,d276e50415e38fb353aad1c8e56375866e8633ed7d8354eb8c7ee47f3334567e,fc000c84ffd6d923faed82c92255ecc3f83e747d4afb97fa897a8a844c560b5b
DISTRICT,BUSAN,-,CULTURE_ART,GREEN,3,22,1.0,SAME_DISTRICT_TYPE_VENUE,22,1,1.0,1.0,0.9408981564435182,0.8639534883720931,4.7186860879421586E8,18bbc95a56c08716c30138b18cee787180517213b515ecff6b064cd04416ce0d,18bbc95a56c08716c30138b18cee787180517213b515ecff6b064cd04416ce0d,117,0.40429416925762696,NATIONWIDE_TYPE,true,0.95,1.0,1.0,50,4,1.5964240102171134,0.08,1.0,1.0,4.1181606974106896E8,9da8c91fd6642b8944f5b0ec17d9d31578eb88ff39c046c17f0f0182ceb1277d,37942e8aa7b7fe175d1be2fa21c7686e087fadab1830484cfb92fcfc09fbc7c6
DISTRICT,BUSAN,-,CULTURE_ART,OTHER,3,70,1.0,NATIONWIDE_TYPE_VENUE,50,1,1.0,1.0,0.8280693363394291,0.7875000000000001,2.1259423391777894E8,e2894551a9aade3371c9d134fd015763aa296c0fb24e8191f8fdd46932c4cd77,55ea6dc19e2006fcf539d751a9865156a909946b621b7fab7fd9355a62bd1cf5,159,0.34327095090830023,NATIONWIDE_TYPE,true,0.95,1.0,1.0,50,4,1.3935340022296545,0.02,1.0,1.0,3.5961797112551427E8,c4e2a7a1fabc8e348280955232377d46a36c90e02498b90f6c9630d59fd24c31,78d5d4369ea9d3e847fb1c0c6351daa369f4d22fd0619e7f796232068d349e0f
DISTRICT,BUSAN,-,CULTURE_ART,GREEN,2,22,1.0,SAME_DISTRICT_TYPE_VENUE,22,1,1.0,1.0,0.9357436344340475,0.8604651162790699,4.2547042106228584E8,18bbc95a56c08716c30138b18cee787180517213b515ecff6b064cd04416ce0d,18bbc95a56c08716c30138b18cee787180517213b515ecff6b064cd04416ce0d,114,0.4150289023303626,NATIONWIDE_TYPE,true,0.95,1.0,1.0,50,4,1.5964240102171134,0.08,1.0,1.0,3.64263641901125E8,36f9d1f181b847cca7ec43f5f931e2ba1306977b06698e87911c072acc863c74,e98f4579b3db44c70ecbe31edb0973dfe25ff63223bfccf94cca79e51d2d086b
DISTRICT,BUSAN,-,COMMUNITY,WATERFRONT,2,29,1.0,NATIONWIDE_TYPE_VENUE,29,1,1.0,1.0,0.823571199523522,0.6964285714285715,1.3377885192429595E8,d79174673ff7f3466f21cd9adef13feaf0fb2e943028627027b036405e0d7d39,d79174673ff7f3466f21cd9adef13feaf0fb2e943028627027b036405e0d7d39,43,0.579646009612909,GLOBAL_SIMILARITY,true,0.95,1.0,1.0,43,3,2.317226570254561,0.579646009612909,0.8977337498230169,0.6964285714285715,1.2991565683435267E8,d2e70e45e35b808238f939a6b7812ccc668dec10a31e8892277572338d201d04,d2e70e45e35b808238f939a6b7812ccc668dec10a31e8892277572338d201d04
DISTRICT,BUSAN,-,TRADITION_HISTORY,UNDECIDED,3,72,0.14011447656005233,SAME_REGION_TYPE,50,9,7.4934787862780174,0.02279662244938284,0.9373158215528097,0.9230769230769231,2.9261734542270297E8,5af82a82a5c320c95b82347ca74568678316e9221fc760f980546388c54c8a00,bd06e14a2f799da653cf4402678d769306a4626e3bc06fb65eee6480caa06d04,72,0.14011447656005233,SAME_REGION_TYPE,false,-Infinity,NaN,NaN,50,9,7.4934787862780174,0.02279662244938284,0.9373158215528097,0.9230769230769231,2.9261734542270297E8,5af82a82a5c320c95b82347ca74568678316e9221fc760f980546388c54c8a00,bd06e14a2f799da653cf4402678d769306a4626e3bc06fb65eee6480caa06d04
DISTRICT,BUSAN,-,TRADITION_HISTORY,GREEN,2,54,1.0,NATIONWIDE_TYPE_VENUE,50,1,1.0,1.0,0.8270116434354536,0.75,2.525047377652452E8,925fb91efbfb16db5e571b6b008cb99b6c0a3a167e39edb07bb4c1c2cafda7ae,629b0d4dc3b42373f864c89399bdd4c8d07d01fb74c9a354eae111ad6bfab652,80,0.5779098248784328,GLOBAL_SIMILARITY,true,0.95,1.0,1.0,50,4,3.041507651311312,0.40621894091149013,0.947406925150624,0.7875000000000001,2.2292479244467956E8,9148f80da651f2c86edb35ac32caae06d1485e254ae22f1f2122dc367750fc18,30b2eb4691f34ada56b6e0884718eb159fb5616d667400f71762d207e43dfebc
DISTRICT,BUSAN,-,NATURE_ECOLOGY,INDEPENDENT,2,61,0.2962456250144615,SAME_REGION_TYPE,50,9,7.537244246191037,0.18651817422574596,0.8907225258685522,0.7875000000000001,1.888217790280805E8,bc8655e0607c2bf6c9826c11075d402623a8d2f035b943f5b561d14fe9e8f6dd,8541f0c3e9054a8f6671f77942c69d73acbaf814e5a571e3f3f79886be0785c1,61,0.2962456250144615,SAME_REGION_TYPE,false,-Infinity,NaN,NaN,50,9,7.537244246191037,0.18651817422574596,0.8907225258685522,0.7875000000000001,1.888217790280805E8,bc8655e0607c2bf6c9826c11075d402623a8d2f035b943f5b561d14fe9e8f6dd,8541f0c3e9054a8f6671f77942c69d73acbaf814e5a571e3f3f79886be0785c1
DISTRICT,BUSAN,-,CULTURE_ART,GREEN,4,22,1.0,SAME_DISTRICT_TYPE_VENUE,22,1,1.0,1.0,0.9367678748826694,0.8674418604651164,5.0055466500997144E8,18bbc95a56c08716c30138b18cee787180517213b515ecff6b064cd04416ce0d,18bbc95a56c08716c30138b18cee787180517213b515ecff6b064cd04416ce0d,111,0.42499469618703034,NATIONWIDE_TYPE,true,0.95,1.0,1.0,50,4,1.3935340022296545,0.02,1.0,1.0,3.65310444901201E8,4aa60eb453c0814c3c51c1017b319b288040f1a0fb51c2f4ed2b1a74b7305f38,aaa6aab3edf38f03801a431e1bd636ba2488e5b696749cd729a940a8d79c7ea3
DISTRICT,BUSAN,중구,LOCAL_SPECIALTY,GREEN,2,95,1.0,NATIONWIDE_TYPE_VENUE,50,1,1.0,1.0,0.8157266955321233,0.7875000000000001,1.1871690470071799E8,6f559ff7303a8c2962ebc48f630fcff4006b749cc57f1e138c456575624dd657,66a221910c245fab05411f6bdc674094ffb819f15035bd3d6dfc434e06f0ba5e,105,0.8599546594327848,GLOBAL_SIMILARITY,true,0.95,1.0,1.0,50,7,1.804081852952331,0.7359074133945975,0.8645211828689114,0.7875000000000001,9.986884643967737E7,b17357c1ed95854236da986a6bacf907f175c65956196b08958e6c4b9df0ce4e,4b78e416a4721265593a50f74ec1404dec784226965d948e9f4982ff5117e08d
DISTRICT,BUSAN,중구,LOCAL_SPECIALTY,VILLAGE,4,23,1.0,NATIONWIDE_TYPE_VENUE,23,1,1.0,1.0,0.8026326753378822,0.7431818181818182,1.845881074441201E8,3fbec895063fe63197622dd9e2f7c6edb414b8212fdbf14439a971c269a81dc0,3fbec895063fe63197622dd9e2f7c6edb414b8212fdbf14439a971c269a81dc0,38,0.49771822266263216,NATIONWIDE_TYPE,true,0.95,1.0,1.0,38,9,3.543469103309312,0.497718222662632,0.8970203697235364,0.7431818181818182,1.5316578618617666E8,d16e028af43fc7b974007df7ce6f997f0dd39846b2f3d422cb79c7c247503c2b,d16e028af43fc7b974007df7ce6f997f0dd39846b2f3d422cb79c7c247503c2b
DISTRICT,BUSAN,중구,CULTURE_ART,OTHER,73,70,1.0,NATIONWIDE_TYPE_VENUE,50,1,1.0,1.0,0.7746977308626594,0.6810810810810811,2.6244539819317624E8,e2894551a9aade3371c9d134fd015763aa296c0fb24e8191f8fdd46932c4cd77,ca1904ac87cdd8baa4b618ff5baca8012707fca1d25d1ac179b13c6d483ab337,126,0.40581929327906185,NATIONWIDE_TYPE,true,0.9370370370370371,0.9870370370370372,1.0,50,7,4.310344827586206,0.16,1.0,1.0,1.0501845313703868E8,5c33ae3eac582cf170dc3d6ab365be3e306bbdca6489fccc044a7d01c567b1df,0351acb347d73ae704acf54072a5fbf4f7cc073cf721aae760484f1f58de51a1
DISTRICT,BUSAN,서구,LOCAL_SPECIALTY,WATERFRONT,3,71,1.0,NATIONWIDE_TYPE_VENUE,50,1,1.0,1.0,0.8227344561667682,0.7875000000000001,1.5595520624276954E8,423ef67fb8d8ce3b4c72bcaeeff7f273fce5f5c7748615ef99cbb399498ea8e6,b81e46091782f6a959614820fd263ea9d343c58e33aee45b8daafaf748656aed,77,0.883088737458859,GLOBAL_SIMILARITY,true,0.95,1.0,1.0,50,7,1.4331749248938896,0.8325119568330964,0.8560840743818302,0.7875000000000001,1.7893335544728184E8,0e1ab64163bb0d8df330b498d01dc497594949063dd0c81e9a74d9cc23338054,1ce9d09b650104f0c16eb9b32ca9b3acd6c4d23513d7c26899d3951c6b6f8647
DISTRICT,BUSAN,서구,CULTURE_ART,WATERFRONT,2,90,1.0,NATIONWIDE_TYPE_VENUE,50,1,1.0,1.0,0.8244719946295073,0.7875000000000001,1.9614037244584858E8,c348e29400ebe021db666e856fec31595170b0090866fe06d013a15bb05b35e1,67d67fa5fcf2ce71fa4ddea3d9a7f76ce6e629881f878ed4b8cbea2b39293f80,155,0.4992385946960984,SAME_REGION_TYPE,true,0.9,0.9500000000000001,1.0,50,9,5.772838315142515,0.021092285685967188,0.9251261055699953,0.9230769230769231,2.365433256796723E8,584046ed73367d74c8bd664456c0fa8503806d2b5449c753f691ebe76b69f9d7,4949a71e964205b43fb8ebf7f973b751993013bd13196cf7317958fac41e7564
DISTRICT,BUSAN,동구,NATURE_ECOLOGY,GREEN,3,88,1.0,NATIONWIDE_TYPE_VENUE,50,1,1.0,1.0,0.820309057943872,0.7875000000000001,1.1680705898271033E8,dc459aca48974424d1e63cba2ca3e5c0d723e32a3a4724a75d28d13eea8c5f69,4ca188d89153364bba25c2553f4fd224732edeb75265fdf9eacbdd6bdc43fb00,126,0.6073236452113399,GLOBAL_SIMILARITY,true,0.9125000000000001,0.9625000000000001,1.0,50,8,6.801925413572664,0.20767708209083383,0.9400281131482625,0.8250000000000001,1.415062713021404E8,3a9f4722ca176d24fea4db956d4000d22c9ce03754d42156813013b898eeff0c,7e28420bc8a8e23cfb072909d0a1056c5f8e131b174d1e91838482867e5576e2
DISTRICT,BUSAN,동구,CULTURE_ART,OTHER,3,70,1.0,NATIONWIDE_TYPE_VENUE,50,1,1.0,1.0,0.8319397332303036,0.7875000000000001,2.044230613660521E8,e2894551a9aade3371c9d134fd015763aa296c0fb24e8191f8fdd46932c4cd77,95e8a96c8b3d8acd887b0a745687098039a878303f747a2ef57735a63060cb00,96,0.6353050120844667,GLOBAL_SIMILARITY,true,0.95,1.0,1.0,50,9,4.036375724313468,0.406828275580859,0.9468761219514616,0.7941176470588235,2.837905558540995E8,f0dd640be74c9fbab65e18d596548a18d23384e6d43d67a4b0f344b808e2bc1f,fae603f550900d7d4b2fa1bd81beefb55e5e4525f61237613312a687e39d6620
DISTRICT,BUSAN,동구,CULTURE_ART,GREEN,8,158,1.0,NATIONWIDE_TYPE_VENUE,50,1,1.0,1.0,0.8154099911132041,0.7583333333333334,4.01407472060025E8,4214f3c3954d05a920f970ebc6a910e54d165aa212212417de62ae5be5a531b0,91d8e70ebc07bcc2c81ba047d3edc34687695eeeaabce9626de12ae5801a57bd,242,0.5489626818010166,GLOBAL_SIMILARITY,true,0.9,0.9500000000000001,1.0,50,9,5.558807112071885,0.01971661785301789,0.9588796535024114,0.9230769230769231,3.9902290321205276E8,8d2958c8674715ba973f5df91e08d4df7ebd31e2c52e037e9a98f54dd95eab21,5d87b01a05a8d0e6b995b7c18c0b4cc9bcfd0cf80381954cebc915924107d709
DISTRICT,BUSAN,영도구,CULTURE_ART,GREEN,3,158,1.0,NATIONWIDE_TYPE_VENUE,50,1,1.0,1.0,0.8581292940570244,0.8250000000000001,3.7083927235185355E8,4214f3c3954d05a920f970ebc6a910e54d165aa212212417de62ae5be5a531b0,a0a18bb353b84b0fea1c70734b57dfe5246ceab1f1b358ec255e216180755851,169,0.9014200473505162,GLOBAL_SIMILARITY,true,0.95,1.0,1.0,50,9,1.8680752284569286,0.7243150953149232,0.9034572218480281,0.8250000000000001,3.378657007429757E8,bbd5009f30cceeaa6411b59aad41759ae601d380c5f970fed7d9d8798a79859b,0005195b3b9f852dbb1c71135b19bf90e9a3af9c75352961df75d17ef4d18209
DISTRICT,BUSAN,영도구,NATURE_ECOLOGY,WATERFRONT,9,70,1.0,NATIONWIDE_TYPE_VENUE,50,1,1.0,1.0,0.7792952285856967,0.7200000000000001,2.0925483979110312E8,0a635fe7c95464734d67fcf3eb34fbe1decb151168419235fa06b370eaf0e0c0,fd01831e733486b7648cb5d6cbf95491133cb0e2929552fd005ee3af9bb7217c,104,0.5900106779490046,GLOBAL_SIMILARITY,true,0.825,0.875,1.0,50,9,6.687453928867069,0.27626502986061374,0.8871767446061511,0.7941176470588235,2.6598515614355573E8,83363fa413d45b684c236c43227606513a81ae83f643d35e10df72b0effad12a,d348f67e9583c142c94cc1788b59d97191e1c2b0ea8b2feac4b1ed7f4f0db594
DISTRICT,BUSAN,부산진구,CULTURE_ART,VILLAGE,2,39,1.0,NATIONWIDE_TYPE_VENUE,39,1,1.0,1.0,0.7991433483971891,0.6817164179104478,1.3853802391418496E8,35666bd283d687af38fec7347887732ca0983e78f887177a0dbce730a02f799c,35666bd283d687af38fec7347887732ca0983e78f887177a0dbce730a02f799c,40,0.9642612677303262,GLOBAL_SIMILARITY,true,0.95,1.0,1.0,40,2,1.0740249699131976,0.9642612677303262,0.8046464574182642,0.6817164179104478,1.3925366039311647E8,1557fc6f99ac491c89f4d458bc2fa80c9f2e0bef25d295039cf844767f2fa8d9,1557fc6f99ac491c89f4d458bc2fa80c9f2e0bef25d295039cf844767f2fa8d9
DISTRICT,BUSAN,부산진구,CULTURE_ART,INDEPENDENT,2,76,1.0,NATIONWIDE_TYPE_VENUE,50,1,1.0,1.0,0.8106130354227487,0.765,2.0808019842473036E8,8d3227fce5057e121afb1463f7003206e6d03aae5ceffb834860623ae7d9b164,5610f693d8d84799f2daf0f6aee70e3a587c413706f3c785d0ce35a567a049b5,77,0.9809468607873603,GLOBAL_SIMILARITY,true,0.95,1.0,1.0,50,2,1.0565890707405123,0.9724625600759987,0.8153466124697365,0.775,2.1226273148705825E8,7863d9f74d1c6d6e54d8147138ff420b8b04964dd65a7ca77272e80060e9f94b,8e512b1ead3b1a43d00f9e28a4e7246c0295dc465de481d326676a3fd2efb55e
DISTRICT,BUSAN,부산진구,CULTURE_ART,OTHER,2,70,1.0,NATIONWIDE_TYPE_VENUE,50,1,1.0,1.0,0.8254093042657002,0.775,1.7315692213629755E8,e2894551a9aade3371c9d134fd015763aa296c0fb24e8191f8fdd46932c4cd77,e51bc2a153d088db2d570a27a08076b58b56a68c15ca18f939ae9b228d31778e,71,0.9800507279112367,GLOBAL_SIMILARITY,true,0.95,1.0,1.0,50,2,1.0549077060847942,0.973260091030341,0.8297156085646381,0.775,1.754422038979772E8,2e87af18b0c04e67a4adc1f46752b2ce7c3b8e98baaa6ecd3da21803428063b8,d02324def5fa9a12417115da7d2f24518e82f11d6cf6b4055c97f443cf1b8cb7
DISTRICT,BUSAN,동래구,TRADITION_HISTORY,GREEN,3,54,1.0,NATIONWIDE_TYPE_VENUE,50,1,1.0,1.0,0.8137680981802788,0.75,3.279936217314646E8,925fb91efbfb16db5e571b6b008cb99b6c0a3a167e39edb07bb4c1c2cafda7ae,15013135441599761863f195c6b7c25c44c6b8930cfb9f4e510c4f80f3a88a3e,109,0.4181140474031022,SAME_REGION_TYPE,true,0.9,0.9500000000000001,1.0,50,9,7.550294270248768,0.06079986295888876,0.944839267591784,0.9230769230769231,3.216522179671983E8,fff418636a8b1211c64552aad2a364db993de1c756f366d4184bd88dd8b75346,49cdf48bda613e36a2eaff375422ae278fb55a899c6853e2f29e0c7a09f28a58
DISTRICT,BUSAN,동래구,CULTURE_ART,WATERFRONT,45,90,1.0,NATIONWIDE_TYPE_VENUE,50,1,1.0,1.0,0.7513095833484347,0.6880434782608696,4.995625035357231E8,c348e29400ebe021db666e856fec31595170b0090866fe06d013a15bb05b35e1,f8c952f2bac62d28f2919cf5a936ece6d621f78a047c54886309d5eff7b7d6c2,91,0.9789431136427964,GLOBAL_SIMILARITY,true,0.95,1.0,1.0,50,2,1.0734738978151672,0.9645185795736753,0.7611961558913832,0.6880434782608696,4.463174109053551E8,9994cd62317599a6d2af879893a9925304cb67ace781ae946d817e556eaad4f0,4a2478987b0414953db78432a7737fc1a5b5744de3c4eba3a7abf66bc199a658
DISTRICT,BUSAN,동래구,CULTURE_ART,GREEN,2,158,1.0,NATIONWIDE_TYPE_VENUE,50,1,1.0,1.0,0.8533654699781298,0.8250000000000001,1.7849365498691627E8,4214f3c3954d05a920f970ebc6a910e54d165aa212212417de62ae5be5a531b0,86beb2c2f1dcb1d013dbb5b31085663738ebca0a2b66b19a2732fbb55078dd96,159,0.9900334132725737,GLOBAL_SIMILARITY,true,0.95,1.0,1.0,50,2,1.0564523760947822,0.9725273545988781,0.8579243021304173,0.8250000000000001,1.7004289847319657E8,541b9b3e8560baa6ecc67388665b0818065c7826c9b9c89cb58ffca577094c6a,9746acc54e0e0defe14ae5325a012659f4117de2061f78f0ac3f4317e571e8ac
DISTRICT,BUSAN,남구,CULTURE_ART,GREEN,3,158,1.0,NATIONWIDE_TYPE_VENUE,50,1,1.0,1.0,0.8705313698910958,0.8250000000000001,3.8645546668766737E8,4214f3c3954d05a920f970ebc6a910e54d165aa212212417de62ae5be5a531b0,7897bd30d7ddaf004433f43ae1b5178bd7ca5b920a3c8875c3d6c66b41807134,200,0.7113115829484867,GLOBAL_SIMILARITY,true,0.95,1.0,1.0,50,9,6.970268518866042,0.1535036388635877,0.9882634053634164,0.9500000000000001,1.7635153132436225E8,5337f89d0af8d8f583c48254fd7057b7c706655d2f29a76df0d0edeb19a868c5,c75a830506413159d81bfd002c367480396063b0b5e5991d66aadf19d33a6584
DISTRICT,BUSAN,남구,CULTURE_ART,GREEN,10,158,1.0,NATIONWIDE_TYPE_VENUE,50,1,1.0,1.0,0.8145218400043319,0.7568181818181818,4.191048146912606E8,4214f3c3954d05a920f970ebc6a910e54d165aa212212417de62ae5be5a531b0,9cc14ea351209bb0aa9986ab2db325b7e677a8bbea841b26e3603abf569df58e,267,0.4848727779256095,NATIONWIDE_TYPE,true,0.8545454545454546,0.9045454545454547,1.0,50,8,5.939529794602689,0.21468955437365989,0.9673712090228678,0.9230769230769231,2.0815400545705244E8,20dc17a65bb7549c8a98c4466f47552dc5c06605c39c5197579c1c5ca76179e8,3a00fe7d760fe8ed066008333ece30908cd0d45d9e5aee5a6fbc4e59a5f70e7b
DISTRICT,BUSAN,북구,CULTURE_ART,GREEN,3,158,1.0,NATIONWIDE_TYPE_VENUE,50,1,1.0,1.0,0.8565046758748961,0.8250000000000001,3.7115588492101586E8,4214f3c3954d05a920f970ebc6a910e54d165aa212212417de62ae5be5a531b0,a0a18bb353b84b0fea1c70734b57dfe5246ceab1f1b358ec255e216180755851,174,0.8653662105948681,GLOBAL_SIMILARITY,true,0.95,1.0,1.0,50,8,2.454793562400976,0.619002060992037,0.9153860938965123,0.8250000000000001,3.031382817853381E8,eab6fbdae88deb5f5103cdba570a74cae42447e0ff56ccb82ee99ed90f181b85,abd94dd65edd91dd2f07205494b0a6239401262e41ee4c9df8243f106f46598f
DISTRICT,BUSAN,해운대구,TRADITION_HISTORY,WATERFRONT,3,31,1.0,NATIONWIDE_TYPE_VENUE,31,1,1.0,1.0,0.8086876214871396,0.6851694915254237,2.6444460151162955E8,c0745607175cb18cadd7e1f4435374983eded73e4a37d3abefd288d57a8daaeb,c0745607175cb18cadd7e1f4435374983eded73e4a37d3abefd288d57a8daaeb,33,0.9087411314111924,GLOBAL_SIMILARITY,true,0.95,1.0,1.0,33,3,1.2048562437433485,0.9087411314111923,0.826146572697257,0.6851694915254237,2.579134647980224E8,672263d80e6c0c12042c30f93176e21137ef0025bab4aad19962a946a83b664b,672263d80e6c0c12042c30f93176e21137ef0025bab4aad19962a946a83b664b
DISTRICT,BUSAN,해운대구,NATURE_ECOLOGY,WATERFRONT,4,70,1.0,NATIONWIDE_TYPE_VENUE,50,1,1.0,1.0,0.7984728214278993,0.765,1.3341503447698423E8,0a635fe7c95464734d67fcf3eb34fbe1decb151168419235fa06b370eaf0e0c0,3b3f615d2bf895825b908a7b341d6a5eb88246498d5f8837273f80131ccd279d,79,0.8255345466292736,GLOBAL_SIMILARITY,true,0.95,1.0,1.0,50,8,1.7609340776794062,0.746752710226974,0.8536731620998437,0.765,1.8678937198573914E8,9feaf8b6b42da50dfbc4ad5ea126907c3f754769b696738d95f8b363f4ef27f7,cc9c1e224b6aca211cb45ef018c39720ab9ea298a3124e9bbe8b7d686a248547
DISTRICT,BUSAN,해운대구,CULTURE_ART,WATERFRONT,2,90,1.0,NATIONWIDE_TYPE_VENUE,50,1,1.0,1.0,0.8238218501153202,0.7875000000000001,2.0107673630491823E8,c348e29400ebe021db666e856fec31595170b0090866fe06d013a15bb05b35e1,8e9def148f6df5d5eeeac98cc60873918c867b719791ea47c78a2eb3eabd35a0,97,0.8913311874310532,GLOBAL_SIMILARITY,true,0.95,1.0,1.0,50,7,1.497414246103692,0.813280846940335,0.857548540547925,0.7875000000000001,1.387589282046693E8,69a767c099695f281a462d4b809b81ab8968a5aa1c89eef6d47b729d951971d4,72fa8fd54f877b710450c62f05380a3b7eb0fe90f9e5cbbf5bec178ab123b642
DISTRICT,BUSAN,해운대구,CULTURE_ART,OTHER,2,70,1.0,NATIONWIDE_TYPE_VENUE,50,1,1.0,1.0,0.8213981127256,0.775,1.7316191700672588E8,e2894551a9aade3371c9d134fd015763aa296c0fb24e8191f8fdd46932c4cd77,e51bc2a153d088db2d570a27a08076b58b56a68c15ca18f939ae9b228d31778e,138,0.43018102571825007,SAME_REGION_TYPE,true,0.9,0.9500000000000001,1.0,50,9,6.071597504223817,0.06130999151059761,0.9347543878339107,0.9230769230769231,1.9695744601340508E8,303f1a0b3b3bbe24cdd2d4bb01e842b00e7fddb5001a9add4808b72f86e02472,1225241c535d73991dc55272e56a0c611db536dc7c155fe7248868c80391e8bf
DISTRICT,BUSAN,사하구,CULTURE_ART,VILLAGE,2,39,1.0,NATIONWIDE_TYPE_VENUE,39,1,1.0,1.0,0.7964927911039049,0.6817164179104478,1.3884217645077223E8,35666bd283d687af38fec7347887732ca0983e78f887177a0dbce730a02f799c,35666bd283d687af38fec7347887732ca0983e78f887177a0dbce730a02f799c,106,0.2986362849201655,SAME_REGION_TYPE,true,0.9,0.9500000000000001,1.0,50,9,5.889610715322655,0.021036850767207946,0.9263932847194333,0.9230769230769231,2.348234754528687E8,911b5aa70236a0075cb70dc157201ac6257b476a1deb07f77cb510ae82d5398d,faa1b265d69bbb8434ca66c966d27c94bc9f5093f1a985a2633909ad35f96c1d
DISTRICT,BUSAN,사하구,TRADITION_HISTORY,WATERFRONT,2,31,1.0,NATIONWIDE_TYPE_VENUE,31,1,1.0,1.0,0.8073032854056575,0.6826271186440679,2.2490151891207662E8,c0745607175cb18cadd7e1f4435374983eded73e4a37d3abefd288d57a8daaeb,c0745607175cb18cadd7e1f4435374983eded73e4a37d3abefd288d57a8daaeb,42,0.6447687125493952,GLOBAL_SIMILARITY,true,0.95,1.0,1.0,42,8,2.296231962604395,0.644768712549395,0.8743684658317972,0.6826271186440679,1.6709564896773264E8,3fecfef0830b16cb99601e47418b82d82d94104591d2104966c2808bdc3a8db8,3fecfef0830b16cb99601e47418b82d82d94104591d2104966c2808bdc3a8db8
DISTRICT,BUSAN,사하구,CULTURE_ART,WATERFRONT,3,90,1.0,NATIONWIDE_TYPE_VENUE,50,1,1.0,1.0,0.8293611190385195,0.7875000000000001,2.988500029558429E8,c348e29400ebe021db666e856fec31595170b0090866fe06d013a15bb05b35e1,3daa2f1851f67917c268904cbf2503a82c2316ad32922a980e1f025366e18a9e,179,0.42260502963901536,SAME_REGION_TYPE,true,0.92,0.9700000000000001,1.0,50,7,5.799745083631419,0.08317512518506151,0.9370554846219726,0.9230769230769231,2.165692313288131E8,2d46791eb31c620e9dcd7c729e2e2c7d050214e8b9eee4847f5d97d95bc00f7e,746a98e4020dcd8fbb290c55c73693116dd75fbb293d56c2f1bcd8995b1c4a34
DISTRICT,BUSAN,사하구,CULTURE_ART,WATERFRONT,2,90,1.0,NATIONWIDE_TYPE_VENUE,50,1,1.0,1.0,0.8234630127664873,0.7875000000000001,2.0228121024294752E8,c348e29400ebe021db666e856fec31595170b0090866fe06d013a15bb05b35e1,8e9def148f6df5d5eeeac98cc60873918c867b719791ea47c78a2eb3eabd35a0,157,0.4903167037789309,SAME_REGION_TYPE,true,0.9,0.9500000000000001,1.0,50,9,6.006105330759948,0.04160257660210693,0.926739146036702,0.9230769230769231,2.4165125506916475E8,494f67fd569588d8cef5db4b92d212915b428e68c0db38afc70910a19defd846,b0df0c434d0430cb04feeec35c10373504fd47f8b70fc172cd9de512a73850b5
DISTRICT,BUSAN,사하구,CULTURE_ART,GREEN,2,158,1.0,NATIONWIDE_TYPE_VENUE,50,1,1.0,1.0,0.8533654699781298,0.8250000000000001,1.7852978670246005E8,4214f3c3954d05a920f970ebc6a910e54d165aa212212417de62ae5be5a531b0,86beb2c2f1dcb1d013dbb5b31085663738ebca0a2b66b19a2732fbb55078dd96,160,0.9820380033730126,GLOBAL_SIMILARITY,true,0.95,1.0,1.0,50,3,1.1058864624142464,0.9502712694898938,0.8593832157315449,0.8250000000000001,1.7995125953773353E8,ef19bb9db94ca4ebe2ac746d1318b6f2ba5a34b2e9350da1ebadb3853c1c2dac,b30bd008842a613d1389d3d7d87b5d7c2d4d2db4e44bc2c7e01a77c22335001b
DISTRICT,BUSAN,금정구,CULTURE_ART,WATERFRONT,3,90,1.0,NATIONWIDE_TYPE_VENUE,50,1,1.0,1.0,0.8295417038875311,0.7875000000000001,2.977567828486644E8,c348e29400ebe021db666e856fec31595170b0090866fe06d013a15bb05b35e1,3daa2f1851f67917c268904cbf2503a82c2316ad32922a980e1f025366e18a9e,99,0.8632891798398659,GLOBAL_SIMILARITY,true,0.95,1.0,1.0,50,6,1.6801620256447465,0.7617658869895334,0.8752870722526189,0.7875000000000001,2.691947530970486E8,f602364d622117fc16dd27f5e9cb7b733698fb7290d60e89aa9499d30dd27913,4d155da68366fcc18c445dc9605033bdf270a2107c2949cc54f9660edd12c78e
DISTRICT,BUSAN,금정구,TRADITION_HISTORY,GREEN,3,54,1.0,NATIONWIDE_TYPE_VENUE,50,1,1.0,1.0,0.8156930324043984,0.75,3.282571396952003E8,925fb91efbfb16db5e571b6b008cb99b6c0a3a167e39edb07bb4c1c2cafda7ae,15013135441599761863f195c6b7c25c44c6b8930cfb9f4e510c4f80f3a88a3e,58,0.8975621428376406,GLOBAL_SIMILARITY,true,0.95,1.0,1.0,50,5,1.2728535486770634,0.884477223800487,0.8412535208066368,0.75,3.4915385751340073E8,68d788af8bc53520e19ab477843f5ad385b82b1a160dffb9db9415b4505e92e4,c6f0e296c1e151479cefe7bc33f33a8c659b24637011f47c170ff3f14ef7ea34
DISTRICT,BUSAN,연제구,TRADITION_HISTORY,GREEN,3,54,1.0,NATIONWIDE_TYPE_VENUE,50,1,1.0,1.0,0.8156930324043984,0.75,3.282319122709977E8,925fb91efbfb16db5e571b6b008cb99b6c0a3a167e39edb07bb4c1c2cafda7ae,15013135441599761863f195c6b7c25c44c6b8930cfb9f4e510c4f80f3a88a3e,61,0.8353426664599393,GLOBAL_SIMILARITY,true,0.95,1.0,1.0,50,8,1.5231159798567613,0.806982632242429,0.8568116152768591,0.775,3.373790373446206E8,1b824136f542e4709534d3cb64640f43ff10502586c0e8ee888ef00f501685e4,6e4b2fd4a2139f320ddf33a25505898aa1360305ecd01464ba723c46122672fb
DISTRICT,BUSAN,강서구,LOCAL_SPECIALTY,GREEN,2,95,1.0,NATIONWIDE_TYPE_VENUE,50,1,1.0,1.0,0.8154937000079104,0.7875000000000001,1.1914873395144437E8,6f559ff7303a8c2962ebc48f630fcff4006b749cc57f1e138c456575624dd657,66a221910c245fab05411f6bdc674094ffb819f15035bd3d6dfc434e06f0ba5e,145,0.5669062175528474,GLOBAL_SIMILARITY,true,0.9125000000000001,0.9625000000000001,1.0,50,9,6.7766628017283805,0.040359600017837095,0.9539029415325245,0.9230769230769231,1.0576865643590091E8,f1564444f28bebdcb44fbf76c1ede765c79217972de134a5f8dd352f3ae8149b,82b66c86c8c0b4bb06ec80b49ad1797352dca37dd9c6c660cf552a3f3483d7b3
DISTRICT,BUSAN,강서구,NATURE_ECOLOGY,GREEN,3,88,1.0,NATIONWIDE_TYPE_VENUE,50,1,1.0,1.0,0.8091231571758266,0.7875000000000001,1.2246827558299592E8,dc459aca48974424d1e63cba2ca3e5c0d723e32a3a4724a75d28d13eea8c5f69,5fe484fd7e6ebd99a7162f0fe6fb14de925c73551b90b9cb88ed99e98c955e48,95,0.8828625443655391,GLOBAL_SIMILARITY,true,0.95,1.0,1.0,50,8,1.5440798300830076,0.8012437025484389,0.8497264012153467,0.7875000000000001,1.5158342879734787E8,51a055a63ea72cd5d833422978c8780bad4074cdec71a6da1dbb2211fac74950,767d0df91dc6b996d559c2ee19afe5d213dda437b37cd5d67c9a67203c2fe27a
DISTRICT,BUSAN,강서구,LOCAL_SPECIALTY,VILLAGE,3,23,1.0,NATIONWIDE_TYPE_VENUE,23,1,1.0,1.0,0.8164721878698334,0.7295454545454546,1.5618780087779444E8,3fbec895063fe63197622dd9e2f7c6edb414b8212fdbf14439a971c269a81dc0,3fbec895063fe63197622dd9e2f7c6edb414b8212fdbf14439a971c269a81dc0,41,0.4640190716831482,SAME_REGION_TYPE,true,0.95,1.0,1.0,41,8,3.8540547686841546,0.4640190716831483,0.9069921343576504,0.7295454545454546,1.2347335760730815E8,82466b71eea8ed79ea413e4cafa7b6fa3d1c53065351f50d52315a73dae47e7d,82466b71eea8ed79ea413e4cafa7b6fa3d1c53065351f50d52315a73dae47e7d
DISTRICT,BUSAN,수영구,TRADITION_HISTORY,GREEN,3,54,1.0,NATIONWIDE_TYPE_VENUE,50,1,1.0,1.0,0.8156930324043984,0.75,3.293921694838658E8,925fb91efbfb16db5e571b6b008cb99b6c0a3a167e39edb07bb4c1c2cafda7ae,15013135441599761863f195c6b7c25c44c6b8930cfb9f4e510c4f80f3a88a3e,62,0.8141612128124277,GLOBAL_SIMILARITY,true,0.95,1.0,1.0,50,9,1.6294279247089007,0.7795096707423795,0.8636473457597006,0.7875000000000001,4.226591670607375E8,4ecd9d95559284ae1e5d88f517a126bca06f504343e836e7aee66e62a0c81034,5c0a422ba1bba050d075770a5566d4afe95d67f1c060bb9e6ece1d870f008345
DISTRICT,BUSAN,수영구,CULTURE_ART,WATERFRONT,3,90,1.0,NATIONWIDE_TYPE_VENUE,50,1,1.0,1.0,0.8295417038875311,0.7875000000000001,2.9865277762791395E8,c348e29400ebe021db666e856fec31595170b0090866fe06d013a15bb05b35e1,3daa2f1851f67917c268904cbf2503a82c2316ad32922a980e1f025366e18a9e,91,0.9825340509901508,GLOBAL_SIMILARITY,true,0.95,1.0,1.0,50,2,1.0597436358893015,0.9709694495167595,0.8352470989206756,0.7875000000000001,3.130056264096678E8,03746e79d71972d217750ac4832a7cc961b9c83ef5bd3d14e28d63d7434a03ee,96d959c953b05e651a48591dcc7ea43565b7b7e46cc59cbf6dddbfce6c1926ed
DISTRICT,BUSAN,사상구,CULTURE_ART,GREEN,2,158,1.0,NATIONWIDE_TYPE_VENUE,50,1,1.0,1.0,0.8547992030753939,0.8250000000000001,1.7849930917860937E8,4214f3c3954d05a920f970ebc6a910e54d165aa212212417de62ae5be5a531b0,86beb2c2f1dcb1d013dbb5b31085663738ebca0a2b66b19a2732fbb55078dd96,162,0.9630310295552346,GLOBAL_SIMILARITY,true,0.95,1.0,1.0,50,4,1.2349862237242057,0.897584208394191,0.8695616929695883,0.8250000000000001,1.8420073491361108E8,252c360352424ca24168bcb54ce88c10a2962b291b37e7fc6dc1de17e8306615,fa2b9d4dfc12f8a9c9d53dc19fab719ad8e6ed853cd2bbea472b280ee664678b
DISTRICT,BUSAN,사상구,CULTURE_ART,GREEN,10,158,1.0,NATIONWIDE_TYPE_VENUE,50,1,1.0,1.0,0.8032792377540761,0.7431818181818182,4.1662010071503615E8,4214f3c3954d05a920f970ebc6a910e54d165aa212212417de62ae5be5a531b0,25777c9b27e579835547630adf1bdd1149078494eb56635fa0952e31ee117a86,224,0.6118126241819234,GLOBAL_SIMILARITY,true,0.8545454545454546,0.9045454545454547,1.0,50,6,4.495655261907365,0.28496551724137914,0.9266631299734743,0.9230769230769231,2.449751248472616E8,47ea73c6b61b8044b66672b985cefb3ccead6ceca9352261ac513ffffb5abc4a,a2ac1db4c09ad31548c868d37a1a762236f214ae05431d8ce9846878e61aecbe
DISTRICT,BUSAN,기장군,CULTURE_ART,WATERFRONT,2,90,1.0,NATIONWIDE_TYPE_VENUE,50,1,1.0,1.0,0.8219641153598883,0.7875000000000001,2.018919260568753E8,c348e29400ebe021db666e856fec31595170b0090866fe06d013a15bb05b35e1,8e9def148f6df5d5eeeac98cc60873918c867b719791ea47c78a2eb3eabd35a0,158,0.4840781350287736,SAME_REGION_TYPE,true,0.9,0.9500000000000001,1.0,50,9,6.076365878377505,0.020794417592819157,0.9323011481519128,0.9230769230769231,2.4055195993465957E8,445aa1c7c3160451c29dab0f1e0c4e6e9a2fbe42be0affc0c5c64bca3b15baa9,0b4d15537b38424f468a5eb3cbedfd4e0257d5a35db3e20d7dd2cdda0da8cd7b
DISTRICT,BUSAN,기장군,CULTURE_ART,WATERFRONT,3,90,1.0,NATIONWIDE_TYPE_VENUE,50,1,1.0,1.0,0.8277240332604141,0.7875000000000001,2.9840242074696076E8,c348e29400ebe021db666e856fec31595170b0090866fe06d013a15bb05b35e1,3daa2f1851f67917c268904cbf2503a82c2316ad32922a980e1f025366e18a9e,179,0.4204093923278633,SAME_REGION_TYPE,true,0.9,0.9500000000000001,1.0,50,9,6.17203748196237,0.061062070572085965,0.9425631668710606,0.9230769230769231,2.1911598166042113E8,2d46791eb31c620e9dcd7c729e2e2c7d050214e8b9eee4847f5d97d95bc00f7e,a811565330b6cfaee72db1bdd1f45f3e54b2f1afb21bdbbbde2264707021318a
DISTRICT,BUSAN,기장군,CULTURE_ART,GREEN,3,158,1.0,NATIONWIDE_TYPE_VENUE,50,1,1.0,1.0,0.8565046758748961,0.8250000000000001,3.7029183714211226E8,4214f3c3954d05a920f970ebc6a910e54d165aa212212417de62ae5be5a531b0,a0a18bb353b84b0fea1c70734b57dfe5246ceab1f1b358ec255e216180755851,164,0.9436551223548161,GLOBAL_SIMILARITY,true,0.95,1.0,1.0,50,6,1.3965347606037448,0.8429576312776055,0.8824069605758214,0.8250000000000001,3.6167622315505904E8,2b250429dbd79ea25263cd908ddba7e371d732ce58037c8db806797b14ca4f4c,6d4c13dbd691709fc9ae3cc3c621378d2f7d10da6f7de069d8c3b0088ccb5c04
DISTRICT,BUSAN,기장군,LOCAL_SPECIALTY,WATERFRONT,3,71,1.0,NATIONWIDE_TYPE_VENUE,50,1,1.0,1.0,0.8267921269680839,0.7875000000000001,1.5589076332614034E8,423ef67fb8d8ce3b4c72bcaeeff7f273fce5f5c7748615ef99cbb399498ea8e6,b81e46091782f6a959614820fd263ea9d343c58e33aee45b8daafaf748656aed,103,0.5915433476655262,GLOBAL_SIMILARITY,true,0.95,1.0,1.0,50,9,6.462148324205789,0.2981181702430196,0.9552238868386991,0.8250000000000001,1.0400323058636807E8,dc05c6e6ed41bbacb9e85685b1d466766a68f0cda3e29e9b14718c9f79b5c9e2,4f41b997ce2c9579357d8acc3832cfa435a440a23e60718628d1463b0ce81e15
DISTRICT,BUSAN,기장군,LOCAL_SPECIALTY,GREEN,5,95,1.0,NATIONWIDE_TYPE_VENUE,50,1,1.0,1.0,0.8035639432574239,0.775,3.4712018202080166E8,6f559ff7303a8c2962ebc48f630fcff4006b749cc57f1e138c456575624dd657,931a1ed61564d810615e1de2760f24ae51b32996fcee840d6a245d3c7686c508,126,0.6638888888670299,GLOBAL_SIMILARITY,true,0.925,0.9750000000000001,1.0,50,9,6.230702077170186,0.30705433210317146,0.9304700126120027,0.8,1.698815547596833E8,38b550c4ee8a6b00076d402a023b7b056b415b251cb15e9e8c816023efc80a80,fc6890daf8a6493a0eb0ba89f031cd58b72de8b1f2e35b8a177898195ebbb2b8
DISTRICT,DAEGU,-,CULTURE_ART,GREEN,2,22,1.0,SAME_DISTRICT_TYPE_VENUE,22,1,1.0,1.0,0.9357436344340475,0.8604651162790699,4.2547042106228584E8,18bbc95a56c08716c30138b18cee787180517213b515ecff6b064cd04416ce0d,18bbc95a56c08716c30138b18cee787180517213b515ecff6b064cd04416ce0d,116,0.4083783091457661,NATIONWIDE_TYPE,true,0.95,1.0,1.0,50,4,1.6666666666666667,0.08,1.0,1.0,3.7151159157116646E8,8780142b328a424a6ffd54bd6d1f44d9eeee85b1833809bf2ea262c05e497940,b753177f6de121c423ca28c82c08d26331f024aee0a837944403c652298f63af
DISTRICT,DAEGU,-,CULTURE_ART,OTHER,18,70,1.0,NATIONWIDE_TYPE_VENUE,50,1,1.0,1.0,0.779168950761242,0.7065789473684211,2.807669565503862E8,e2894551a9aade3371c9d134fd015763aa296c0fb24e8191f8fdd46932c4cd77,ba431b30c13b9b42fac97b1599dd13b2286216e4127c16e9bd158eab487a617d,159,0.3580527111561682,NATIONWIDE_TYPE,true,0.95,1.0,1.0,50,4,1.4518002322880375,0.02,1.0,1.0,3.5964875008946115E8,c4e2a7a1fabc8e348280955232377d46a36c90e02498b90f6c9630d59fd24c31,2cfbf4c8c9817b2656f790f68971d027da0f77efb88e92d8a2e352db7086b092
DISTRICT,DAEGU,-,CULTURE_ART,OTHER,30,70,1.0,NATIONWIDE_TYPE_VENUE,50,1,1.0,1.0,0.7712882932504116,0.6943548387096775,2.8245489126622117E8,e2894551a9aade3371c9d134fd015763aa296c0fb24e8191f8fdd46932c4cd77,ba431b30c13b9b42fac97b1599dd13b2286216e4127c16e9bd158eab487a617d,159,0.3606023573454056,NATIONWIDE_TYPE,true,0.95,1.0,1.0,50,4,1.4518002322880375,0.02,1.0,1.0,3.5964875008946115E8,c4e2a7a1fabc8e348280955232377d46a36c90e02498b90f6c9630d59fd24c31,2cfbf4c8c9817b2656f790f68971d027da0f77efb88e92d8a2e352db7086b092
DISTRICT,DAEGU,-,TRADITION_HISTORY,INDEPENDENT,3,38,1.0,NATIONWIDE_TYPE_VENUE,38,1,1.0,1.0,0.8114592347150514,0.7083333333333334,2.9445095839916104E8,8674a18a77fd59101747b5bfbca30d4351075de073f6e1726ea05249ad86bedb,8674a18a77fd59101747b5bfbca30d4351075de073f6e1726ea05249ad86bedb,64,0.4866217794227086,NATIONWIDE_TYPE,true,0.95,1.0,1.0,50,4,3.08131779803661,0.38808618169297504,0.935769032694972,0.7875000000000001,2.5574402215288514E8,9a6d631f00c462c25b64a977d5097391746aad7261028df3eb1f65fbedc420a0,977bb506fc832f1797d607a3194a0fa7a732dfe1dd118d7330dbf51a1742ae0c
DISTRICT,DAEGU,-,LOCAL_SPECIALTY,GREEN,5,95,1.0,NATIONWIDE_TYPE_VENUE,50,1,1.0,1.0,0.8051802042169006,0.775,3.6301192556748843E8,6f559ff7303a8c2962ebc48f630fcff4006b749cc57f1e138c456575624dd657,adb85715cf42e6e43e99af40998e3de46541b3361b690f433d68165752e0cf75,113,0.7630281454164014,GLOBAL_SIMILARITY,true,0.95,1.0,1.0,50,4,2.576511928621754,0.541753072807524,0.9027624122385874,0.7875000000000001,3.19924571670608E8,f61e3f015ea9b5b07eea0cc5b384740b67aec1f86862f1fffa9d9332afd87f67,8cd554df204a66fc96a4534b034a3d10b9db3cf4c9c62acd2b54ad0b69f0b16c
DISTRICT,DAEGU,-,TRADITION_HISTORY,OTHER,4,22,1.0,NATIONWIDE_TYPE_VENUE,22,1,1.0,1.0,0.8260042004448084,0.735,2.547715796573616E8,3d535e023c473017fdda8ada497fd3aeb9dbae27b046a7bdeb89e40249781229,3d535e023c473017fdda8ada497fd3aeb9dbae27b046a7bdeb89e40249781229,48,0.3586000815937367,NATIONWIDE_TYPE,true,0.95,1.0,1.0,48,4,3.1280767843509416,0.3586000815937366,0.9376050920825403,0.735,2.2357124146635216E8,71f8320e917453d04b215e967dd3d4057fbf96990b18eadffa54c7b4ef5b68d2,71f8320e917453d04b215e967dd3d4057fbf96990b18eadffa54c7b4ef5b68d2
DISTRICT,DAEGU,중구,CULTURE_ART,OTHER,2,70,1.0,NATIONWIDE_TYPE_VENUE,50,1,1.0,1.0,0.8320504494174763,0.775,1.752924803390573E8,e2894551a9aade3371c9d134fd015763aa296c0fb24e8191f8fdd46932c4cd77,e51bc2a153d088db2d570a27a08076b58b56a68c15ca18f939ae9b228d31778e,158,0.34278144004963235,NATIONWIDE_TYPE,true,0.95,1.0,1.0,50,9,7.668711656441717,0.04,1.0,1.0,9.800466113413447E7,0a686fdf66e31177353b88450e6401ec8adac7b32fc568ffe919d94f1729de2d,2de930fd16d117b53c9a03626a8c913b80d4007ebca99c4bac1ec66259808c2d
DISTRICT,DAEGU,중구,CULTURE_ART,GREEN,2,158,1.0,NATIONWIDE_TYPE_VENUE,50,1,1.0,1.0,0.8574874739777154,0.7941176470588235,1.7624025175795117E8,4214f3c3954d05a920f970ebc6a910e54d165aa212212417de62ae5be5a531b0,1229671d964f5233a4be92699ec277979e556d72d2b1caa68275308eef9a3065,246,0.5347124105381202,GLOBAL_SIMILARITY,true,0.95,1.0,1.0,50,9,7.861635220125786,0.06,1.0,1.0,9.753424588171972E7,a15fdb74c490ca5f39b17ba2e6671e71edb27d95509ec51daa4bc953d1f3b8c7,3df8a55f3ea0d2716d26d438877688fe16841ea08704746b471538968f3fa9f2
DISTRICT,DAEGU,중구,CULTURE_ART,OTHER,3,70,1.0,NATIONWIDE_TYPE_VENUE,50,1,1.0,1.0,0.8267219256102843,0.7875000000000001,1.9888279340849397E8,e2894551a9aade3371c9d134fd015763aa296c0fb24e8191f8fdd46932c4cd77,e580466ca5511f9d06d5fe3ff02161aa8f3fb9b747a9dfce8408e54399771808,158,0.34097303479416413,NATIONWIDE_TYPE,true,0.95,1.0,1.0,50,9,7.18390804597701,0.02,1.0,1.0,7.743169415725507E7,0a686fdf66e31177353b88450e6401ec8adac7b32fc568ffe919d94f1729de2d,9a6caa2b8d20d37355049254294fbafd2c6eda3dd0954435778b3ce0534ece87
DISTRICT,DAEGU,중구,CULTURE_ART,VILLAGE,2,39,1.0,NATIONWIDE_TYPE_VENUE,39,1,1.0,1.0,0.8119333483126923,0.6817164179104478,1.3716440196585917E8,35666bd283d687af38fec7347887732ca0983e78f887177a0dbce730a02f799c,35666bd283d687af38fec7347887732ca0983e78f887177a0dbce730a02f799c,74,0.4266351600250221,SAME_REGION_TYPE,true,0.95,1.0,1.0,50,9,7.217175563037573,0.24640165428672506,0.954203703779283,0.8250000000000001,7.177643432164668E7,b12847411b3019f7cd2e7923ad243644b21c996add9b34f756b2ad4e1339dfbf,33a75e45b408f587f9683c064c63021d68743c0bc6b4cf67d50757768baa1c51
DISTRICT,DAEGU,중구,TRADITION_HISTORY,VILLAGE,3,69,0.21645137875042358,SAME_REGION_TYPE,50,9,8.328218061228018,0.06391943962523564,0.9340330101445463,0.875,1.3538245344735202E8,657b0a422eee5fe78b34bdf4b1781c941cb04b75d64197972e6b84bcfb1fe16a,ce2fa8d854add7412776fd5a6d903e8af582abfff34f28f1b134d59e3b44cf40,69,0.21645137875042358,SAME_REGION_TYPE,false,-Infinity,NaN,NaN,50,9,8.328218061228018,0.06391943962523564,0.9340330101445463,0.875,1.3538245344735202E8,657b0a422eee5fe78b34bdf4b1781c941cb04b75d64197972e6b84bcfb1fe16a,ce2fa8d854add7412776fd5a6d903e8af582abfff34f28f1b134d59e3b44cf40
DISTRICT,DAEGU,중구,TRADITION_HISTORY,VILLAGE,2,69,0.21093080543772386,SAME_REGION_TYPE,50,9,8.314407603270903,0.0613754333357835,0.9445832506087646,0.84375,1.1878717690358344E8,657b0a422eee5fe78b34bdf4b1781c941cb04b75d64197972e6b84bcfb1fe16a,ce2fa8d854add7412776fd5a6d903e8af582abfff34f28f1b134d59e3b44cf40,69,0.21093080543772386,SAME_REGION_TYPE,false,-Infinity,NaN,NaN,50,9,8.314407603270903,0.0613754333357835,0.9445832506087646,0.84375,1.1878717690358344E8,657b0a422eee5fe78b34bdf4b1781c941cb04b75d64197972e6b84bcfb1fe16a,ce2fa8d854add7412776fd5a6d903e8af582abfff34f28f1b134d59e3b44cf40
DISTRICT,DAEGU,동구,NATURE_ECOLOGY,GREEN,5,88,1.0,NATIONWIDE_TYPE_VENUE,50,1,1.0,1.0,0.7999832052489859,0.7568181818181818,1.7324803010253152E8,dc459aca48974424d1e63cba2ca3e5c0d723e32a3a4724a75d28d13eea8c5f69,8e945e34265ad585a365dc7139c095d93b2e38328cd37da29e72cb872efd4d5f,103,0.7772722559351141,GLOBAL_SIMILARITY,true,0.95,1.0,1.0,50,7,2.5364331137081857,0.6034973239570779,0.8880500269102162,0.775,1.0429964208723305E8,07891211a5730f3d9cd8ec411bae81a3032dfe4de06f9eb7bac708b1849622c6,d575ffa1514b21a113fe37d56ce47bb31b17af00de7b4775db33cd3f3dd820bc
DISTRICT,DAEGU,동구,NATURE_ECOLOGY,GREEN,3,88,1.0,NATIONWIDE_TYPE_VENUE,50,1,1.0,1.0,0.820309057943872,0.7875000000000001,1.157573367509946E8,dc459aca48974424d1e63cba2ca3e5c0d723e32a3a4724a75d28d13eea8c5f69,4ca188d89153364bba25c2553f4fd224732edeb75265fdf9eacbdd6bdc43fb00,109,0.7277099287986338,GLOBAL_SIMILARITY,true,0.9125000000000001,0.9625000000000001,1.0,50,7,3.351799251030988,0.5026415468139067,0.909212451057243,0.7941176470588235,7.932882357848224E7,f44eb73bd1efe492e7a710d4e142b595e404afe994dbac4ea9b8fc0b6bcaf955,98c3d28f897071b3ef4cd730afe5c6ea4c873ecabfb5d286cf6b2b26913f5370
DISTRICT,DAEGU,서구,TRADITION_HISTORY,VILLAGE,2,69,0.21319326211012626,SAME_REGION_TYPE,50,9,8.294954234276139,0.07587095371516732,0.9277515003966552,0.84375,1.1582470726223215E8,657b0a422eee5fe78b34bdf4b1781c941cb04b75d64197972e6b84bcfb1fe16a,1734b7955e7615f1e4ead58710646c466a25cc92dc4d823ba4d7177a71406d6d,69,0.21319326211012626,SAME_REGION_TYPE,false,-Infinity,NaN,NaN,50,9,8.294954234276139,0.07587095371516732,0.9277515003966552,0.84375,1.1582470726223215E8,657b0a422eee5fe78b34bdf4b1781c941cb04b75d64197972e6b84bcfb1fe16a,1734b7955e7615f1e4ead58710646c466a25cc92dc4d823ba4d7177a71406d6d
DISTRICT,DAEGU,남구,CULTURE_ART,GREEN,2,158,1.0,NATIONWIDE_TYPE_VENUE,50,1,1.0,1.0,0.8583587223805018,0.7941176470588235,1.7145575154684156E8,4214f3c3954d05a920f970ebc6a910e54d165aa212212417de62ae5be5a531b0,4b6b383fc57ae5bd529c73b7afaf659f7d369c02f8d848f3ad8d86f7229b021e,199,0.711526445185884,GLOBAL_SIMILARITY,true,0.95,1.0,1.0,50,9,6.758764160495399,0.17366600988538655,0.9878792641350923,0.9500000000000001,1.4701589724183032E8,71aa3bd77e0092b5baba125f5698ad6afd189030e6b443e58666ad41bd8b3451,0f8856e5741588f3cf884a8079dd185cbe051212e4a42eb3eb6316780dc96cbb
DISTRICT,DAEGU,북구,CULTURE_ART,OTHER,2,70,1.0,NATIONWIDE_TYPE_VENUE,50,1,1.0,1.0,0.8219671350786852,0.775,1.7266329706915832E8,e2894551a9aade3371c9d134fd015763aa296c0fb24e8191f8fdd46932c4cd77,20527dbab40e147534db859712a80c94cbce05d38cc933563b1bcf00191f5cc8,86,0.735949858138331,GLOBAL_SIMILARITY,true,0.95,1.0,1.0,50,8,2.6023483331757395,0.597996266175888,0.9006626491936542,0.7941176470588235,2.012827855168403E8,40ae4e9c4e1cc9e32436bb60840ab9c46271c937e377f5595d26c332864f8304,456d8570ede1c60d8ee54966055f816d46263644a4a8c62c03c613d3e5648c36
DISTRICT,DAEGU,북구,CULTURE_ART,INDEPENDENT,3,76,1.0,NATIONWIDE_TYPE_VENUE,50,1,1.0,1.0,0.8114253280679432,0.7875000000000001,3.031650509788564E8,8d3227fce5057e121afb1463f7003206e6d03aae5ceffb834860623ae7d9b164,4563df83681640ee7bac47c173518343df090a026fd975b9feee23f89c5f8e9e,175,0.35627601262735614,SAME_REGION_TYPE,true,0.9,0.9500000000000001,1.0,50,9,7.1053103589485715,0.020340083430277853,0.9427531589998419,0.9230769230769231,2.080051749376349E8,f11f9df3aa0df45aed3eb74b343ba5c8f45abb0d6981f9eaad0c6d58adb65fb1,b8457525e21a83bb9bc3454699ab6a38e85416abad20f648b8b0e774f44369d5
DISTRICT,DAEGU,수성구,CULTURE_ART,WATERFRONT,3,90,1.0,NATIONWIDE_TYPE_VENUE,50,1,1.0,1.0,0.8173229968180782,0.7875000000000001,2.865453922105134E8,c348e29400ebe021db666e856fec31595170b0090866fe06d013a15bb05b35e1,014a8cf3034ab608f4cc2e3d4979b6415e8a8225ed366046868149460174695e,98,0.8735754338748202,GLOBAL_SIMILARITY,true,0.95,1.0,1.0,50,9,1.6303105526681754,0.7792887044872755,0.861723912134333,0.7875000000000001,3.463454202453024E8,dede3c43d612206269d0c3e0e8d38b5b63fb1b58a479cbd35bfae0f6216718d3,eea8596ba8e2e0f5dad6a9645b57d86507e800523a570ca3b41f0b7af308c389
DISTRICT,DAEGU,수성구,COMMUNITY,WATERFRONT,3,29,1.0,NATIONWIDE_TYPE_VENUE,29,1,1.0,1.0,0.8050749213680719,0.7035714285714286,1.6667187519084105E8,d79174673ff7f3466f21cd9adef13feaf0fb2e943028627027b036405e0d7d39,d79174673ff7f3466f21cd9adef13feaf0fb2e943028627027b036405e0d7d39,29,1.0,GLOBAL_SIMILARITY,true,0.95,1.0,1.0,29,1,1.0,1.0,0.8050749213680719,0.7035714285714286,1.6667187519084105E8,d79174673ff7f3466f21cd9adef13feaf0fb2e943028627027b036405e0d7d39,d79174673ff7f3466f21cd9adef13feaf0fb2e943028627027b036405e0d7d39
DISTRICT,DAEGU,수성구,CULTURE_ART,WATERFRONT,11,90,1.0,NATIONWIDE_TYPE_VENUE,50,1,1.0,1.0,0.7788931448221543,0.7250000000000001,4.332199897510101E8,c348e29400ebe021db666e856fec31595170b0090866fe06d013a15bb05b35e1,9de2bdf487860734c08a0bc3e9341d24c314effda89bc25ade790fbb1d3cd46f,93,0.9438792502050953,GLOBAL_SIMILARITY,true,0.9375,0.9875,1.0,50,4,1.2180670823333974,0.9043925694804689,0.8027409306586574,0.7250000000000001,4.237153285572056E8,0054dd3ddfc4dbbb1ddc06409684a3123f159a12ce0c4d55eeda2f4bed33ea74,87da8ba6d480f86676ad1ce5370bca9c39294b80feb5272031dcf7f816b58b05
DISTRICT,DAEGU,달서구,NATURE_ECOLOGY,GREEN,3,88,1.0,NATIONWIDE_TYPE_VENUE,50,1,1.0,1.0,0.8144067352325363,0.7875000000000001,1.1620879631084625E8,dc459aca48974424d1e63cba2ca3e5c0d723e32a3a4724a75d28d13eea8c5f69,4ca188d89153364bba25c2553f4fd224732edeb75265fdf9eacbdd6bdc43fb00,93,0.914056273611516,GLOBAL_SIMILARITY,true,0.95,1.0,1.0,50,6,1.3555975069768287,0.8564827180834366,0.8434373600397039,0.7875000000000001,1.10761394847527E8,7e0be728587706d0dbee120ad8426cd4454a6edb3874289f17e10aaa66d240d9,228c54a7aa0100c101a127c8dea71075bbef57facf7c02c66e92fc23635bebd4
DISTRICT,DAEGU,달서구,COMMUNITY,INDEPENDENT,2,21,1.0,NATIONWIDE_TYPE_VENUE,21,1,1.0,1.0,0.8219121063670438,0.7392857142857143,1.3770922130807495E8,eedf7791ca3d1393402cd8cd68579a82dd4c14bb23bf3bca6d0ba4c78b4feceb,eedf7791ca3d1393402cd8cd68579a82dd4c14bb23bf3bca6d0ba4c78b4feceb,24,0.8231325858229563,GLOBAL_SIMILARITY,true,0.95,1.0,1.0,24,4,1.4535420040405003,0.8231325858229563,0.8534100516101414,0.7392857142857143,1.3216078637550335E8,ef7a0f01e826bca441375c8bd4546ed0f6d14ae6a9d04b6248ca455f4a888d7f,ef7a0f01e826bca441375c8bd4546ed0f6d14ae6a9d04b6248ca455f4a888d7f
DISTRICT,DAEGU,달서구,TRADITION_HISTORY,GREEN,2,54,1.0,NATIONWIDE_TYPE_VENUE,50,1,1.0,1.0,0.7996723561041101,0.75,2.4472299698242462E8,925fb91efbfb16db5e571b6b008cb99b6c0a3a167e39edb07bb4c1c2cafda7ae,629b0d4dc3b42373f864c89399bdd4c8d07d01fb74c9a354eae111ad6bfab652,57,0.918594573956062,GLOBAL_SIMILARITY,true,0.95,1.0,1.0,50,4,1.2056409735648914,0.909223588270743,0.8201622704423361,0.765,2.080981845195808E8,ef928817377f59da6cfb44a6cade5ce0f33aee76c1038044b63e8aaea3d5951e,8e81c1419d0ba5468625fad0a24778b0b940fd458dff86a4612ab25f572f0c86
DISTRICT,DAEGU,달서구,CULTURE_ART,OTHER,2,70,1.0,NATIONWIDE_TYPE_VENUE,50,1,1.0,1.0,0.8200899502794117,0.775,1.7212637206590396E8,e2894551a9aade3371c9d134fd015763aa296c0fb24e8191f8fdd46932c4cd77,20527dbab40e147534db859712a80c94cbce05d38cc933563b1bcf00191f5cc8,167,0.3449311344718248,SAME_REGION_TYPE,true,0.9,0.9500000000000001,1.0,50,7,5.951234181276489,0.08262603515688936,0.9348761469998274,0.9230769230769231,2.98208138754032E8,ff6006fc85fe0a0b3f0608c1e607fb7d19871c1c2a21cb6d9482a08e38546a37,cfa57b8c2eee1b68f57d543f28fbdaa75e0ee5a289499ca1ccccdc35e3185438
DISTRICT,DAEGU,달성군,CULTURE_ART,GREEN,3,158,1.0,NATIONWIDE_TYPE_VENUE,50,1,1.0,1.0,0.8405473051708335,0.8250000000000001,4.037635997902025E8,4214f3c3954d05a920f970ebc6a910e54d165aa212212417de62ae5be5a531b0,f2a4b6e5e02f091747e47d875888709e1a565800dcb8dbbc05e9815c02969372,253,0.5446454636096455,GLOBAL_SIMILARITY,true,0.9125000000000001,0.9625000000000001,1.0,50,9,7.400932153278673,0.041219019030311284,0.9492575951646922,0.9230769230769231,2.083948667766306E8,2ddd57b9448892c1708cce0d23f9208aa12a7aedc24256b0fd95f521a912b596,5d25c8f0ab73ef54a68678ff61bfe1f95b03af9b129bee2825faf63938b707ae
DISTRICT,DAEGU,달성군,CULTURE_ART,INDEPENDENT,4,76,1.0,NATIONWIDE_TYPE_VENUE,50,1,1.0,1.0,0.8014153975354574,0.765,4.111331164162927E8,8d3227fce5057e121afb1463f7003206e6d03aae5ceffb834860623ae7d9b164,d4f0c98bb1fc893e12488029d52f6d8bf259d360978aac9d6ef3452b8e4db634,176,0.3534170456285458,SAME_REGION_TYPE,true,0.87,0.92,1.0,50,8,4.411115024940632,0.045580002903112406,0.9379923181990997,0.9230769230769231,2.5775460428239062E8,db9c46ed5eb524a6165ccc3f2647b5483c65d11e0fbcc2aa8f6752d679ff3271,316f20d0e709543480266de5a883912551ad79492e9cdaad18d5b0bf53ceac2c
DISTRICT,DAEGU,군위군,CULTURE_ART,GREEN,2,158,1.0,NATIONWIDE_TYPE_VENUE,50,1,1.0,1.0,0.8425633585471014,0.7941176470588235,1.6695323208245105E8,4214f3c3954d05a920f970ebc6a910e54d165aa212212417de62ae5be5a531b0,68173dc417f9d185aba4a67cf8a2e3a8fb72fd31897ad8c15bf31ef740c2a0b0,261,0.5230584652710777,GLOBAL_SIMILARITY,true,0.9,0.9500000000000001,1.0,50,7,5.453560224886249,0.12119716944546133,0.9460328194954479,0.9230769230769231,2.4343094611267483E8,619c83506bce55d3c2ac96bde8422eee4f4764213525444cd38b3c9de4261890,a28f3502fa903d9ff96277f92dd03e82e6d60d08789e8da389a14f51d4377139
DISTRICT,INCHEON,-,CULTURE_ART,GREEN,10,22,1.0,SAME_DISTRICT_TYPE_VENUE,22,1,1.0,1.0,0.9311849154861528,0.8772727272727273,5.867988711264049E8,18bbc95a56c08716c30138b18cee787180517213b515ecff6b064cd04416ce0d,18bbc95a56c08716c30138b18cee787180517213b515ecff6b064cd04416ce0d,111,0.4260690812644432,NATIONWIDE_TYPE,true,0.95,1.0,1.0,50,4,1.6600265604249667,0.06,1.0,1.0,3.8794771113781774E8,4aa60eb453c0814c3c51c1017b319b288040f1a0fb51c2f4ed2b1a74b7305f38,65d5fd9ffe0af4f8934aa34787ebc1f8bff75a132e2d306d5627bb42e99ff549
DISTRICT,INCHEON,-,CULTURE_ART,GREEN,3,22,1.0,SAME_DISTRICT_TYPE_VENUE,22,1,1.0,1.0,0.9408981564435182,0.8639534883720931,4.7186860879421586E8,18bbc95a56c08716c30138b18cee787180517213b515ecff6b064cd04416ce0d,18bbc95a56c08716c30138b18cee787180517213b515ecff6b064cd04416ce0d,112,0.420990824975374,NATIONWIDE_TYPE,true,0.95,1.0,1.0,50,4,1.7385257301808068,0.08,1.0,1.0,3.959523533622195E8,8ca29a253b2e8855867b74fa7fc869ac2751ebe0da0790061ebfc954a5c2c7bc,67ab2c889ac3b67a80456efe7c8ac1ed858ddf87644cd1070c28ae95b3f7f1fd
DISTRICT,INCHEON,-,LOCAL_SPECIALTY,GREEN,2,95,1.0,NATIONWIDE_TYPE_VENUE,50,1,1.0,1.0,0.8144070265234344,0.7875000000000001,1.2472500602252354E8,6f559ff7303a8c2962ebc48f630fcff4006b749cc57f1e138c456575624dd657,cb8f51c5e446dc596ed25206b3eabce0ded98203c50b88306604fee487a44393,113,0.7664777925259456,GLOBAL_SIMILARITY,true,0.95,1.0,1.0,50,4,2.5511076859584714,0.5474470739755382,0.9058513792649581,0.7941176470588235,1.541837046906098E8,f61e3f015ea9b5b07eea0cc5b384740b67aec1f86862f1fffa9d9332afd87f67,7896e058e9a62d9324c95b7308641f47c0c9b5bd735c219352d4c9ef55b5c338
DISTRICT,INCHEON,-,CULTURE_ART,INDEPENDENT,2,76,1.0,NATIONWIDE_TYPE_VENUE,50,1,1.0,1.0,0.8548696732309241,0.7875000000000001,2.402419475633896E8,8d3227fce5057e121afb1463f7003206e6d03aae5ceffb834860623ae7d9b164,66e3c1d5af937bdfb3426cff019945f8bfd53527c5d1e954962bcf2c523b471a,165,0.361790736364417,NATIONWIDE_TYPE,true,0.95,1.0,1.0,50,4,1.819505094614265,0.1,1.0,1.0,3.877913110979705E8,7d770de8d7dee403d066c1bb00972e0cf7c36d1ed3820c69f7fbf99ec64e880c,13c714e9e389887efa940420a4a1f180cc91fe199d25687ce9e3c0c350804a20
DISTRICT,INCHEON,-,CULTURE_ART,GREEN,5,22,1.0,SAME_DISTRICT_TYPE_VENUE,22,1,1.0,1.0,0.9347874630198063,0.8709302325581396,5.1817845136998963E8,18bbc95a56c08716c30138b18cee787180517213b515ecff6b064cd04416ce0d,18bbc95a56c08716c30138b18cee787180517213b515ecff6b064cd04416ce0d,111,0.42526795639522136,NATIONWIDE_TYPE,true,0.95,1.0,1.0,50,4,1.5114873035066503,0.02,1.0,1.0,3.6979728216395086E8,4aa60eb453c0814c3c51c1017b319b288040f1a0fb51c2f4ed2b1a74b7305f38,9f79f413e75cdb6b1f059ddafc5a92a70ed89f017d5d184e8a089432aecabff4
DISTRICT,INCHEON,강화군,TRADITION_HISTORY,GREEN,2,54,1.0,NATIONWIDE_TYPE_VENUE,50,1,1.0,1.0,0.8060616524564179,0.75,2.4721641245163825E8,925fb91efbfb16db5e571b6b008cb99b6c0a3a167e39edb07bb4c1c2cafda7ae,5cb9460a210adefbff5e1362ee6d5648deb9201627780b76b6925ee56995feaf,63,0.7940536377463578,GLOBAL_SIMILARITY,true,0.95,1.0,1.0,50,6,1.7265354891098432,0.7513512072934192,0.8588916067099645,0.775,2.4484608979712903E8,c327698609d94c1cfdc501f88fd2d23a2b97de689c5ccdf1ca07b51f83b69b79,f3d978b930c61fd43e9d5927d85a720f86e72d7f26c204e529ed8bc2f541c4d7
DISTRICT,INCHEON,강화군,NATURE_ECOLOGY,GREEN,2,88,1.0,NATIONWIDE_TYPE_VENUE,50,1,1.0,1.0,0.8166680809132406,0.765,9.157704678006762E7,dc459aca48974424d1e63cba2ca3e5c0d723e32a3a4724a75d28d13eea8c5f69,52b8c9e6d127ccfb50aeb1e43007fbf8ebbb8689618dd5b66332d397ebc79c5d,91,0.9461480334809212,GLOBAL_SIMILARITY,true,0.95,1.0,1.0,50,3,1.1950020437186848,0.9124472883541098,0.8352145922691027,0.775,9.988587581731059E7,cdf50758292fc284fc33f15488eebbf12807258264c4d02487527abdbe46ac8e,31e9a52ab3b9d343ff16d221dcc81195bfc9b3eba7c6bbf0d9752c5ab6944221
DISTRICT,INCHEON,강화군,TRADITION_HISTORY,GREEN,9,54,1.0,NATIONWIDE_TYPE_VENUE,50,1,1.0,1.0,0.7608683089163204,0.7050000000000001,4.368688506069502E8,925fb91efbfb16db5e571b6b008cb99b6c0a3a167e39edb07bb4c1c2cafda7ae,dc9d8ba60f6bcc6cc73b7c82128f88eba511d8fc4f1b7424fd4527a6b70a93b2,65,0.7348943846263893,GLOBAL_SIMILARITY,true,0.95,1.0,1.0,50,8,2.1099510227430978,0.674990331961147,0.8458630549629661,0.7200000000000001,3.9519981840110916E8,b2b0947f0d4e5c3f387eccb926f989a2a7f52a113235a5fa38b37d8c7b333c53,371092c023fee5b474f8d9c2a886c259f28df0d2ce83a8669cc9f6705eecf777
DISTRICT,INCHEON,옹진군,CULTURE_ART,WATERFRONT,2,90,1.0,NATIONWIDE_TYPE_VENUE,50,1,1.0,1.0,0.8085078239762256,0.7875000000000001,1.9003606019170752E8,c348e29400ebe021db666e856fec31595170b0090866fe06d013a15bb05b35e1,c016968eeb396a94609384681d5e26346ba880b2dfe2cb2d8215012c1e5baaaf,172,0.43654135507783853,SAME_REGION_TYPE,true,0.8625,0.9125000000000001,1.0,50,8,5.269219909374559,0.023064710630217186,0.9319280404337784,0.9230769230769231,1.922007386942529E8,c1aa4aed1fdda353d3b2bccf3ec2c173578ed29ec2373e139693a67322e5d1f2,7baab27055db7d97ea9a4839c26b07c0657a30bb76db618d3e6962f39cd45d06
DISTRICT,INCHEON,중구,LOCAL_SPECIALTY,INDEPENDENT,2,37,1.0,NATIONWIDE_TYPE_VENUE,37,1,1.0,1.0,0.7944581791782269,0.6895161290322581,1.090272545183794E8,f48a1845e91ccd6df2e6cbb8eff45c61703b96b9de9c78eebb998bf15f66a0a2,f48a1845e91ccd6df2e6cbb8eff45c61703b96b9de9c78eebb998bf15f66a0a2,271,0.2077696516474457,NATIONWIDE_TYPE,true,0.775,0.8250000000000001,1.0,50,9,7.740616273709412,0.1463460019219166,0.9222240344437661,0.8250000000000001,1.2984078688118209E8,81aff3e10b79427d793ff208d9582e17965cb528132b943eeaf9f7804d4c1611,9c391addb8a1003323a70e8d1d17ecaeb9532d0a6f11f2aa1a71bd27b75b5536
DISTRICT,INCHEON,중구,LOCAL_SPECIALTY,INDEPENDENT,3,37,1.0,NATIONWIDE_TYPE_VENUE,37,1,1.0,1.0,0.7985407249968605,0.6943548387096775,1.3635110805505386E8,f48a1845e91ccd6df2e6cbb8eff45c61703b96b9de9c78eebb998bf15f66a0a2,f48a1845e91ccd6df2e6cbb8eff45c61703b96b9de9c78eebb998bf15f66a0a2,408,0.19503117993458846,NATIONWIDE_TYPE,true,0.775,0.8250000000000001,1.0,50,9,7.804823748758233,0.14449596691386957,0.9261646357772207,0.8250000000000001,1.8681374213717732E8,8779204d6164b557ace53d92781212cb29cf20588474b61e3fd94595f3568321,f9e30ca28c16c253de832f140e17f91550b72c4a83a0efa1582e8d052cc55598
DISTRICT,INCHEON,중구,CULTURE_ART,INDEPENDENT,2,76,1.0,NATIONWIDE_TYPE_VENUE,50,1,1.0,1.0,0.8106130354227487,0.765,2.0560541154567435E8,8d3227fce5057e121afb1463f7003206e6d03aae5ceffb834860623ae7d9b164,5610f693d8d84799f2daf0f6aee70e3a587c413706f3c785d0ce35a567a049b5,164,0.3513376531442642,NATIONWIDE_TYPE,true,0.95,1.0,1.0,50,9,7.530120481927709,0.02,1.0,1.0,1.108021558593854E8,caefc47043ade44c8f35ae04f4c1bd1d8fc05c64e94d2d70bd58d05b652fa08e,cd7a3a376a9401f5ab8241e29a817322e094739a168956df4719012467490d44
DISTRICT,INCHEON,동구,COMMUNITY,GREEN,2,41,1.0,NATIONWIDE_TYPE_VENUE,41,1,1.0,1.0,0.8308692116968996,0.6868421052631579,1.289488297744636E8,2e791c1fbe39f5acd2e443473c32520423f6131ee59cef2b016af5dfdade83f7,2e791c1fbe39f5acd2e443473c32520423f6131ee59cef2b016af5dfdade83f7,49,0.7756866608602586,GLOBAL_SIMILARITY,true,0.95,1.0,1.0,49,4,1.607378863123259,0.7756866608602593,0.8688075035725047,0.6868421052631579,1.3009207561853218E8,6f299b1309d3bf869317573fd1fd2f2ab8b4913fe12fd470205cdc35191ba232,6f299b1309d3bf869317573fd1fd2f2ab8b4913fe12fd470205cdc35191ba232
DISTRICT,INCHEON,동구,COMMUNITY,WATERFRONT,2,29,1.0,NATIONWIDE_TYPE_VENUE,29,1,1.0,1.0,0.8319672979861494,0.6964285714285715,1.3980760297600076E8,d79174673ff7f3466f21cd9adef13feaf0fb2e943028627027b036405e0d7d39,d79174673ff7f3466f21cd9adef13feaf0fb2e943028627027b036405e0d7d39,37,0.7100032128016054,GLOBAL_SIMILARITY,true,0.95,1.0,1.0,37,4,1.857805671171502,0.7100032128016054,0.8806962417144313,0.6964285714285715,1.3813507449080205E8,777eef98357086994f975084deb579a751ec90b4812fbc604d69ba4960a53507,777eef98357086994f975084deb579a751ec90b4812fbc604d69ba4960a53507
DISTRICT,INCHEON,미추홀구,CULTURE_ART,UNDECIDED,2,111,0.17920716993619218,SAME_REGION_TYPE,50,8,5.287504077370838,0.02048497495495678,0.9305432882790239,0.9230769230769231,2.2592370469205147E8,81cea5d87c7e2ff1b62ee7f23faad07e50a986150896f9fc83eea30c5f61dca2,cf3c08a16308a9724c4189b2749d02cb21ef04d71aa412ddf1347dda2056bec2,111,0.17920716993619218,SAME_REGION_TYPE,false,-Infinity,NaN,NaN,50,8,5.287504077370838,0.02048497495495678,0.9305432882790239,0.9230769230769231,2.2592370469205147E8,81cea5d87c7e2ff1b62ee7f23faad07e50a986150896f9fc83eea30c5f61dca2,cf3c08a16308a9724c4189b2749d02cb21ef04d71aa412ddf1347dda2056bec2
DISTRICT,INCHEON,미추홀구,CULTURE_ART,GREEN,2,158,1.0,NATIONWIDE_TYPE_VENUE,50,1,1.0,1.0,0.8400324749633482,0.7941176470588235,1.8209153264366522E8,4214f3c3954d05a920f970ebc6a910e54d165aa212212417de62ae5be5a531b0,018620b4ed22b5acb2d59143d6df3ce3d1718f7eaa86485ec8b06d21020c5604,161,0.9703119847953188,GLOBAL_SIMILARITY,true,0.95,1.0,1.0,50,4,1.1864859003624622,0.9167973929849802,0.8547127559996872,0.8250000000000001,1.906470090304726E8,7263a5998e2da0e21e2b44e15c67a086a4fea33eae52183034123c41a823f63f,a0de826b486886eeea1dd1621ccece71c42354d673ad6d4e78bada978b63e7cd
DISTRICT,INCHEON,연수구,COMMUNITY,GREEN,2,41,1.0,NATIONWIDE_TYPE_VENUE,41,1,1.0,1.0,0.8176596331247897,0.6868421052631579,1.2960211370933849E8,2e791c1fbe39f5acd2e443473c32520423f6131ee59cef2b016af5dfdade83f7,2e791c1fbe39f5acd2e443473c32520423f6131ee59cef2b016af5dfdade83f7,58,0.6455663249935603,GLOBAL_SIMILARITY,true,0.9,0.9500000000000001,1.0,50,7,2.5044505913495243,0.6050689923941698,0.8734376761343284,0.7875000000000001,1.521287204996966E8,8c2863c2324ea45b09373e8f79ebaa0e0741f7fd3cd412dca35a7c54d1ae69af,6f202b6703203cb0c067ce987f9cad2be65f817b03446b46b9021386086496c5
DISTRICT,INCHEON,연수구,COMMUNITY,GREEN,8,41,1.0,NATIONWIDE_TYPE_VENUE,41,1,1.0,1.0,0.770130614961751,0.7105263157894737,1.883757029073853E8,2e791c1fbe39f5acd2e443473c32520423f6131ee59cef2b016af5dfdade83f7,2e791c1fbe39f5acd2e443473c32520423f6131ee59cef2b016af5dfdade83f7,43,0.9226014857823518,GLOBAL_SIMILARITY,true,0.9333333333333333,0.9833333333333334,1.0,43,3,1.170701417692794,0.9226014857823516,0.7879221638278363,0.7105263157894737,2.027315630619197E8,f64db632281c78b861e821e8d5ca2be24242f7e602e52a42961dc50d951b8648,f64db632281c78b861e821e8d5ca2be24242f7e602e52a42961dc50d951b8648
DISTRICT,INCHEON,연수구,TRADITION_HISTORY,GREEN,3,54,1.0,NATIONWIDE_TYPE_VENUE,50,1,1.0,1.0,0.8107853265966437,0.75,3.2927420894911796E8,925fb91efbfb16db5e571b6b008cb99b6c0a3a167e39edb07bb4c1c2cafda7ae,cb5cd0a07e56ae2164ba348975972e5a27f0add376f707fa726eb98e6dcc9448,56,0.9480159026136555,GLOBAL_SIMILARITY,true,0.95,1.0,1.0,50,3,1.1228413325626843,0.9428471777315584,0.8223721200626497,0.75,3.343391613642201E8,4b758b225d389a606f47fee7d97ae33ca5d15a85a46b682cd75fecebeafb789c,e4ca42ea31ee7018d4b8d47137ba889eae52779a5ff1578d82b5f4ce50f97fac
DISTRICT,INCHEON,연수구,COMMUNITY,INDEPENDENT,51,21,1.0,NATIONWIDE_TYPE_VENUE,21,1,1.0,1.0,0.7304368911961481,0.6807692307692308,1.7615420645702624E8,eedf7791ca3d1393402cd8cd68579a82dd4c14bb23bf3bca6d0ba4c78b4feceb,eedf7791ca3d1393402cd8cd68579a82dd4c14bb23bf3bca6d0ba4c78b4feceb,38,0.46018513938548045,SAME_REGION_TYPE,true,0.7701923076923077,0.8201923076923078,1.0,38,7,3.6063909756214283,0.4601851393854805,0.8392663527095795,0.6807692307692308,2.139581216476716E8,0cd29392b9298e8b8cd969559eadabf83d38e58f16f1ade83996d2e8401871f7,0cd29392b9298e8b8cd969559eadabf83d38e58f16f1ade83996d2e8401871f7
DISTRICT,INCHEON,남동구,NATURE_ECOLOGY,WATERFRONT,3,70,1.0,NATIONWIDE_TYPE_VENUE,50,1,1.0,1.0,0.8007643781754199,0.775,1.1042489370146473E8,0a635fe7c95464734d67fcf3eb34fbe1decb151168419235fa06b370eaf0e0c0,d15ac6d9a39932bc8ddd3e8b69679f977d2fc8375122bc753e240dca0afba41f,86,0.7795604353413698,GLOBAL_SIMILARITY,true,0.825,0.875,1.0,50,9,2.231567795265371,0.6516972826182496,0.8436230676568058,0.7875000000000001,1.2169283864130564E8,2b5a7566efa5f926ecbce94caf121f084b06e00004f474f12916d8f5f25ad83b,5c8f1ba7101479823e6999f0695bf2bc798cdb929c262d1f9ded6ad887444217
DISTRICT,INCHEON,부평구,CULTURE_ART,GREEN,3,158,1.0,NATIONWIDE_TYPE_VENUE,50,1,1.0,1.0,0.8394563258587843,0.8250000000000001,4.1268213749133444E8,4214f3c3954d05a920f970ebc6a910e54d165aa212212417de62ae5be5a531b0,cb8f46607c822171f7e8156d61a33fd7135b5f7b39f225e2cba7d76c95a4bea0,164,0.9429468947246941,GLOBAL_SIMILARITY,true,0.95,1.0,1.0,50,7,1.4165058715859498,0.8375957402716044,0.8671272526189794,0.8250000000000001,4.501663835096836E8,5503c3c52ed890b1c8174be1b7040fdefa51a1fd2fff0790645a4bebdf3faf13,6717e15bb796a2037778dd4176f91325b3fa1e7712a18660ffd20b5de4493389
DISTRICT,INCHEON,계양구,COMMUNITY,WATERFRONT,2,29,1.0,NATIONWIDE_TYPE_VENUE,29,1,1.0,1.0,0.8096007148662333,0.6964285714285715,1.3479696894902495E8,d79174673ff7f3466f21cd9adef13feaf0fb2e943028627027b036405e0d7d39,d79174673ff7f3466f21cd9adef13feaf0fb2e943028627027b036405e0d7d39,46,0.5636315042004353,GLOBAL_SIMILARITY,true,0.9,0.9500000000000001,1.0,46,7,2.7844757420205104,0.5636315042004354,0.8598791016424484,0.6964285714285715,1.6443244657784468E8,abb2132807e499b178c6b0e02645368ddd18cf60afca9b3e6dedcb9fccfb6959,abb2132807e499b178c6b0e02645368ddd18cf60afca9b3e6dedcb9fccfb6959
DISTRICT,INCHEON,서구,CULTURE_ART,WATERFRONT,7,90,1.0,NATIONWIDE_TYPE_VENUE,50,1,1.0,1.0,0.7875890572946789,0.75,4.0569917905642253E8,c348e29400ebe021db666e856fec31595170b0090866fe06d013a15bb05b35e1,97413ac4785ba3e0bc5821b511d280c1a79c0a3c5a0c75d0ac8ff628e6452162,96,0.8967647521445514,GLOBAL_SIMILARITY,true,0.9333333333333333,0.9833333333333334,1.0,50,5,1.4665660416859925,0.820301848537674,0.829558420861669,0.75,4.2575711327416325E8,7c5c9bdb10b0ab410cba8b55fa81023bd84d973fe5e4cbe139445d5ce19a99a8,768c45464877b5530ba2ba2a9cead355ee6892b2ce42f1a0be7477e1e0c9281b
DISTRICT,GWANGJU,-,CULTURE_ART,GREEN,10,22,1.0,SAME_DISTRICT_TYPE_VENUE,22,1,1.0,1.0,0.9311849154861528,0.8772727272727273,5.867988711264049E8,18bbc95a56c08716c30138b18cee787180517213b515ecff6b064cd04416ce0d,18bbc95a56c08716c30138b18cee787180517213b515ecff6b064cd04416ce0d,111,0.4260690812644432,NATIONWIDE_TYPE,true,0.95,1.0,1.0,50,4,1.7289073305670815,0.06,1.0,1.0,3.8642780285578865E8,4aa60eb453c0814c3c51c1017b319b288040f1a0fb51c2f4ed2b1a74b7305f38,e6d87cf8485cb75663ad208d3ab32239d09073826204d5b33c5989a69778cc2e
DISTRICT,GWANGJU,-,CULTURE_ART,VILLAGE,12,39,1.0,NATIONWIDE_TYPE_VENUE,39,1,1.0,1.0,0.7580679473468969,0.7041044776119404,2.2584591262400278E8,35666bd283d687af38fec7347887732ca0983e78f887177a0dbce730a02f799c,35666bd283d687af38fec7347887732ca0983e78f887177a0dbce730a02f799c,128,0.4148240520862193,NATIONWIDE_TYPE,true,0.95,1.0,1.0,50,4,1.572327044025157,0.02,1.0,1.0,3.745444584264661E8,435f5e2b321abfcfd4b734e396db13e934791a351b43122eaec1475a88429a9b,60fe82bbc779a67d8c459465bb7c84fbac357a0182dbf6d712f63800bcbef969
DISTRICT,GWANGJU,-,CULTURE_ART,INDEPENDENT,4,76,1.0,NATIONWIDE_TYPE_VENUE,50,1,1.0,1.0,0.8499259448016119,0.765,4.2612291072882813E8,8d3227fce5057e121afb1463f7003206e6d03aae5ceffb834860623ae7d9b164,d89dda939693e5bc7a1e018b021a55c92f4b0ee464a83cc9ca8f60f089b79515,165,0.359975812829819,NATIONWIDE_TYPE,true,0.95,1.0,1.0,50,4,1.7289073305670815,0.06,1.0,1.0,3.707374008341698E8,7d770de8d7dee403d066c1bb00972e0cf7c36d1ed3820c69f7fbf99ec64e880c,ff6eb7c0deac897ae0b2e4ebd9df4ca6c53a290ba00e0631c4d9397c661e76e2
DISTRICT,GWANGJU,-,CULTURE_ART,INDEPENDENT,73,76,1.0,NATIONWIDE_TYPE_VENUE,50,1,1.0,1.0,0.771379375715697,0.6831081081081082,5.957966481532285E8,8d3227fce5057e121afb1463f7003206e6d03aae5ceffb834860623ae7d9b164,4ffde654709e98cb22f7cba0b5d79c5cd42bae1f20a4b86b50eff68f72165648,165,0.3556732717374105,NATIONWIDE_TYPE,true,0.95,1.0,1.0,50,4,1.6490765171503956,0.04,1.0,1.0,3.707374008341698E8,7d770de8d7dee403d066c1bb00972e0cf7c36d1ed3820c69f7fbf99ec64e880c,d51d401738b04153c62e63edfe155b2ba1d62b37e44602bdf98897588b2ab04e
DISTRICT,GWANGJU,-,CULTURE_ART,INDEPENDENT,3,76,1.0,NATIONWIDE_TYPE_VENUE,50,1,1.0,1.0,0.855478674309481,0.7875000000000001,3.626111837475356E8,8d3227fce5057e121afb1463f7003206e6d03aae5ceffb834860623ae7d9b164,488d12d11c935b09b5a39c0dbab09951a5011fda5057ab34254e6ef376c474d7,165,0.36412210083521607,NATIONWIDE_TYPE,true,0.95,1.0,1.0,50,4,1.7289073305670815,0.06,1.0,1.0,3.726055249252531E8,7d770de8d7dee403d066c1bb00972e0cf7c36d1ed3820c69f7fbf99ec64e880c,6dd10e6d94a6b5b52c72a08a6e0c1429058d413e4710270afee17d8e7e34d8ac
DISTRICT,GWANGJU,-,LOCAL_SPECIALTY,INDEPENDENT,3,37,1.0,NATIONWIDE_TYPE_VENUE,37,1,1.0,1.0,0.8122389883968578,0.6943548387096775,1.3904766589347133E8,f48a1845e91ccd6df2e6cbb8eff45c61703b96b9de9c78eebb998bf15f66a0a2,f48a1845e91ccd6df2e6cbb8eff45c61703b96b9de9c78eebb998bf15f66a0a2,55,0.572999012938679,GLOBAL_SIMILARITY,true,0.95,1.0,1.0,50,4,2.5735472289368464,0.542418929375933,0.9023885493127325,0.7875000000000001,1.7883873516611877E8,edab7a9d8b0545a3f74f4c7b9736c427ad4d4ca6e5c496ccbb2fd2ea64c63b91,3bd889ee72b54ae530ff847b2e34cebc9dee766cfc74dc5657fc3f9aa6e71b39
DISTRICT,GWANGJU,-,COMMUNITY,INDEPENDENT,17,21,1.0,NATIONWIDE_TYPE_VENUE,21,1,1.0,1.0,0.7473689332725897,0.6916666666666667,1.827287137566408E8,eedf7791ca3d1393402cd8cd68579a82dd4c14bb23bf3bca6d0ba4c78b4feceb,eedf7791ca3d1393402cd8cd68579a82dd4c14bb23bf3bca6d0ba4c78b4feceb,37,0.423075559424224,NATIONWIDE_TYPE,true,0.8583333333333334,0.9083333333333334,1.0,37,4,2.980525155963038,0.4230755594242242,0.8883021843971056,0.6916666666666667,1.5306085762945834E8,d436bba2a68f18cba7af2be321a6796ddf86155792e3863634aa954d7cf070e6,d436bba2a68f18cba7af2be321a6796ddf86155792e3863634aa954d7cf070e6
DISTRICT,GWANGJU,동구,COMMUNITY,VILLAGE,7,20,0.7938621268996021,SAME_REGION_TYPE,20,3,1.5294631180654235,0.7938621268996024,0.7977586353128743,0.7062500000000002,8.203913935406555E7,3828e01691cbb6bbba810a8d71f72656ae024c3eecf53c7483febce86a0b01eb,3828e01691cbb6bbba810a8d71f72656ae024c3eecf53c7483febce86a0b01eb,32,0.4095934720581855,NATIONWIDE_TYPE,true,0.8730769230769231,0.9230769230769231,0.7938621268996021,32,8,4.33856778811737,0.4095934720581854,0.8885663711477779,0.7062500000000002,8.997815768781716E7,a8777edec895227cead48d9b6432be0b6d6579e8ea3d78412e965e6c21a524a9,a8777edec895227cead48d9b6432be0b6d6579e8ea3d78412e965e6c21a524a9
DISTRICT,GWANGJU,동구,CULTURE_ART,VILLAGE,7,39,1.0,NATIONWIDE_TYPE_VENUE,39,1,1.0,1.0,0.758120489243981,0.692910447761194,2.0558276555068657E8,35666bd283d687af38fec7347887732ca0983e78f887177a0dbce730a02f799c,35666bd283d687af38fec7347887732ca0983e78f887177a0dbce730a02f799c,92,0.3267964047018564,SAME_REGION_TYPE,true,0.8423076923076923,0.8923076923076924,1.0,50,9,4.935750873909198,0.03569631790083703,0.937101783115734,0.8755319148936171,5.125917059476788E8,46db68c349c0da8326d8c71f60a723b14b297bf500082ce742d836d3d2242677,00d8cd104d7f386cbd8b3b6c4fc245195980c6db3dcd7e0cccae546e2bf9160f
DISTRICT,GWANGJU,동구,TRADITION_HISTORY,GREEN,2,54,1.0,NATIONWIDE_TYPE_VENUE,50,1,1.0,1.0,0.7996723561041101,0.75,2.5049156674227637E8,925fb91efbfb16db5e571b6b008cb99b6c0a3a167e39edb07bb4c1c2cafda7ae,629b0d4dc3b42373f864c89399bdd4c8d07d01fb74c9a354eae111ad6bfab652,70,0.6840788834492654,GLOBAL_SIMILARITY,true,0.95,1.0,1.0,50,9,2.712234559138186,0.5872474325691401,0.8849602843321022,0.7875000000000001,2.012017098714331E8,9df84cb71937694b2e153bd23ad094dc35e23397ce1de0e2ea3052869e55824f,f70cac9d9f2b82c74cae0ddf8bb245f635a24f339dee5d50ddf748d92ab18be4
DISTRICT,GWANGJU,동구,CULTURE_ART,GREEN,2,158,1.0,NATIONWIDE_TYPE_VENUE,50,1,1.0,1.0,0.8428212787253043,0.8250000000000001,1.7606451342900035E8,4214f3c3954d05a920f970ebc6a910e54d165aa212212417de62ae5be5a531b0,c2c513f915fefdaff97604f876b9831a8b66d48cf98fb24eb1e55a47e4b8f3a0,184,0.7945416509136703,GLOBAL_SIMILARITY,true,0.95,1.0,1.0,50,9,3.9811698200593617,0.4079762879394458,0.9372674579316826,0.8250000000000001,2.40278671158582E8,ae28ad323e314d9ca7bc22d2b028e7286282455e7812528b280a3c6d3f19d65b,c6e51c7b85d3475b782c27f5b36b57709681e5039c863b9c7f1591c1eeb1f1d1
DISTRICT,GWANGJU,동구,CULTURE_ART,GREEN,5,158,1.0,NATIONWIDE_TYPE_VENUE,50,1,1.0,1.0,0.8141703538832858,0.775,3.479286125496951E8,4214f3c3954d05a920f970ebc6a910e54d165aa212212417de62ae5be5a531b0,4b7bfffccc16b881916e10dcaabb05140871b4bc141609ad3e1f89a32694205d,183,0.7900606414816915,GLOBAL_SIMILARITY,true,0.95,1.0,1.0,50,9,3.9133056760531564,0.41209375366585543,0.9349681742419995,0.7941176470588235,4.032161225279201E8,d3b258d0a8592b2e9f90f752bea43c3f937b9719947dad73add926afde6ebb32,c9689324fe7b06489dbca14e35a8cfa354d57a251b7b26240f3026d2c93fc19e
DISTRICT,GWANGJU,서구,NATURE_ECOLOGY,WATERFRONT,9,70,1.0,NATIONWIDE_TYPE_VENUE,50,1,1.0,1.0,0.7818208593740148,0.7200000000000001,2.0716499475295997E8,0a635fe7c95464734d67fcf3eb34fbe1decb151168419235fa06b370eaf0e0c0,f42c1106150f40da9009bfd988d9b76fcc3149dabe72b9db83505bd436baf949,79,0.8332766310490115,GLOBAL_SIMILARITY,true,0.875,0.925,1.0,50,9,1.7126032451653435,0.7586824623919823,0.8303834153163278,0.735,2.052758620887411E8,4083d2366be36fa52024dc5e109c6a6ad47e53922637db4dc6c70c17973a9729,0522a65f187ffcc9b5f21a753a834345a84bb2656408a8a85d4589c2faaf871e
DISTRICT,GWANGJU,서구,COMMUNITY,VILLAGE,3,20,0.8007557503207291,SAME_REGION_TYPE,20,3,1.5065383116409723,0.8007557503207293,0.8343542943791261,0.6907894736842106,6.914535207297753E7,3828e01691cbb6bbba810a8d71f72656ae024c3eecf53c7483febce86a0b01eb,3828e01691cbb6bbba810a8d71f72656ae024c3eecf53c7483febce86a0b01eb,21,0.7458040614035815,GLOBAL_SIMILARITY,true,0.95,1.0,0.8007557503207291,21,4,1.7226348841431514,0.7458040614035816,0.84572169484062,0.6907894736842106,7.920012851769403E7,cd17ee35515064fd2c2f30424fc3283f303210a9a6a79709e19024bec0dbec46,cd17ee35515064fd2c2f30424fc3283f303210a9a6a79709e19024bec0dbec46
DISTRICT,GWANGJU,남구,TRADITION_HISTORY,INDEPENDENT,3,38,1.0,NATIONWIDE_TYPE_VENUE,38,1,1.0,1.0,0.7932669994599485,0.7083333333333334,2.9793542438657093E8,8674a18a77fd59101747b5bfbca30d4351075de073f6e1726ea05249ad86bedb,8674a18a77fd59101747b5bfbca30d4351075de073f6e1726ea05249ad86bedb,252,0.21097849281994258,NATIONWIDE_TYPE,true,0.775,0.8250000000000001,1.0,50,8,2.6403393229055157,0.5795581311852448,0.8541321623975126,0.78125,2.472366694456836E8,b3d105e5b1812049f7395076123216dc1e77c512f5bf02aff4d0e899f2a2634a,ee5272c40fac8b71c6f01744c59556206fb93092b88cdbe3a2e4b073c8ef4eac
DISTRICT,GWANGJU,남구,CULTURE_ART,OTHER,31,70,1.0,NATIONWIDE_TYPE_VENUE,50,1,1.0,1.0,0.7624469926972977,0.6890625,2.897059990964965E8,e2894551a9aade3371c9d134fd015763aa296c0fb24e8191f8fdd46932c4cd77,fb16f453a23ff69796a9c352fd47ea3a05880db3295983ead8d74f17f8907693,97,0.583646862597839,GLOBAL_SIMILARITY,true,0.95,1.0,1.0,50,7,3.9963373646457803,0.35922765808616147,0.9339391607530858,0.7406250000000001,1.807035678635404E8,509bcb9c1bbbc635541fab28e9f4d3d5a23bec4f64a2fbce0e03c028736c4c14,53fd73bec133f61e042cbc483e65d175603a6859c5551f400bc68b0c4c20c4f8
DISTRICT,GWANGJU,광산구,CULTURE_ART,GREEN,2,158,1.0,NATIONWIDE_TYPE_VENUE,50,1,1.0,1.0,0.836648051309466,0.8250000000000001,1.7802800967011252E8,4214f3c3954d05a920f970ebc6a910e54d165aa212212417de62ae5be5a531b0,c2c513f915fefdaff97604f876b9831a8b66d48cf98fb24eb1e55a47e4b8f3a0,160,0.9800025310319723,GLOBAL_SIMILARITY,true,0.95,1.0,1.0,50,3,1.121100249396376,0.9436051625156511,0.8463073536380585,0.8250000000000001,1.798341526195722E8,31fc5cfc58df2c510ab488ddd49ddc08838f8507fff3d18147fb545c9c09876f,7af4c6ab541247bd5b7ffd424e8f8fba8e2a0e31600247a0cfd49b60170b4c5f
DISTRICT,DAEJEON,중구,CULTURE_ART,VILLAGE,11,39,1.0,NATIONWIDE_TYPE_VENUE,39,1,1.0,1.0,0.752585538595467,0.701865671641791,2.1240702296493447E8,35666bd283d687af38fec7347887732ca0983e78f887177a0dbce730a02f799c,35666bd283d687af38fec7347887732ca0983e78f887177a0dbce730a02f799c,77,0.40178497371473315,SAME_REGION_TYPE,true,0.8375,0.8875000000000001,1.0,50,6,4.921280823644253,0.1958772308479066,0.9027875186696048,0.7442307692307693,3.756014210651558E8,c44fe2c58b6eb719bda77109e755a41feddb12f6e4539e339c7c8c6457de4921,e3834a5aa17d92c4aa02d9d936c28a1bedb45b6217e95ef3be05cd9898b3301c
DISTRICT,DAEJEON,유성구,CULTURE_ART,INDEPENDENT,3,76,1.0,NATIONWIDE_TYPE_VENUE,50,1,1.0,1.0,0.810620449679449,0.7875000000000001,3.1256342782983196E8,8d3227fce5057e121afb1463f7003206e6d03aae5ceffb834860623ae7d9b164,205f6b894f11300b9d619a7f22e5b3d496c0d699f24c00682b72594956b744e6,129,0.5071206229676685,GLOBAL_SIMILARITY,true,0.8666666666666667,0.9166666666666667,1.0,50,9,6.088450863574437,0.03815922402158354,0.9380827611463415,0.8906250000000001,4.284079406179601E8,d1b3d5a8576f0de751675c2cc7b74c0bf1145d48fda111212f9737a6a3286c9e,e23e9cf9941cad5d87239079abb4058dc01919f68d1a85a18aaef352f542df35
DISTRICT,DAEJEON,동구,COMMUNITY,WATERFRONT,3,29,1.0,NATIONWIDE_TYPE_VENUE,29,1,1.0,1.0,0.8304322085336086,0.7035714285714286,1.713216107208705E8,d79174673ff7f3466f21cd9adef13feaf0fb2e943028627027b036405e0d7d39,d79174673ff7f3466f21cd9adef13feaf0fb2e943028627027b036405e0d7d39,37,0.7092468586850569,GLOBAL_SIMILARITY,true,0.95,1.0,1.0,37,4,1.8608998885824193,0.7092468586850568,0.8797345765682991,0.7035714285714286,1.595524989293106E8,777eef98357086994f975084deb579a751ec90b4812fbc604d69ba4960a53507,777eef98357086994f975084deb579a751ec90b4812fbc604d69ba4960a53507
DISTRICT,DAEJEON,동구,CULTURE_ART,VILLAGE,26,39,1.0,NATIONWIDE_TYPE_VENUE,39,1,1.0,1.0,0.7342491583913818,0.6916666666666667,2.2361311441482016E8,35666bd283d687af38fec7347887732ca0983e78f887177a0dbce730a02f799c,35666bd283d687af38fec7347887732ca0983e78f887177a0dbce730a02f799c,73,0.40744489882660306,SAME_REGION_TYPE,true,0.8861702127659575,0.9361702127659576,1.0,50,6,4.298996780105005,0.24205717355267659,0.9024470945116491,0.6972222222222223,3.6178506810579187E8,d806b3800883d4e93176feaf539554814d0bd47bd1daf434c08016f232d6c451,9e2c8cbb63ef8c3e0c0191b503aa4b81527d3da1dc91f1caf6d72e2707b24a6e
DISTRICT,DAEJEON,동구,CULTURE_ART,GREEN,2,158,1.0,NATIONWIDE_TYPE_VENUE,50,1,1.0,1.0,0.8465338720740043,0.8250000000000001,1.9642027471462044E8,4214f3c3954d05a920f970ebc6a910e54d165aa212212417de62ae5be5a531b0,6f7e4c8329624da9d0e4d96cb24bba8824a164270d916bbf5782d618fdd1e139,184,0.7958671590222111,GLOBAL_SIMILARITY,true,0.95,1.0,1.0,50,9,3.946322663797701,0.4121233666835248,0.9396534747351659,0.8250000000000001,2.5541510638188294E8,ae28ad323e314d9ca7bc22d2b028e7286282455e7812528b280a3c6d3f19d65b,d1a2d92964624654156b3cf380b011a01e9918df4876af6cf2f6abc1f7ec4c5f
DISTRICT,DAEJEON,동구,COMMUNITY,WATERFRONT,9,29,1.0,NATIONWIDE_TYPE_VENUE,29,1,1.0,1.0,0.7729081250660875,0.7050000000000001,2.0740073075888288E8,d79174673ff7f3466f21cd9adef13feaf0fb2e943028627027b036405e0d7d39,d79174673ff7f3466f21cd9adef13feaf0fb2e943028627027b036405e0d7d39,43,0.5636200902462468,GLOBAL_SIMILARITY,true,0.86,0.91,1.0,43,6,2.721950045232562,0.5636200902462467,0.859115317637214,0.7050000000000001,1.49609760627299E8,b5256ab30b3bca990e3144a3ce29b64ab09a66820935ef1588a7921c965eeaa3,b5256ab30b3bca990e3144a3ce29b64ab09a66820935ef1588a7921c965eeaa3
DISTRICT,DAEJEON,중구,CULTURE_ART,GREEN,3,158,1.0,NATIONWIDE_TYPE_VENUE,50,1,1.0,1.0,0.8537103587020938,0.8250000000000001,4.021880346632034E8,4214f3c3954d05a920f970ebc6a910e54d165aa212212417de62ae5be5a531b0,934fc73ed12024e554ee9e3013fcfc59fa6cdad92711e708f3c52d6851d662bb,246,0.5372860225785966,GLOBAL_SIMILARITY,true,0.95,1.0,1.0,50,9,6.544502617801046,0.02,1.0,1.0,1.083615705396563E8,a15fdb74c490ca5f39b17ba2e6671e71edb27d95509ec51daa4bc953d1f3b8c7,9b00b7e7193e3734557ac97f877b36aef19d0133c765975ba65a69b70170feb0
DISTRICT,DAEJEON,중구,CULTURE_ART,VILLAGE,14,39,1.0,NATIONWIDE_TYPE_VENUE,39,1,1.0,1.0,0.746430497471551,0.7050000000000001,2.1493374872875124E8,35666bd283d687af38fec7347887732ca0983e78f887177a0dbce730a02f799c,35666bd283d687af38fec7347887732ca0983e78f887177a0dbce730a02f799c,77,0.3994439223893356,SAME_REGION_TYPE,true,0.8300000000000001,0.8800000000000001,1.0,50,6,4.883684274983353,0.19545950143026644,0.8995251455095543,0.7475806451612904,3.809682014199333E8,c44fe2c58b6eb719bda77109e755a41feddb12f6e4539e339c7c8c6457de4921,39e53313f6a8a1e260f73d0d0419d6145f32ac6d77db8002b5f848fac3eb666e
DISTRICT,DAEJEON,중구,TRADITION_HISTORY,OTHER,3,22,1.0,NATIONWIDE_TYPE_VENUE,22,1,1.0,1.0,0.8032723035252946,0.7295454545454546,2.2331049229579338E8,3d535e023c473017fdda8ada497fd3aeb9dbae27b046a7bdeb89e40249781229,3d535e023c473017fdda8ada497fd3aeb9dbae27b046a7bdeb89e40249781229,62,0.2671628710727727,NATIONWIDE_TYPE,true,0.92,0.9700000000000001,1.0,50,9,8.326397315875372,0.1523503568548,0.9598779073218577,0.7941176470588235,2.5995616505431795E8,e9fa9ed1a7360206b8cc1b9c33695f4bdd1e27798fa2ceae398958b5a4c24b2b,9cd7d3f5c60fe8fb508e0fa394861f76f8c24d5b2fab8a69ef8865fa776ed9d7
DISTRICT,DAEJEON,중구,CULTURE_ART,OTHER,4,70,1.0,NATIONWIDE_TYPE_VENUE,50,1,1.0,1.0,0.8095047426915026,0.765,2.5252181303651047E8,e2894551a9aade3371c9d134fd015763aa296c0fb24e8191f8fdd46932c4cd77,476677a76a99639e599a0b9e720b6afecc33f211b8918d4fc9fb40193cdbb5c9,194,0.27390114290501016,NATIONWIDE_TYPE,true,0.92,0.9700000000000001,1.0,50,7,4.310344827586206,0.16,1.0,1.0,1.0735148147534439E8,3168af06867d543fcddfffdb3095ba3a0dab8fd5cbc47079caeb5960ee1576df,dc898ceb06ad2d90f7768c8da179f49952c890dde591e7da977c57e8e260e0a0
DISTRICT,DAEJEON,서구,CULTURE_ART,GREEN,3,158,1.0,NATIONWIDE_TYPE_VENUE,50,1,1.0,1.0,0.8434878129863808,0.8250000000000001,4.127273792533686E8,4214f3c3954d05a920f970ebc6a910e54d165aa212212417de62ae5be5a531b0,44ce1b38619383bda8e565eae8b87d68abcec212abd232a7a4ba261ac4500a38,171,0.886165261624801,GLOBAL_SIMILARITY,true,0.95,1.0,1.0,50,9,2.1299227101874543,0.6737063514342306,0.8965530556028684,0.8250000000000001,4.303987385981291E8,da6d569259e3133321e8d747b6ac7631df81727e4bfcdaf12548a31e14d6677f,d75886cb15d4590b6bc8ef8f4635bfc5055ff26ac5de5a1fe9df4fa862ba4c62
DISTRICT,DAEJEON,서구,COMMUNITY,GREEN,3,41,1.0,NATIONWIDE_TYPE_VENUE,41,1,1.0,1.0,0.7868931244337506,0.6907894736842106,1.4775965363626945E8,2e791c1fbe39f5acd2e443473c32520423f6131ee59cef2b016af5dfdade83f7,2e791c1fbe39f5acd2e443473c32520423f6131ee59cef2b016af5dfdade83f7,127,0.3438761228588286,NATIONWIDE_TYPE,true,0.775,0.8250000000000001,1.0,50,7,1.9629747232179318,0.6981168653519891,0.8407833376690798,0.7875000000000001,1.4127488385547864E8,8a6ac00cc4ecaaa8ac738e3512a1d1d3df91fae99380cbbe3603bdc8bac1f400,d91cb7969ea356f70c9cde822eab66fc75ee4787ffce496865f606191de57e5d
DISTRICT,DAEJEON,서구,NATURE_ECOLOGY,GREEN,2,88,1.0,NATIONWIDE_TYPE_VENUE,50,1,1.0,1.0,0.8102983216072511,0.765,8.981128770776106E7,dc459aca48974424d1e63cba2ca3e5c0d723e32a3a4724a75d28d13eea8c5f69,235f2deb1c8b78c4800f8ddd1d8c99f06258e8b465562f15290165a37ea569b5,93,0.9140560929609564,GLOBAL_SIMILARITY,true,0.95,1.0,1.0,50,5,1.3481356414722323,0.857932039683781,0.8395454595456663,0.775,9.029766165905751E7,b0741d3a35277be6a42188fea678492afeaa997ba1da3115945d7fd8b7df4706,ce4ae15d8bee376988073820e34b79259228ff37819c6f689ae3d77fcb33addd
DISTRICT,DAEJEON,유성구,CULTURE_ART,GREEN,3,158,1.0,NATIONWIDE_TYPE_VENUE,50,1,1.0,1.0,0.8462636339299083,0.8250000000000001,4.1040922691044897E8,4214f3c3954d05a920f970ebc6a910e54d165aa212212417de62ae5be5a531b0,44ce1b38619383bda8e565eae8b87d68abcec212abd232a7a4ba261ac4500a38,167,0.9173997885692866,GLOBAL_SIMILARITY,true,0.95,1.0,1.0,50,5,1.6624651284919183,0.7654367631721243,0.8857192642901143,0.8250000000000001,4.069253276846265E8,a7d58df938ae759325eb8f3631699d5e6654aa529387e8a7454d092d4748af4f,7113c96ae9463be9bd58015dc60c5126b088bf0468b24249abe636b6ab168884
DISTRICT,DAEJEON,유성구,NATURE_ECOLOGY,GREEN,16,88,1.0,NATIONWIDE_TYPE_VENUE,50,1,1.0,1.0,0.7741948483389257,0.7161290322580646,1.8932972770302075E8,dc459aca48974424d1e63cba2ca3e5c0d723e32a3a4724a75d28d13eea8c5f69,edc78ca9acec761cad8ce75fb6f7a76108870619a47562dfcabcebc2512fd783,99,0.8476331648945115,GLOBAL_SIMILARITY,true,0.7852941176470588,0.8352941176470589,1.0,50,8,1.8101223027436977,0.7333399198601214,0.8161162967881604,0.7455882352941177,1.6410753114018086E8,8595173520f1adac28339afd142d91a2006c3f12921073f97bd1b7efa9c2221b,c547e5cd2b699f6d6fd928ff91473a55a4d1d471844d818a85c3281f96ddd8d9
DISTRICT,DAEJEON,대덕구,CULTURE_ART,GREEN,15,158,1.0,NATIONWIDE_TYPE_VENUE,50,1,1.0,1.0,0.7874840207735031,0.721875,4.7907611446475893E8,4214f3c3954d05a920f970ebc6a910e54d165aa212212417de62ae5be5a531b0,1bf693b745ea51e897611eb48b6ab4dbc9841f0e4ca6f0c19810d214373c486f,193,0.7351722092187076,GLOBAL_SIMILARITY,true,0.8833333333333333,0.9333333333333333,1.0,50,6,4.441677359672886,0.255878669554698,0.9108061726205039,0.7941176470588235,4.264127622618382E8,22c615536aa0eb7e22760d1dda4f87eb2faeb641ded7c3ff1c301a38162968ad,555edf8fc0fa90e955f9a620ec12b83f5d2e60f8cd3fdee9003185f86e1cd6ce
DISTRICT,DAEJEON,대덕구,CULTURE_ART,VILLAGE,6,39,1.0,NATIONWIDE_TYPE_VENUE,39,1,1.0,1.0,0.7656438736250508,0.6906716417910448,2.0356816479381526E8,35666bd283d687af38fec7347887732ca0983e78f887177a0dbce730a02f799c,35666bd283d687af38fec7347887732ca0983e78f887177a0dbce730a02f799c,45,0.7912809500788458,GLOBAL_SIMILARITY,true,0.95,1.0,1.0,45,5,1.5666507157838658,0.7912809500788459,0.8137748725633231,0.6906716417910448,2.2211253364187348E8,7cdf7191b95cba208a80660dd0a4948d4a4733661354b878c89e5e13d7c363b2,7cdf7191b95cba208a80660dd0a4948d4a4733661354b878c89e5e13d7c363b2
DISTRICT,DAEJEON,대덕구,NATURE_ECOLOGY,GREEN,2,88,1.0,NATIONWIDE_TYPE_VENUE,50,1,1.0,1.0,0.8100614981820249,0.765,8.988069333868563E7,dc459aca48974424d1e63cba2ca3e5c0d723e32a3a4724a75d28d13eea8c5f69,235f2deb1c8b78c4800f8ddd1d8c99f06258e8b465562f15290165a37ea569b5,102,0.805610568096266,GLOBAL_SIMILARITY,true,0.9125000000000001,0.9625000000000001,1.0,50,7,2.2079512977425346,0.6565294736490525,0.8650287426722066,0.7875000000000001,9.314373819547205E7,4f156a2c7881408ede5bddead52fa5111ee81551df527e8fc4a2d9aa5f9b69b3,15f70e9ec96cdde5f9ab7794eae94114f8c03f28e7b0e9ee94b82784520de475
DISTRICT,DAEJEON,유성구,CULTURE_ART,INDEPENDENT,11,76,1.0,NATIONWIDE_TYPE_VENUE,50,1,1.0,1.0,0.7612723153803762,0.7250000000000001,5.59072240965094E8,8d3227fce5057e121afb1463f7003206e6d03aae5ceffb834860623ae7d9b164,bdfc9405b19da5fc86b9084fa8b2b0ddd376bcec1ab304ee9a68485b7073db1a,113,0.5601814457462883,GLOBAL_SIMILARITY,true,0.9125000000000001,0.9625000000000001,1.0,50,6,4.804839337686753,0.2085095988180482,0.9177403040005968,0.7808823529411765,4.217052144122504E8,0ae79c574c0a485f302e314a1adff62128c4bfe8a2778701fb85adb04d9c5ef4,6fdc1edc2446604b9636064dbe16a63b2243f62b43f9b98c26ab898fb351d909
DISTRICT,DAEJEON,동구,TRADITION_HISTORY,GREEN,2,54,1.0,NATIONWIDE_TYPE_VENUE,50,1,1.0,1.0,0.8056445477019188,0.75,2.470989031173937E8,925fb91efbfb16db5e571b6b008cb99b6c0a3a167e39edb07bb4c1c2cafda7ae,629b0d4dc3b42373f864c89399bdd4c8d07d01fb74c9a354eae111ad6bfab652,70,0.6867297531245633,GLOBAL_SIMILARITY,true,0.95,1.0,1.0,50,9,2.680556434712598,0.5913439029387343,0.8887568993845064,0.7875000000000001,1.9021277971868005E8,9df84cb71937694b2e153bd23ad094dc35e23397ce1de0e2ea3052869e55824f,c5bcadf60514b679c74e9f7a1d2bea5fae21e494a0eec32d82a79dcc21202b39
DISTRICT,ULSAN,-,COMMUNITY,WATERFRONT,4,29,1.0,NATIONWIDE_TYPE_VENUE,29,1,1.0,1.0,0.7974835090877073,0.7107142857142857,1.828472818993067E8,d79174673ff7f3466f21cd9adef13feaf0fb2e943028627027b036405e0d7d39,d79174673ff7f3466f21cd9adef13feaf0fb2e943028627027b036405e0d7d39,50,0.47794346889166145,NATIONWIDE_TYPE,true,0.89,0.9400000000000001,1.0,50,5,3.023132918146709,0.47794346889166145,0.890780743094339,0.7107142857142857,1.6006639418508422E8,f6e6bf8dfd89f8d25279718203f61a848c0401124bbe02a28879812d3f135ba7,f6e6bf8dfd89f8d25279718203f61a848c0401124bbe02a28879812d3f135ba7
DISTRICT,ULSAN,-,NATURE_ECOLOGY,GREEN,5,88,1.0,NATIONWIDE_TYPE_VENUE,50,1,1.0,1.0,0.8302668112646634,0.7568181818181818,1.6860554581969616E8,dc459aca48974424d1e63cba2ca3e5c0d723e32a3a4724a75d28d13eea8c5f69,930d5386ce72fbf4db638b438d9be8aff7560612492a85c79e492c53f1d5e3b2,115,0.6690530440451147,GLOBAL_SIMILARITY,true,0.95,1.0,1.0,50,3,2.9494829920017613,0.39364899549878285,0.9535343909311329,0.7941176470588235,1.4097721108952492E8,3976743d724fed4106bb62117960a19e15b49f61257ce4407dad30f10d415a6f,f28bfbcd4735745182c7bcfa1550613c539c6ed6187d3aa407cb6870f5714dde
DISTRICT,ULSAN,-,NATURE_ECOLOGY,WATERFRONT,2,70,1.0,NATIONWIDE_TYPE_VENUE,50,1,1.0,1.0,0.8093754882103761,0.75,9.120991984973608E7,0a635fe7c95464734d67fcf3eb34fbe1decb151168419235fa06b370eaf0e0c0,cdcc13633146adab08e202ec00db40bd8657e1b7d1ed80b2e03f5cedae29d2a3,97,0.6121633078137904,GLOBAL_SIMILARITY,true,0.95,1.0,1.0,50,3,2.977908875452919,0.3716476300991146,0.9397326110245531,0.7941176470588235,1.0886569788311708E8,804017b76c96eaaa53cb5c005b76645990d7282885cffcfa469ae068481effb8,ca8bf379b5b429b577c4bd0c9957acdf28bdcd1fe57133fa88c527da59674366
DISTRICT,ULSAN,-,NATURE_ECOLOGY,GREEN,2,88,1.0,NATIONWIDE_TYPE_VENUE,50,1,1.0,1.0,0.8474114505335324,0.775,9.040478079855366E7,dc459aca48974424d1e63cba2ca3e5c0d723e32a3a4724a75d28d13eea8c5f69,da6cbb8bdac5e85f5602bd8d54e85316ca03955a040fee47e91702637da16d38,115,0.671057282594286,GLOBAL_SIMILARITY,true,0.95,1.0,1.0,50,3,2.9359001274169687,0.4018036519385807,0.9581579459851178,0.8250000000000001,1.1174082839383514E8,3976743d724fed4106bb62117960a19e15b49f61257ce4407dad30f10d415a6f,1ab07b16cc3459047d47da93d0e1c67f3a6652e3e4c0e16068e778e3012b8360
DISTRICT,ULSAN,-,NATURE_ECOLOGY,GREEN,3,88,1.0,NATIONWIDE_TYPE_VENUE,50,1,1.0,1.0,0.849007355096449,0.7875000000000001,1.1887815823517598E8,dc459aca48974424d1e63cba2ca3e5c0d723e32a3a4724a75d28d13eea8c5f69,fde4b489532785a12201577daa73a3eb3e90b1baf2699970af9a090bb655ea6a,115,0.6741817532182188,GLOBAL_SIMILARITY,true,0.95,1.0,1.0,50,3,2.9340017017677797,0.4028724978874611,0.9590168078104792,0.8250000000000001,1.4088245637186408E8,3976743d724fed4106bb62117960a19e15b49f61257ce4407dad30f10d415a6f,ee88546bf39687978d13fbf759b7f73def758e29478fbecec8a2c9a2dcce120d
DISTRICT,ULSAN,-,CULTURE_ART,GREEN,3,22,1.0,SAME_DISTRICT_TYPE_VENUE,22,1,1.0,1.0,0.9408981564435182,0.8639534883720931,4.7186860879421586E8,18bbc95a56c08716c30138b18cee787180517213b515ecff6b064cd04416ce0d,18bbc95a56c08716c30138b18cee787180517213b515ecff6b064cd04416ce0d,111,0.4244970247748358,NATIONWIDE_TYPE,true,0.95,1.0,1.0,50,4,1.4619883040935675,0.08,1.0,1.0,3.707517603043549E8,4aa60eb453c0814c3c51c1017b319b288040f1a0fb51c2f4ed2b1a74b7305f38,02c9088b5d4acbd7f688b6ce966864d29dd0f5130b95ca96d56eb8cc76136a0d
DISTRICT,ULSAN,-,CULTURE_ART,UNDECIDED,2,88,0.2777567182423977,SAME_REGION_TYPE,50,9,7.040606134472631,0.10991486144926532,0.939602218009954,0.8906250000000001,3.297892489735902E8,863f0007a6dfe50e7324eb05139ab10fc8f7c3bf99b691d6f9224270a8530aa3,62e4a139650e5d746de1e83834ca7fada07be34f687199d799acf3eeb4c60521,88,0.2777567182423977,SAME_REGION_TYPE,false,-Infinity,NaN,NaN,50,9,7.040606134472631,0.10991486144926532,0.939602218009954,0.8906250000000001,3.297892489735902E8,863f0007a6dfe50e7324eb05139ab10fc8f7c3bf99b691d6f9224270a8530aa3,62e4a139650e5d746de1e83834ca7fada07be34f687199d799acf3eeb4c60521
DISTRICT,ULSAN,-,CULTURE_ART,WATERFRONT,5,90,1.0,NATIONWIDE_TYPE_VENUE,50,1,1.0,1.0,0.8110428703538446,0.775,4.7450570204715234E8,c348e29400ebe021db666e856fec31595170b0090866fe06d013a15bb05b35e1,665ddd701bf2c121c7b7ac52cf366f83473ad1ab1fe1b75e4178b83f0d7dad9a,211,0.32074672009372873,NATIONWIDE_TYPE,true,0.9,0.9500000000000001,1.0,50,3,1.226692836113837,0.06,1.0,1.0,3.2152079847149545E8,67747648dcf7479bca0d0652adcee747ed293d58755bca33fa139264b7b3dcc6,c3cdb7eba9bacabe21590782acdc2a1d76beace583e3694e397d7c3837857b2d
DISTRICT,ULSAN,-,LOCAL_SPECIALTY,WATERFRONT,2,71,1.0,NATIONWIDE_TYPE_VENUE,50,1,1.0,1.0,0.8320187868390384,0.7875000000000001,9.991347082567294E7,423ef67fb8d8ce3b4c72bcaeeff7f273fce5f5c7748615ef99cbb399498ea8e6,1a8061bc27e46f4e66e262343be1982c5e07ed7a562f79a269c5eaa304e859b5,89,0.7167190144359987,GLOBAL_SIMILARITY,true,0.95,1.0,1.0,50,4,2.494286028862561,0.560106166964411,0.9179669406450964,0.7941176470588235,1.3543333675991637E8,a8b091cb9ce987a5af9f3784783e3ed81285dc304cab575d6da289843c7a6d8b,c4189326b9fa03aa032155722e29ab598af806f816d23b17098f1e9b99cc6e3f
DISTRICT,ULSAN,중구,TRADITION_HISTORY,WATERFRONT,3,31,1.0,NATIONWIDE_TYPE_VENUE,31,1,1.0,1.0,0.7984694381599139,0.6851694915254237,2.740353063271114E8,c0745607175cb18cadd7e1f4435374983eded73e4a37d3abefd288d57a8daaeb,c0745607175cb18cadd7e1f4435374983eded73e4a37d3abefd288d57a8daaeb,66,0.3631800896583875,NATIONWIDE_TYPE,true,0.95,1.0,1.0,50,9,7.388514952476984,0.2304008550921238,0.9523821490408146,0.7941176470588235,2.8149729899809164E8,44eb81b6ce660a1920a6bca65091ee7e68e812e385f002bdbb89336b57ce3cd9,46e8e357b9808c7b66bc613658da99e32ff6b93db954c901d22c2c45e5da1291
DISTRICT,ULSAN,중구,CULTURE_ART,WATERFRONT,2,90,1.0,NATIONWIDE_TYPE_VENUE,50,1,1.0,1.0,0.8205308484763091,0.7875000000000001,2.0593957405085585E8,c348e29400ebe021db666e856fec31595170b0090866fe06d013a15bb05b35e1,e76c1196abc76009fd9272a21eaf889cc7aea2c9150dd171f888622bd8d562df,211,0.32317888655425736,NATIONWIDE_TYPE,true,0.9,0.9500000000000001,1.0,50,8,6.2189054726368145,0.02,1.0,1.0,1.1683331594314842E8,2ed7f0a957d202618ae3bb4ed1e4826fcfffaabe310838191d09b5ff1f6a7207,8267854db726f27be04c098df4651297507bf274e3bc6f43909ab8ee96a774c4
DISTRICT,ULSAN,중구,COMMUNITY,OTHER,4,25,0.44031230695222895,SAME_REGION_TYPE,25,6,3.630754863379439,0.4403123069522291,0.8785809866501665,0.6870967741935484,2.3398756233642116E8,7e278e2ac864374b00a07b611722101e053c06139ba31cd2fdf0344533087923,7e278e2ac864374b00a07b611722101e053c06139ba31cd2fdf0344533087923,25,0.44031230695222895,SAME_REGION_TYPE,false,-Infinity,NaN,NaN,25,6,3.630754863379439,0.4403123069522291,0.8785809866501665,0.6870967741935484,2.3398756233642116E8,7e278e2ac864374b00a07b611722101e053c06139ba31cd2fdf0344533087923,7e278e2ac864374b00a07b611722101e053c06139ba31cd2fdf0344533087923
DISTRICT,ULSAN,중구,COMMUNITY,VILLAGE,2,32,0.5358614929992092,SAME_REGION_TYPE,32,6,2.905843452433971,0.5358614929992089,0.8525526395190345,0.6868421052631579,1.3587819298393404E8,0c55d14cc3ff6853144bf0b0e76f7fcb704138dd4d056f6c03d9fbc9221999ec,0c55d14cc3ff6853144bf0b0e76f7fcb704138dd4d056f6c03d9fbc9221999ec,38,0.4231707232479909,NATIONWIDE_TYPE,true,0.95,1.0,0.5358614929992092,38,8,4.081299396855271,0.42317072324799077,0.8835605711720182,0.6868421052631579,1.1254715041601464E8,f0c7295bee9f893c85cf41690a7513ebaaed22edd6f1ef12201bf9ceeb166a82,f0c7295bee9f893c85cf41690a7513ebaaed22edd6f1ef12201bf9ceeb166a82
DISTRICT,ULSAN,중구,CULTURE_ART,VILLAGE,3,39,1.0,NATIONWIDE_TYPE_VENUE,39,1,1.0,1.0,0.7966340893180553,0.683955223880597,1.6433496928567672E8,35666bd283d687af38fec7347887732ca0983e78f887177a0dbce730a02f799c,35666bd283d687af38fec7347887732ca0983e78f887177a0dbce730a02f799c,86,0.3741910672199146,SAME_REGION_TYPE,true,0.9125000000000001,0.9625000000000001,1.0,50,9,6.8907177568355875,0.057977199171789895,0.9312248407874986,0.8250000000000001,3.630595811090364E8,df2ba9bb290f008280cb9fa2cf7a5045a74e352ec918a939803fb1af48ccca2a,e8298c64bcd37f55ef092c2b2771f60230d8ceb139b3fa029ae9cca593e87271
DISTRICT,ULSAN,남구,CULTURE_ART,WATERFRONT,4,90,1.0,NATIONWIDE_TYPE_VENUE,50,1,1.0,1.0,0.8131190603537701,0.765,4.212291090947709E8,c348e29400ebe021db666e856fec31595170b0090866fe06d013a15bb05b35e1,3474e451ecefead2c5d91d5a05459c068681614998a33ac1e3fd6185fe252810,125,0.6143509598108366,GLOBAL_SIMILARITY,true,0.95,1.0,1.0,50,9,5.681173414104712,0.23970848817735527,0.9598715135239038,0.795,2.1456201007785228E8,10cab7767403d951ee6e32176f5eb54bd2a90317f72bb500022816ca0b3f336b,0601dd9f7c870595dbfee363ce5bc2eb8dff335b01505473084c96a4aaf1b9ba
DISTRICT,ULSAN,남구,NATURE_ECOLOGY,VILLAGE,17,48,0.32967121931454146,SAME_REGION_TYPE,48,8,5.100137173529243,0.32967121931454146,0.8405709074310092,0.6666666666666667,2.8226089475800866E8,3b8863ff43821dd828612ce797319f4d9e6b33bcddbab1f9028ca87276941a4d,3b8863ff43821dd828612ce797319f4d9e6b33bcddbab1f9028ca87276941a4d,48,0.32967121931454146,SAME_REGION_TYPE,false,-Infinity,NaN,NaN,48,8,5.100137173529243,0.32967121931454146,0.8405709074310092,0.6666666666666667,2.8226089475800866E8,3b8863ff43821dd828612ce797319f4d9e6b33bcddbab1f9028ca87276941a4d,3b8863ff43821dd828612ce797319f4d9e6b33bcddbab1f9028ca87276941a4d
DISTRICT,ULSAN,남구,CULTURE_ART,WATERFRONT,2,90,1.0,NATIONWIDE_TYPE_VENUE,50,1,1.0,1.0,0.8257584483631885,0.7875000000000001,2.0673272209486893E8,c348e29400ebe021db666e856fec31595170b0090866fe06d013a15bb05b35e1,e76c1196abc76009fd9272a21eaf889cc7aea2c9150dd171f888622bd8d562df,131,0.577250339934536,GLOBAL_SIMILARITY,true,0.95,1.0,1.0,50,9,6.7929538180356825,0.15543845365364772,0.9798574276306158,0.8250000000000001,1.430779909257939E8,5f244e422d7da97d16cf272f97837fed57cfe41232927d3a33b35dfe4dda654b,a3a606461eb46160126419e12f2f0625b8b0ba7f09a2a12d92e5fd939ec361ee
DISTRICT,ULSAN,동구,COMMUNITY,WATERFRONT,3,29,1.0,NATIONWIDE_TYPE_VENUE,29,1,1.0,1.0,0.8344572534521065,0.7035714285714286,1.7053834618807793E8,d79174673ff7f3466f21cd9adef13feaf0fb2e943028627027b036405e0d7d39,d79174673ff7f3466f21cd9adef13feaf0fb2e943028627027b036405e0d7d39,37,0.7113775859429337,GLOBAL_SIMILARITY,true,0.95,1.0,1.0,37,4,1.852195289839101,0.7113775859429337,0.8822366005903967,0.7035714285714286,1.591162019871564E8,777eef98357086994f975084deb579a751ec90b4812fbc604d69ba4960a53507,777eef98357086994f975084deb579a751ec90b4812fbc604d69ba4960a53507
DISTRICT,ULSAN,북구,CULTURE_ART,GREEN,3,158,1.0,NATIONWIDE_TYPE_VENUE,50,1,1.0,1.0,0.8365197448554849,0.8250000000000001,4.013567043908899E8,4214f3c3954d05a920f970ebc6a910e54d165aa212212417de62ae5be5a531b0,1695006e7928c63c2605f0d46a6df77ba2954bead6abed6bdba8eb05da4a9461,174,0.8635544603368291,GLOBAL_SIMILARITY,true,0.95,1.0,1.0,50,8,2.5518127883066346,0.6048506304282504,0.8999844101738222,0.8250000000000001,3.3766753374123806E8,eab6fbdae88deb5f5103cdba570a74cae42447e0ff56ccb82ee99ed90f181b85,480c91afa0580c9e9d58bb87877c7338ac6962030f4302e29f0a8ccbeed8a930
DISTRICT,ULSAN,울주군,LOCAL_SPECIALTY,UNDECIDED,4,2032,0.12624251277636217,NATIONWIDE_TYPE,50,6,3.0695729262643576,0.10294804279483925,0.8256242950843117,0.78125,2.808704927362296E8,3790d929e8b8a2cb28007165bb41ab165da4cf577398d7d9f0798f9ca018d8b2,862e998fd007eabb9a69bfa8c2fa6d659ad53bf456122d0a53c4d2cc97c748ff,2032,0.12624251277636217,NATIONWIDE_TYPE,false,-Infinity,NaN,NaN,50,6,3.0695729262643576,0.10294804279483925,0.8256242950843117,0.78125,2.808704927362296E8,3790d929e8b8a2cb28007165bb41ab165da4cf577398d7d9f0798f9ca018d8b2,862e998fd007eabb9a69bfa8c2fa6d659ad53bf456122d0a53c4d2cc97c748ff
DISTRICT,ULSAN,울주군,LOCAL_SPECIALTY,INDEPENDENT,3,37,1.0,NATIONWIDE_TYPE_VENUE,37,1,1.0,1.0,0.8062433564186293,0.6943548387096775,1.3611774073392126E8,f48a1845e91ccd6df2e6cbb8eff45c61703b96b9de9c78eebb998bf15f66a0a2,f48a1845e91ccd6df2e6cbb8eff45c61703b96b9de9c78eebb998bf15f66a0a2,43,0.7987697597221765,GLOBAL_SIMILARITY,true,0.95,1.0,1.0,43,5,1.540164358544555,0.7987697597221765,0.8452330523619331,0.6943548387096775,1.4338553424194387E8,f6716efaab62fc5c703a4e46e1aa60fec2d053ee27d5ac40b15598d3995136ff,f6716efaab62fc5c703a4e46e1aa60fec2d053ee27d5ac40b15598d3995136ff
DISTRICT,ULSAN,울주군,NATURE_ECOLOGY,WATERFRONT,2,70,1.0,NATIONWIDE_TYPE_VENUE,50,1,1.0,1.0,0.8025391781173946,0.75,8.963424307804616E7,0a635fe7c95464734d67fcf3eb34fbe1decb151168419235fa06b370eaf0e0c0,cdcc13633146adab08e202ec00db40bd8657e1b7d1ed80b2e03f5cedae29d2a3,86,0.7456473244485124,GLOBAL_SIMILARITY,true,0.9,0.9500000000000001,1.0,50,6,2.375465084449706,0.609346957690547,0.8676581097332754,0.7875000000000001,1.0926410502601092E8,b18a1dd83a990992bc882725da58548efdebfcc67d142268f0a662163ec4bf4c,aaea41cc3d98162c9d2f0453995d08d684fc492619e22f202e6a55f0e4240cae
DISTRICT,ULSAN,울주군,CULTURE_ART,WATERFRONT,2,90,1.0,NATIONWIDE_TYPE_VENUE,50,1,1.0,1.0,0.8242657108746116,0.7875000000000001,2.0726521090115005E8,c348e29400ebe021db666e856fec31595170b0090866fe06d013a15bb05b35e1,e76c1196abc76009fd9272a21eaf889cc7aea2c9150dd171f888622bd8d562df,95,0.9165171124200989,GLOBAL_SIMILARITY,true,0.95,1.0,1.0,50,5,1.3454072753123512,0.858891193339198,0.8522807159863852,0.7875000000000001,2.3775257782029277E8,ad0ca5a8fb20774a88aebce5382e25ac3f196dd49dbb756bbb3d43f5aaf371fd,a838ef3307d049818459a5ee9dcb299d3c649faa106780717db7d41eb6101d59
DISTRICT,ULSAN,울주군,CULTURE_ART,INDEPENDENT,5,76,1.0,NATIONWIDE_TYPE_VENUE,50,1,1.0,1.0,0.8002015183127761,0.75,4.691605481150666E8,8d3227fce5057e121afb1463f7003206e6d03aae5ceffb834860623ae7d9b164,e4a696dcaeffabd36c39538ce8788c825ce162b2122d9d59bb5f59325185dd3b,82,0.8845752266697674,GLOBAL_SIMILARITY,true,0.95,1.0,1.0,50,6,1.4551737633491157,0.8248553467928693,0.8398190623125332,0.765,6.233913180125098E8,23adbe51587b87e63f01fc6c7a7d0f5d97cae13462cbe8c0f734ffad10bc42f4,19bc8bda30e1818c756224439d034e8d4d25061d47d2d9d4fc6c71d535173d9f
DISTRICT,ULSAN,울주군,TRADITION_HISTORY,VILLAGE,3,44,0.272344339380944,SAME_REGION_TYPE,44,9,6.881993623216327,0.27234433938094404,0.9108208777931754,0.7295454545454546,4.240850918850494E8,f5aec0c9415d03fde94a230fd568af7f6f6511a44fe8b5b3d01ac8af950a9fb5,f5aec0c9415d03fde94a230fd568af7f6f6511a44fe8b5b3d01ac8af950a9fb5,44,0.272344339380944,SAME_REGION_TYPE,false,-Infinity,NaN,NaN,44,9,6.881993623216327,0.27234433938094404,0.9108208777931754,0.7295454545454546,4.240850918850494E8,f5aec0c9415d03fde94a230fd568af7f6f6511a44fe8b5b3d01ac8af950a9fb5,f5aec0c9415d03fde94a230fd568af7f6f6511a44fe8b5b3d01ac8af950a9fb5
DISTRICT,SEJONG,-,LOCAL_SPECIALTY,OTHER,3,30,1.0,NATIONWIDE_TYPE_VENUE,30,1,1.0,1.0,0.801273071638361,0.6943548387096775,1.2583364221285221E8,d7eb5f5a7795ed75ed648bbe71eacb81a6fe0bd8c57b502eb69efc2e8672ca56,d7eb5f5a7795ed75ed648bbe71eacb81a6fe0bd8c57b502eb69efc2e8672ca56,48,0.5139238676859881,GLOBAL_SIMILARITY,true,0.95,1.0,1.0,48,4,2.698435598354081,0.5139238676859881,0.89786948836303,0.6943548387096775,1.666961218859116E8,f32591449bff55cea3dbd2e7f490638bd505f0bc00e54aa17a39f5b673f5944d,f32591449bff55cea3dbd2e7f490638bd505f0bc00e54aa17a39f5b673f5944d
DISTRICT,SEJONG,-,COMMUNITY,OTHER,2,730,0.15893922938838903,NATIONWIDE_TYPE,50,6,4.313278897054417,0.24701373644903404,0.8870228220138101,0.78125,1.104920145931813E8,fe48b2c6ad625db2bb28c9d9587a75a84ccc82698e13b346487327a1bd15849f,720708757496afee01d7d6a29a06966cfc83c3b9afad25beb16c54cc2c11df0b,730,0.15893922938838903,NATIONWIDE_TYPE,false,-Infinity,NaN,NaN,50,6,4.313278897054417,0.24701373644903404,0.8870228220138101,0.78125,1.104920145931813E8,fe48b2c6ad625db2bb28c9d9587a75a84ccc82698e13b346487327a1bd15849f,720708757496afee01d7d6a29a06966cfc83c3b9afad25beb16c54cc2c11df0b
DISTRICT,SEJONG,-,CULTURE_ART,GREEN,2,22,1.0,SAME_DISTRICT_TYPE_VENUE,22,1,1.0,1.0,0.9357436344340475,0.8604651162790699,4.2547042106228584E8,18bbc95a56c08716c30138b18cee787180517213b515ecff6b064cd04416ce0d,18bbc95a56c08716c30138b18cee787180517213b515ecff6b064cd04416ce0d,111,0.42542111478336947,NATIONWIDE_TYPE,true,0.95,1.0,1.0,50,4,1.3368983957219254,0.08,1.0,1.0,3.294309188598951E8,4aa60eb453c0814c3c51c1017b319b288040f1a0fb51c2f4ed2b1a74b7305f38,6e5f562109c00788b32d9654fdaa135e8f43235c22ac29c96888015b2c0fdb93
DISTRICT,SEJONG,-,LOCAL_SPECIALTY,INDEPENDENT,3,37,1.0,NATIONWIDE_TYPE_VENUE,37,1,1.0,1.0,0.8122389883968578,0.6943548387096775,1.3904766589347133E8,f48a1845e91ccd6df2e6cbb8eff45c61703b96b9de9c78eebb998bf15f66a0a2,f48a1845e91ccd6df2e6cbb8eff45c61703b96b9de9c78eebb998bf15f66a0a2,55,0.572999012938679,GLOBAL_SIMILARITY,true,0.95,1.0,1.0,50,4,2.5735472289368464,0.542418929375933,0.9023885493127325,0.7875000000000001,1.7883873516611877E8,edab7a9d8b0545a3f74f4c7b9736c427ad4d4ca6e5c496ccbb2fd2ea64c63b91,3bd889ee72b54ae530ff847b2e34cebc9dee766cfc74dc5657fc3f9aa6e71b39
DISTRICT,SEJONG,-,CULTURE_ART,GREEN,3,22,1.0,SAME_DISTRICT_TYPE_VENUE,22,1,1.0,1.0,0.9408981564435182,0.8639534883720931,4.7186860879421586E8,18bbc95a56c08716c30138b18cee787180517213b515ecff6b064cd04416ce0d,18bbc95a56c08716c30138b18cee787180517213b515ecff6b064cd04416ce0d,111,0.4244970247748358,NATIONWIDE_TYPE,true,0.95,1.0,1.0,50,4,1.3368983957219254,0.08,1.0,1.0,3.7243614418398404E8,4aa60eb453c0814c3c51c1017b319b288040f1a0fb51c2f4ed2b1a74b7305f38,0222038718b2fcc9c2cd5b6edfe9b069d74d110886d3e9495f0bf64b30fd770a
DISTRICT,SEJONG,-,NATURE_ECOLOGY,INDEPENDENT,5,21,0.8467241830641846,SAME_REGION_TYPE,21,2,1.3505568621076285,0.8467241830641845,0.7997248594088526,0.7250000000000001,9.795229900083205E7,1246d13934872f169161b5263c2b03e106dfd5d5b5793b149aef89b58eca4cce,1246d13934872f169161b5263c2b03e106dfd5d5b5793b149aef89b58eca4cce,46,0.36795266055235176,NATIONWIDE_TYPE,true,0.95,1.0,0.8467241830641846,46,3,2.972240031404854,0.29037701179189307,0.9313173073070828,0.7250000000000001,1.3025387577907334E8,9a08e6fd8241db8312efd55abb5417d71214b57e7e8e879cd7270d0677fdf75d,9a08e6fd8241db8312efd55abb5417d71214b57e7e8e879cd7270d0677fdf75d
DISTRICT,GYEONGGI,수원시,CULTURE_ART,INDEPENDENT,2,22,1.0,SAME_REGION_TYPE_VENUE,22,1,1.0,1.0,0.927811021189992,0.8375,2.2084752756992656E8,84e9da0ba7f3fe028b245586e405e2a03e1e417a7c409ccb098a01a2948c173e,84e9da0ba7f3fe028b245586e405e2a03e1e417a7c409ccb098a01a2948c173e,50,0.4072985453369533,SAME_REGION_TYPE,true,0.95,1.0,1.0,50,9,4.398226967006393,0.40729854533695314,0.96413991016485,0.8375,4.168981458359334E8,6bc8540f3204a97d0d92c87a0c693c00acfd6802c24d2f5c3c15e9efa3d6e722,6bc8540f3204a97d0d92c87a0c693c00acfd6802c24d2f5c3c15e9efa3d6e722
DISTRICT,GYEONGGI,수원시,TRADITION_HISTORY,INDEPENDENT,3,38,1.0,NATIONWIDE_TYPE_VENUE,38,1,1.0,1.0,0.8529921557467847,0.75,2.9480086016799396E8,8674a18a77fd59101747b5bfbca30d4351075de073f6e1726ea05249ad86bedb,8674a18a77fd59101747b5bfbca30d4351075de073f6e1726ea05249ad86bedb,51,0.6765206170462195,GLOBAL_SIMILARITY,true,0.95,1.0,1.0,50,6,2.0882340536064885,0.6719287001482974,0.9026832244036286,0.775,5.141514817014526E8,f444227e1e542caafa1abd67b646587d4dc5607d2ded5de1026850d40b384b64,f9bc383497c43b2e6f961f3945b88388e848ce361e5364c3d005977d88bf3ddf
DISTRICT,GYEONGGI,수원시,CULTURE_ART,GREEN,2,29,1.0,SAME_REGION_TYPE_VENUE,29,1,1.0,1.0,0.9198825364389549,0.8562500000000001,2.3950260894736472E8,66ddf710099067054a5da691f1f789717de9f3ff3d19fc60ef323aad6c8d64f4,66ddf710099067054a5da691f1f789717de9f3ff3d19fc60ef323aad6c8d64f4,57,0.4719573868847074,SAME_REGION_TYPE,true,0.95,1.0,1.0,50,9,4.363966838726032,0.41022183763737263,0.9652953737210588,0.9,4.2841504054942995E8,abe7c56362cae4dd7c7d095efa3a0a00c7340c3a2c4eaa7468b52708a4eacf03,72e7d29cf8d7a92e06a9b5b401478865ff99192b912fc0fdd13ccf6745b03e25
DISTRICT,GYEONGGI,수원시,TRADITION_HISTORY,INDEPENDENT,8,38,1.0,NATIONWIDE_TYPE_VENUE,38,1,1.0,1.0,0.8145347948247411,0.7083333333333334,3.658631695853737E8,8674a18a77fd59101747b5bfbca30d4351075de073f6e1726ea05249ad86bedb,8674a18a77fd59101747b5bfbca30d4351075de073f6e1726ea05249ad86bedb,49,0.6902723051257762,GLOBAL_SIMILARITY,true,0.95,1.0,1.0,49,4,1.9647080140509487,0.6902723051257765,0.8719785053030494,0.7083333333333334,5.65437216538421E8,264162b353b4bff163845f3181f9e589a56df2d6f63447a473346e484b048fcb,264162b353b4bff163845f3181f9e589a56df2d6f63447a473346e484b048fcb
DISTRICT,GYEONGGI,수원시,CULTURE_ART,INDEPENDENT,16,22,1.0,SAME_REGION_TYPE_VENUE,22,1,1.0,1.0,0.8758296857195977,0.8264705882352942,3.628191800764658E8,84e9da0ba7f3fe028b245586e405e2a03e1e417a7c409ccb098a01a2948c173e,84e9da0ba7f3fe028b245586e405e2a03e1e417a7c409ccb098a01a2948c173e,38,0.5109927487014051,GLOBAL_SIMILARITY,true,0.95,1.0,1.0,38,5,2.9942546567784336,0.510992748701405,0.9365498697987404,0.8264705882352942,6.192642981159426E8,d5dac14a240a4ca8862b266df911bc0f598be7f673a67c913b8e906621a1d49a,d5dac14a240a4ca8862b266df911bc0f598be7f673a67c913b8e906621a1d49a
DISTRICT,GYEONGGI,수원시,CULTURE_ART,INDEPENDENT,10,22,1.0,SAME_REGION_TYPE_VENUE,22,1,1.0,1.0,0.8945060835183676,0.8409090909090909,3.3903982990738493E8,84e9da0ba7f3fe028b245586e405e2a03e1e417a7c409ccb098a01a2948c173e,84e9da0ba7f3fe028b245586e405e2a03e1e417a7c409ccb098a01a2948c173e,39,0.5065549884815621,GLOBAL_SIMILARITY,true,0.95,1.0,1.0,39,6,3.094471547207047,0.5065549884815622,0.9465615303517718,0.8409090909090909,5.4183322219001E8,5a575d2f11c2285fdaad1ecf7fb415671705f8ab3286e649725721dc42fbec78,5a575d2f11c2285fdaad1ecf7fb415671705f8ab3286e649725721dc42fbec78
DISTRICT,GYEONGGI,용인시,COMMUNITY,INDEPENDENT,2,21,1.0,NATIONWIDE_TYPE_VENUE,21,1,1.0,1.0,0.8280710101277802,0.7392857142857143,1.453531861746279E8,eedf7791ca3d1393402cd8cd68579a82dd4c14bb23bf3bca6d0ba4c78b4feceb,eedf7791ca3d1393402cd8cd68579a82dd4c14bb23bf3bca6d0ba4c78b4feceb,41,0.4141948134531275,SAME_REGION_TYPE,true,0.95,1.0,1.0,41,9,4.553716978993295,0.4141948134531273,0.928787904112691,0.7392857142857143,9.41432393290986E7,e14f34f1bd237b793c8272f1198aeb852a252fcce46148e262c355d74ba8bdc2,e14f34f1bd237b793c8272f1198aeb852a252fcce46148e262c355d74ba8bdc2
DISTRICT,GYEONGGI,용인시,COMMUNITY,VILLAGE,2,138,0.1529295999182372,SAME_REGION_TYPE,50,9,7.0513444720374405,0.06041596192881236,0.9651966705101606,0.9230769230769231,7.245428948853983E7,df3ce01a048a4a091a22f773765cbab3ca6d4a90606648089f52681d0373e7a0,7a8508474b895e0e7bc11b29af6691e88d1918318dfba082e34cd09d856a114b,138,0.1529295999182372,SAME_REGION_TYPE,false,-Infinity,NaN,NaN,50,9,7.0513444720374405,0.06041596192881236,0.9651966705101606,0.9230769230769231,7.245428948853983E7,df3ce01a048a4a091a22f773765cbab3ca6d4a90606648089f52681d0373e7a0,7a8508474b895e0e7bc11b29af6691e88d1918318dfba082e34cd09d856a114b
DISTRICT,GYEONGGI,용인시,TRADITION_HISTORY,INDEPENDENT,2,38,1.0,NATIONWIDE_TYPE_VENUE,38,1,1.0,1.0,0.8459300586270448,0.75,2.3503185446868163E8,8674a18a77fd59101747b5bfbca30d4351075de073f6e1726ea05249ad86bedb,8674a18a77fd59101747b5bfbca30d4351075de073f6e1726ea05249ad86bedb,50,0.6959343710982714,GLOBAL_SIMILARITY,true,0.95,1.0,1.0,50,8,2.006016213137694,0.6959343710982718,0.8883255144148515,0.75,1.6333448386945066E8,abc648b2210f2ce91fc7e2af77b5900bd80e1975f54f8fa95d6cf386a6e093e0,abc648b2210f2ce91fc7e2af77b5900bd80e1975f54f8fa95d6cf386a6e093e0
DISTRICT,GYEONGGI,용인시,COMMUNITY,GREEN,4,41,1.0,NATIONWIDE_TYPE_VENUE,41,1,1.0,1.0,0.7946153403936926,0.7250000000000001,1.6108969022795942E8,2e791c1fbe39f5acd2e443473c32520423f6131ee59cef2b016af5dfdade83f7,2e791c1fbe39f5acd2e443473c32520423f6131ee59cef2b016af5dfdade83f7,127,0.25655619525519036,SAME_REGION_TYPE,true,0.89,0.9400000000000001,1.0,50,9,5.506540412140113,0.019936319561626163,0.9431258865354448,0.9230769230769231,1.1317657678115739E8,891283f8ab111dfe40f0dd1ab2a11762ea003821b7d25fd1532db172bf05ade2,79fb972ada3b2450f36e880f2b765e9cfb6f353cf6beb3cef1613e5fd36e7730
DISTRICT,GYEONGGI,고양시,CULTURE_ART,INDEPENDENT,10,22,1.0,SAME_REGION_TYPE_VENUE,22,1,1.0,1.0,0.8769408887651595,0.8409090909090909,3.4014842936117107E8,84e9da0ba7f3fe028b245586e405e2a03e1e417a7c409ccb098a01a2948c173e,84e9da0ba7f3fe028b245586e405e2a03e1e417a7c409ccb098a01a2948c173e,248,0.3065151227601306,SAME_REGION_TYPE,true,0.9,0.9500000000000001,1.0,50,9,5.957171719666824,0.08066310656208735,0.9385353419228506,0.9230769230769231,2.713277762014266E8,effa77f7461a5c4b20d8b09f47cce7e90701b438636c40d53c3194f7e3744b96,92d9007508002e8f34e775581e22250db0b107edcb9ee09ea36773f5e5576cc9
DISTRICT,GYEONGGI,화성시,CULTURE_ART,WATERFRONT,4,90,1.0,NATIONWIDE_TYPE_VENUE,50,1,1.0,1.0,0.8198201640586458,0.76875,3.80527932309883E8,c348e29400ebe021db666e856fec31595170b0090866fe06d013a15bb05b35e1,1869e3df01fbb6f55cc4db105d0b0bf8144976f977023e7725fc5aab50fe8f68,372,0.21781641488095058,SAME_REGION_TYPE,true,0.9,0.9500000000000001,1.0,50,9,5.533170367908229,0.0393803393264302,0.946196220368997,0.9230769230769231,3.012250780798744E8,119b1561cfccee372c7a1c79368e3917dc170fc00efab7dbe42433b6b66d8669,81c542b0b701d70083dd7dc1db625df3cdedbe6645fc4e2f6f699bed50111f50
DISTRICT,GYEONGGI,성남시,COMMUNITY,GREEN,46,41,1.0,NATIONWIDE_TYPE_VENUE,41,1,1.0,1.0,0.735402701936483,0.6845744680851065,1.817986873922346E8,2e791c1fbe39f5acd2e443473c32520423f6131ee59cef2b016af5dfdade83f7,2e791c1fbe39f5acd2e443473c32520423f6131ee59cef2b016af5dfdade83f7,99,0.30291420731455415,SAME_REGION_TYPE,true,0.9212765957446809,0.971276595744681,1.0,50,8,3.99869142514773,0.021943766564283436,0.9277131956576353,0.9230769230769231,1.1611110821265951E8,c6cf164e2084ca582de24ef1f22fa832abd3bfa18be341888192c16edcc22379,8ff5e9f07df78a128e997a16960112347709bc3b4363a492c5e91861b0af47fc
DISTRICT,GYEONGGI,부천시,CULTURE_ART,INDEPENDENT,3,22,1.0,SAME_REGION_TYPE_VENUE,22,1,1.0,1.0,0.9173281447065462,0.8352941176470589,2.5707324704970723E8,84e9da0ba7f3fe028b245586e405e2a03e1e417a7c409ccb098a01a2948c173e,84e9da0ba7f3fe028b245586e405e2a03e1e417a7c409ccb098a01a2948c173e,279,0.2695216017604357,SAME_REGION_TYPE,true,0.92,0.9700000000000001,1.0,50,9,7.369025021609955,0.13877940631145516,0.9616119648851033,0.9375000000000001,3.683000704554332E8,cbca155f1dc6571eeff7abcd84dc7f76ee8b09de98ff12a138c3103439a6ddca,94606bc827ef3b14420d8455c8ad62bf46409ab9a6d21bea10b1f1ae0a8859e1
DISTRICT,GYEONGGI,부천시,CULTURE_ART,WATERFRONT,11,90,1.0,NATIONWIDE_TYPE_VENUE,50,1,1.0,1.0,0.8040710095648771,0.7250000000000001,3.9896672696855843E8,c348e29400ebe021db666e856fec31595170b0090866fe06d013a15bb05b35e1,e689b0e39236d12846d247f51d7cfdea12b7db94b507273c81b17a60ed620453,108,0.7458325646233521,GLOBAL_SIMILARITY,true,0.95,1.0,1.0,50,9,2.8559452767196096,0.5521567399996418,0.9060414863731625,0.775,4.4297661022145563E8,63aadb2fb3e50054786a351b02d3b9389d18c63b217da256bfcad444d19ef55f,335b27be77ee9eb8b1201640da30e053e87ff5222ae905a73e03cc2f0717edae
DISTRICT,GYEONGGI,부천시,CULTURE_ART,INDEPENDENT,5,22,1.0,SAME_REGION_TYPE_VENUE,22,1,1.0,1.0,0.9034222605583642,0.8529411764705883,3.0021238649255586E8,84e9da0ba7f3fe028b245586e405e2a03e1e417a7c409ccb098a01a2948c173e,84e9da0ba7f3fe028b245586e405e2a03e1e417a7c409ccb098a01a2948c173e,61,0.3243862448845064,SAME_REGION_TYPE,true,0.925,0.9750000000000001,1.0,50,9,7.809409109441218,0.20298511725509644,0.9684868239959146,0.9,4.629405920643413E8,6946b6bcceeb352b4f80ea5e828a796d4ad028a9ec863c5ee6731283d703624a,d6753225409f3a5cc9dbe65e1cbc324056132083726ad2b7e8111235f1f8830c
DISTRICT,GYEONGGI,부천시,CULTURE_ART,WATERFRONT,6,90,1.0,NATIONWIDE_TYPE_VENUE,50,1,1.0,1.0,0.8114382139282857,0.7607142857142858,3.7103600094667774E8,c348e29400ebe021db666e856fec31595170b0090866fe06d013a15bb05b35e1,c9a3658d10b4a876b6778593f0319acf842df02200c92dbb4befe81345b16d48,120,0.6546645955275229,GLOBAL_SIMILARITY,true,0.9285714285714286,0.9785714285714286,1.0,50,9,5.701457123442161,0.3355535949531995,0.9379013573631801,0.7941176470588235,5.483168276043274E8,f612cbb21cd6a72a579b69f5ecabcd3917ef45b38ecde19310e8996ad1b4fbb1,ddb5260ff402663bed7a101f9d3555814503ca3d94a48401819f33e78d4e5ac8
DISTRICT,GYEONGGI,부천시,CULTURE_ART,GREEN,4,29,1.0,SAME_REGION_TYPE_VENUE,29,1,1.0,1.0,0.90837927581686,0.86,3.143727808029759E8,66ddf710099067054a5da691f1f789717de9f3ff3d19fc60ef323aad6c8d64f4,66ddf710099067054a5da691f1f789717de9f3ff3d19fc60ef323aad6c8d64f4,57,0.4655749039526289,SAME_REGION_TYPE,true,0.95,1.0,1.0,50,9,4.658777023676101,0.4041221478726653,0.9610003713723437,0.89,4.1452696527384406E8,1ae0523397f354db51af8f3a3962cf02779fc58714982e64d270fe05e03cc603,60b244977277d474d4fbbf2c3dc9c8cfa047ccbfab1b9c66ab5b326aa7480906
DISTRICT,GYEONGGI,부천시,COMMUNITY,GREEN,2,41,1.0,NATIONWIDE_TYPE_VENUE,41,1,1.0,1.0,0.8193013064133038,0.7050000000000001,1.2115859016193856E8,2e791c1fbe39f5acd2e443473c32520423f6131ee59cef2b016af5dfdade83f7,2e791c1fbe39f5acd2e443473c32520423f6131ee59cef2b016af5dfdade83f7,130,0.26021155514672195,SAME_REGION_TYPE,true,0.9,0.9500000000000001,1.0,50,7,6.092638183312731,0.061434811075020454,0.9394788925127043,0.9230769230769231,8.262710287637952E7,c957390405a009b2bc87827fcb9e6cb2dae05208f8f17577efbdaf34d4ef0bf0,d118a1aa9de93bef2dbf4d6476397844d1fd9267807d1a22c428615bf9704bce
DISTRICT,GYEONGGI,부천시,CULTURE_ART,INDEPENDENT,4,22,1.0,SAME_REGION_TYPE_VENUE,22,1,1.0,1.0,0.912456910457371,0.8441176470588235,2.8646256691425395E8,84e9da0ba7f3fe028b245586e405e2a03e1e417a7c409ccb098a01a2948c173e,84e9da0ba7f3fe028b245586e405e2a03e1e417a7c409ccb098a01a2948c173e,50,0.3995846561883881,SAME_REGION_TYPE,true,0.95,1.0,1.0,50,9,4.721734807866391,0.3995846561883881,0.9584674820064045,0.8441176470588235,4.016288805453069E8,de9b810f4018b57fe05844d80df584c557eda48e010e5b252fbcf7340da22d89,de9b810f4018b57fe05844d80df584c557eda48e010e5b252fbcf7340da22d89
DISTRICT,GYEONGGI,부천시,NATURE_ECOLOGY,GREEN,2,88,1.0,NATIONWIDE_TYPE_VENUE,50,1,1.0,1.0,0.8207226844398989,0.775,9.968418555015917E7,dc459aca48974424d1e63cba2ca3e5c0d723e32a3a4724a75d28d13eea8c5f69,5c33da951e8913a2d107c748b59eea94afa73c833c2db31adca443c23c3d5353,174,0.41723178330474886,SAME_REGION_TYPE,true,0.9,0.9500000000000001,1.0,50,8,4.820363501483327,0.041115308943336995,0.9381817738665845,0.9230769230769231,1.0335739582912217E8,0ecd39af196aec8c182fdd95120f49c16ac36cb4c145727a9e7f521f25e2b29c,b2c28bb65faa1c9206bf09830d59574c8163f7178d860c07b9c9a5809ed9a386
DISTRICT,GYEONGGI,남양주시,TRADITION_HISTORY,GREEN,2,54,1.0,NATIONWIDE_TYPE_VENUE,50,1,1.0,1.0,0.8055884032484969,0.75,2.5082259813546088E8,925fb91efbfb16db5e571b6b008cb99b6c0a3a167e39edb07bb4c1c2cafda7ae,5bafa8e6f3f22e5a77a4f848f71b985ce03178fbe5ff690b6a5986da8bdcb0b3,160,0.2728295640440715,SAME_REGION_TYPE,true,0.9,0.9500000000000001,1.0,50,8,6.194262673809533,0.020535248391215302,0.9382188139721374,0.9230769230769231,2.7520660571522886E8,cd12570515f01a6417b0989e94d495ccf6800220458c41bb0bbb0c90eb2c0fcb,0c104272f8000a03d9675c8d8816dffc04cd44844254a1547dc25a1edd92b5d6
DISTRICT,GYEONGGI,남양주시,NATURE_ECOLOGY,GREEN,2,88,1.0,NATIONWIDE_TYPE_VENUE,50,1,1.0,1.0,0.8225906422941602,0.775,9.988631747581606E7,dc459aca48974424d1e63cba2ca3e5c0d723e32a3a4724a75d28d13eea8c5f69,5c33da951e8913a2d107c748b59eea94afa73c833c2db31adca443c23c3d5353,90,0.9639102920932946,GLOBAL_SIMILARITY,true,0.95,1.0,1.0,50,3,1.12546153441283,0.9417142644036959,0.8345971242256285,0.7875000000000001,1.0212093623986378E8,c88b4ae7cbf2369a39f73b3113aa86e95a61bbed3ed2cc674d06eeea8f9a64a4,e0727196b1d675624430221a048aab9a949e6a79c3353aefbb4e3a90f95acb51
DISTRICT,GYEONGGI,남양주시,NATURE_ECOLOGY,GREEN,14,88,1.0,NATIONWIDE_TYPE_VENUE,50,1,1.0,1.0,0.795199938967255,0.7250000000000001,2.1392271008369878E8,dc459aca48974424d1e63cba2ca3e5c0d723e32a3a4724a75d28d13eea8c5f69,15c86603ca4e8e6bf28c0abd2a9478af3c5fb1f73a8ccdf3c3588733a27e566b,171,0.4178211911070609,SAME_REGION_TYPE,true,0.875,0.925,1.0,50,8,4.31100186319748,0.020081744916938774,0.9231155418171476,0.9230769230769231,1.402294776324227E8,69da876011eb2ce0031a1feb7ce1658664d1fb5f95c1cf745498808f1e9ea7bc,2ae4f496ad8dc0c59021c35fb3d6242345e6a76a864c74989a2f4f5554ba7ec1
DISTRICT,GYEONGGI,안산시,CULTURE_ART,GREEN,3,29,1.0,SAME_REGION_TYPE_VENUE,29,1,1.0,1.0,0.9276986027690638,0.875,2.790087550950893E8,66ddf710099067054a5da691f1f789717de9f3ff3d19fc60ef323aad6c8d64f4,66ddf710099067054a5da691f1f789717de9f3ff3d19fc60ef323aad6c8d64f4,55,0.5003019318026064,GLOBAL_SIMILARITY,true,0.95,1.0,1.0,50,9,3.9609344069248267,0.45855499482567014,0.9591671599433259,0.875,2.708763146284857E8,261818ee1efb6f3db470318d8a7fb13227ab420d8adb80bf20900a72fe9c3ff5,15aa14e6b1559763c54cee29d571ef11c5bba3faba2b568b0778b01ecc897039
DISTRICT,GYEONGGI,안산시,CULTURE_ART,GREEN,2,29,1.0,SAME_REGION_TYPE_VENUE,29,1,1.0,1.0,0.928442029171437,0.8562500000000001,2.3742799228733993E8,66ddf710099067054a5da691f1f789717de9f3ff3d19fc60ef323aad6c8d64f4,66ddf710099067054a5da691f1f789717de9f3ff3d19fc60ef323aad6c8d64f4,55,0.4931934717350534,SAME_REGION_TYPE,true,0.95,1.0,1.0,50,9,4.039768765186173,0.4518232596995752,0.9676731320985372,0.9,2.3137970104116163E8,261818ee1efb6f3db470318d8a7fb13227ab420d8adb80bf20900a72fe9c3ff5,6dc66d53be24426ccbebedceb30c6f66d5b532436c899552358baa69c9a4b713
DISTRICT,GYEONGGI,안산시,TRADITION_HISTORY,INDEPENDENT,3,38,1.0,NATIONWIDE_TYPE_VENUE,38,1,1.0,1.0,0.8445334032890024,0.75,2.9381485553635633E8,8674a18a77fd59101747b5bfbca30d4351075de073f6e1726ea05249ad86bedb,8674a18a77fd59101747b5bfbca30d4351075de073f6e1726ea05249ad86bedb,143,0.22793475504832486,SAME_REGION_TYPE,true,0.9,0.9500000000000001,1.0,50,9,7.045893897000509,0.06162242297712676,0.938086398546715,0.9230769230769231,3.134455802811694E8,e262e10c92cf24e531140c2d6572108c8283e241ef88e58eb67592a46eb24bb3,3ba3c42ebbe4a2fa9bae25c2abea4cb2b0d217d01bbd7ceef71c50827dfc4ef3
DISTRICT,GYEONGGI,안산시,LOCAL_SPECIALTY,GREEN,2,95,1.0,NATIONWIDE_TYPE_VENUE,50,1,1.0,1.0,0.8238417174790389,0.7875000000000001,1.2686943794968295E8,6f559ff7303a8c2962ebc48f630fcff4006b749cc57f1e138c456575624dd657,2656d26e95af21d67332627efbde1ed97a7bc5f914d402df502183821dd9fa67,193,0.4153370112443943,SAME_REGION_TYPE,true,0.9125000000000001,0.9625000000000001,1.0,50,8,6.127124104279723,0.04215418521165687,0.931803149688712,0.9230769230769231,2.1460923319123378E8,98ff6cef8448a1d7792ebdb0c926d93f490e03a8cde28a8b10107ac44958b7e3,8554b66b7bbd06910896be1dab0fdc9702ce2f4630ecf3b4acb67d855dbe61e2
DISTRICT,GYEONGGI,안양시,NATURE_ECOLOGY,GREEN,2,88,1.0,NATIONWIDE_TYPE_VENUE,50,1,1.0,1.0,0.8225906422941602,0.775,9.958172120820661E7,dc459aca48974424d1e63cba2ca3e5c0d723e32a3a4724a75d28d13eea8c5f69,5c33da951e8913a2d107c748b59eea94afa73c833c2db31adca443c23c3d5353,92,0.9318205790909178,GLOBAL_SIMILARITY,true,0.95,1.0,1.0,50,5,1.2623819206332652,0.8882721319344697,0.8440733061317893,0.7875000000000001,9.577538480181704E7,2cb901968112da7285b1440d38c6430298b4b1e7bcdca5e4ed16cac6c9d2ea99,42d614b7c57e99e982f82207a966be07944389ab6ffb11365ae7187f971bee08
DISTRICT,GYEONGGI,안양시,CULTURE_ART,GREEN,2,29,1.0,SAME_REGION_TYPE_VENUE,29,1,1.0,1.0,0.9235860153695503,0.8562500000000001,2.3781845004137695E8,66ddf710099067054a5da691f1f789717de9f3ff3d19fc60ef323aad6c8d64f4,66ddf710099067054a5da691f1f789717de9f3ff3d19fc60ef323aad6c8d64f4,29,1.0,GLOBAL_SIMILARITY,true,0.95,1.0,1.0,29,1,1.0,1.0,0.9235860153695503,0.8562500000000001,2.3781845004137695E8,66ddf710099067054a5da691f1f789717de9f3ff3d19fc60ef323aad6c8d64f4,66ddf710099067054a5da691f1f789717de9f3ff3d19fc60ef323aad6c8d64f4
DISTRICT,GYEONGGI,안양시,COMMUNITY,INDEPENDENT,2,21,1.0,NATIONWIDE_TYPE_VENUE,21,1,1.0,1.0,0.8236641395118401,0.7392857142857143,1.450314740776829E8,eedf7791ca3d1393402cd8cd68579a82dd4c14bb23bf3bca6d0ba4c78b4feceb,eedf7791ca3d1393402cd8cd68579a82dd4c14bb23bf3bca6d0ba4c78b4feceb,116,0.15936348178295015,SAME_REGION_TYPE,true,0.9,0.9500000000000001,1.0,50,9,6.058632760518024,0.04021546924991517,0.9482786815838864,0.9230769230769231,1.1531471100635341E8,66c58104eab124871d46f9606300a7097ad2283e9cc27c5462c2a1a402feba2f,534fbaf5312c083ae7f54543e514324f6ede4713aaee5bf9ee694a93336f6dcb
DISTRICT,GYEONGGI,안양시,CULTURE_ART,GREEN,3,29,1.0,SAME_REGION_TYPE_VENUE,29,1,1.0,1.0,0.9237214725639415,0.875,2.794036333458327E8,66ddf710099067054a5da691f1f789717de9f3ff3d19fc60ef323aad6c8d64f4,66ddf710099067054a5da691f1f789717de9f3ff3d19fc60ef323aad6c8d64f4,29,1.0,GLOBAL_SIMILARITY,true,0.95,1.0,1.0,29,1,1.0,1.0,0.9237214725639415,0.875,2.794036333458327E8,66ddf710099067054a5da691f1f789717de9f3ff3d19fc60ef323aad6c8d64f4,66ddf710099067054a5da691f1f789717de9f3ff3d19fc60ef323aad6c8d64f4
DISTRICT,GYEONGGI,안양시,COMMUNITY,VILLAGE,2,138,0.15322274553886167,SAME_REGION_TYPE,50,9,6.312383724663792,0.06229020758374882,0.9499041119319903,0.9230769230769231,1.1150801964444858E8,df3ce01a048a4a091a22f773765cbab3ca6d4a90606648089f52681d0373e7a0,4ae9a11d8a3d62f3c56023dd2c8b09f11d4ff55ae525d38a7033ea2bebb8b828,138,0.15322274553886167,SAME_REGION_TYPE,false,-Infinity,NaN,NaN,50,9,6.312383724663792,0.06229020758374882,0.9499041119319903,0.9230769230769231,1.1150801964444858E8,df3ce01a048a4a091a22f773765cbab3ca6d4a90606648089f52681d0373e7a0,4ae9a11d8a3d62f3c56023dd2c8b09f11d4ff55ae525d38a7033ea2bebb8b828
DISTRICT,GYEONGGI,시흥시,CULTURE_ART,GREEN,3,29,1.0,SAME_REGION_TYPE_VENUE,29,1,1.0,1.0,0.9197193035934689,0.875,2.80977707687251E8,66ddf710099067054a5da691f1f789717de9f3ff3d19fc60ef323aad6c8d64f4,66ddf710099067054a5da691f1f789717de9f3ff3d19fc60ef323aad6c8d64f4,37,0.7534240096409408,GLOBAL_SIMILARITY,true,0.95,1.0,1.0,37,8,1.7326587452430924,0.7534240096409407,0.9395145958166239,0.875,2.4096104782409367E8,f7ba470e3c42a24377a78e9e456fcf3f43b093da0dac87b6a978986f3278bf0e,f7ba470e3c42a24377a78e9e456fcf3f43b093da0dac87b6a978986f3278bf0e
DISTRICT,GYEONGGI,시흥시,CULTURE_ART,WATERFRONT,2,90,1.0,NATIONWIDE_TYPE_VENUE,50,1,1.0,1.0,0.8285903334856046,0.7875000000000001,1.9953819583415973E8,c348e29400ebe021db666e856fec31595170b0090866fe06d013a15bb05b35e1,1f9a0dfc32d879f52af9dfd7e3cac6af70af5370c9143787af10e03a4f73ed07,98,0.8788274665137135,GLOBAL_SIMILARITY,true,0.95,1.0,1.0,50,8,1.5854261552034759,0.7897642277507021,0.8666979914287413,0.7875000000000001,1.7402050561272988E8,e99909ca89d72ff1e2b33982f05d6f42f30abd90835d1ee491b569e9ceeacf9e,f88f74527d938699faa7d2e88df39fc2861a93e1f12f9e5ff5c2db474e21eb2f
DISTRICT,GYEONGGI,시흥시,NATURE_ECOLOGY,GREEN,3,88,1.0,NATIONWIDE_TYPE_VENUE,50,1,1.0,1.0,0.8243715292522388,0.7875000000000001,1.423179602657834E8,dc459aca48974424d1e63cba2ca3e5c0d723e32a3a4724a75d28d13eea8c5f69,1bbd4b369b8bc7115014974cd6b365a237056579cc00cfaebcc1046c988b4b30,96,0.8713805290253548,GLOBAL_SIMILARITY,true,0.95,1.0,1.0,50,9,1.6197143040354918,0.7819525198564763,0.8676527722565984,0.7875000000000001,2.2237668114218348E8,a81fc8cba206014fa576d2169a7cde3629f373486a3f536d387da6b4bfc23485,b3f4454e8d548ebd6275bce86c8467dd0638ea580549bab3b33a153255349d4d
DISTRICT,GYEONGGI,시흥시,TRADITION_HISTORY,GREEN,2,54,1.0,NATIONWIDE_TYPE_VENUE,50,1,1.0,1.0,0.8075712314322768,0.75,2.4995937291130936E8,925fb91efbfb16db5e571b6b008cb99b6c0a3a167e39edb07bb4c1c2cafda7ae,5bafa8e6f3f22e5a77a4f848f71b985ce03178fbe5ff690b6a5986da8bdcb0b3,56,0.9451613217624256,GLOBAL_SIMILARITY,true,0.95,1.0,1.0,50,3,1.1301199714381454,0.9397042174294647,0.8209012754307871,0.765,2.5072267863062721E8,b7662977a9a5d9aa6c0b7a4c8aa78988ff03f13308c24c6d43c770512d9936f5,ca831b8ebafeeb1ed13efad17ebcb90ee9e9f00fbee64e7d70c5be47776a89f4
DISTRICT,GYEONGGI,시흥시,COMMUNITY,VILLAGE,2,138,0.1551247103546362,SAME_REGION_TYPE,50,8,6.294402853966834,0.0826697137932241,0.9380059633633048,0.9230769230769231,7.953565522670841E7,df3ce01a048a4a091a22f773765cbab3ca6d4a90606648089f52681d0373e7a0,baa4a6221f348a401adfae148229f46e46d03d38ae0fde07f36980e53a49ed6e,138,0.1551247103546362,SAME_REGION_TYPE,false,-Infinity,NaN,NaN,50,8,6.294402853966834,0.0826697137932241,0.9380059633633048,0.9230769230769231,7.953565522670841E7,df3ce01a048a4a091a22f773765cbab3ca6d4a90606648089f52681d0373e7a0,baa4a6221f348a401adfae148229f46e46d03d38ae0fde07f36980e53a49ed6e
DISTRICT,GYEONGGI,파주시,CULTURE_ART,VILLAGE,4,39,1.0,NATIONWIDE_TYPE_VENUE,39,1,1.0,1.0,0.802570284954195,0.6861940298507463,1.9317180933434263E8,35666bd283d687af38fec7347887732ca0983e78f887177a0dbce730a02f799c,35666bd283d687af38fec7347887732ca0983e78f887177a0dbce730a02f799c,273,0.2824143985944115,SAME_REGION_TYPE,true,0.92,0.9700000000000001,1.0,50,9,7.273175539400008,0.04035061434358401,0.9672934318902872,0.9230769230769231,3.118446967835969E8,f3d3d08f4c638bf832525dec83bbac50511a2bd441ad8054d77d6d88e5ecfef2,c06c9eb7ba32cdd2ee9806c0394fa57c0c8e111c011c47ef4cd2134131f85809
DISTRICT,GYEONGGI,파주시,CULTURE_ART,GREEN,2,29,1.0,SAME_REGION_TYPE_VENUE,29,1,1.0,1.0,0.9248176997449452,0.8642857142857143,2.4259895707128805E8,66ddf710099067054a5da691f1f789717de9f3ff3d19fc60ef323aad6c8d64f4,66ddf710099067054a5da691f1f789717de9f3ff3d19fc60ef323aad6c8d64f4,52,0.5200812314638841,GLOBAL_SIMILARITY,true,0.95,1.0,1.0,50,9,3.4658321712891373,0.504310596523941,0.9620454807018707,0.875,2.2822586038686028E8,d9556cb6ff4a3325ed13262923360675e7ab68b6aca030f9ede7bc3fc566947b,6cefd16fe354ec7cfeb425e0d1e592ead6c5e4f660e6f4c1458ab99291bacc60
DISTRICT,GYEONGGI,파주시,CULTURE_ART,GREEN,7,29,1.0,SAME_REGION_TYPE_VENUE,29,1,1.0,1.0,0.8823997783791154,0.8375,3.59858208019232E8,66ddf710099067054a5da691f1f789717de9f3ff3d19fc60ef323aad6c8d64f4,66ddf710099067054a5da691f1f789717de9f3ff3d19fc60ef323aad6c8d64f4,53,0.4861714056485479,SAME_REGION_TYPE,true,0.95,1.0,1.0,50,9,3.9596605587989506,0.46166648560601226,0.9451913207040109,0.8562500000000001,2.7781956739734054E8,f7a3158675581c62cd5fc82c5dbae619d548bd9a66031f9c44e0ce6bb127b321,ea2f64158d84ca074f83c88c88b6fb97116023b06d013111b4d602641395fccd
DISTRICT,GYEONGGI,파주시,CULTURE_ART,GREEN,92,29,1.0,SAME_REGION_TYPE_VENUE,29,1,1.0,1.0,0.8197796441860201,0.8032258064516129,3.6238450701162183E8,66ddf710099067054a5da691f1f789717de9f3ff3d19fc60ef323aad6c8d64f4,66ddf710099067054a5da691f1f789717de9f3ff3d19fc60ef323aad6c8d64f4,239,0.31966156844020327,SAME_REGION_TYPE,true,0.8911764705882352,0.9411764705882353,1.0,50,8,5.712687490963122,0.01942748550931588,0.9571697976404642,0.9230769230769231,2.4470226452316812E8,f0d5e1b7be388a7456ffffe30f877719ebd730dd31e070fc1597be302598500e,56984d4b882cc2416f7bb1e0e033a502114e0d4ecc4729c1bde7951c54e514df
DISTRICT,GYEONGGI,파주시,CULTURE_ART,VILLAGE,3,39,1.0,NATIONWIDE_TYPE_VENUE,39,1,1.0,1.0,0.8190703243701386,0.683955223880597,1.698308190257799E8,35666bd283d687af38fec7347887732ca0983e78f887177a0dbce730a02f799c,35666bd283d687af38fec7347887732ca0983e78f887177a0dbce730a02f799c,63,0.5172416074885089,GLOBAL_SIMILARITY,true,0.95,1.0,1.0,50,9,4.328499382099563,0.43424884614957027,0.9314906082684528,0.7875000000000001,1.8447921901908657E8,22ec6dda44b4e412660d865a03c5a4736a09dea4430a6d1f64077864fb32d3c7,d7cb96595e8fe58bca9a3ec7e6bf002fad4e91758e08f927d46e0ba57fd5c0eb
DISTRICT,GYEONGGI,파주시,TRADITION_HISTORY,INDEPENDENT,2,38,1.0,NATIONWIDE_TYPE_VENUE,38,1,1.0,1.0,0.8436628906480278,0.75,2.367825731232057E8,8674a18a77fd59101747b5bfbca30d4351075de073f6e1726ea05249ad86bedb,8674a18a77fd59101747b5bfbca30d4351075de073f6e1726ea05249ad86bedb,44,0.8155520033292236,GLOBAL_SIMILARITY,true,0.95,1.0,1.0,44,7,1.4907678668049353,0.8155520033292238,0.8724989572732991,0.75,2.2878071361929435E8,eb5128520444a6754d1cb35299924d96506e33af5358863b06df939522b36baa,eb5128520444a6754d1cb35299924d96506e33af5358863b06df939522b36baa
DISTRICT,GYEONGGI,파주시,COMMUNITY,WATERFRONT,2,29,1.0,NATIONWIDE_TYPE_VENUE,29,1,1.0,1.0,0.8033373988628226,0.6964285714285715,1.3734569782406336E8,d79174673ff7f3466f21cd9adef13feaf0fb2e943028627027b036405e0d7d39,d79174673ff7f3466f21cd9adef13feaf0fb2e943028627027b036405e0d7d39,118,0.19488011704205474,SAME_REGION_TYPE,true,0.9,0.9500000000000001,1.0,50,7,5.77585467512977,0.020753866979555922,0.9326724667585482,0.9230769230769231,9.273934077835533E7,e70f24bbf991c3400210d66fa65018d83caf88114f5a10893cc5bc118af6cd52,cf835e6a6373661aeb209b06876aa9e2c2563e23ebf659b1b17a1ae2a3adf3f3
DISTRICT,GYEONGGI,파주시,CULTURE_ART,VILLAGE,2,39,1.0,NATIONWIDE_TYPE_VENUE,39,1,1.0,1.0,0.8253306906311672,0.6817164179104478,1.4161327920563567E8,35666bd283d687af38fec7347887732ca0983e78f887177a0dbce730a02f799c,35666bd283d687af38fec7347887732ca0983e78f887177a0dbce730a02f799c,320,0.23803289286204324,SAME_REGION_TYPE,true,0.9125000000000001,0.9625000000000001,1.0,50,9,5.753449173477889,0.11688476134398086,0.9681468603121458,0.9375000000000001,1.6406650100093937E8,61384288180dee521cab3e64bab3ebd3e2ebd5654fcbf987d3a411dd631d9fff,484c46aadc42045956f417ae6a7b977ffd2b2f0bf874fa4d90f9b782f15734db
DISTRICT,GYEONGGI,파주시,LOCAL_SPECIALTY,GREEN,2,95,1.0,NATIONWIDE_TYPE_VENUE,50,1,1.0,1.0,0.8256875807295164,0.7875000000000001,1.2802557815201397E8,6f559ff7303a8c2962ebc48f630fcff4006b749cc57f1e138c456575624dd657,2656d26e95af21d67332627efbde1ed97a7bc5f914d402df502183821dd9fa67,111,0.7929793033377844,GLOBAL_SIMILARITY,true,0.95,1.0,1.0,50,9,2.604809220929187,0.6035179891097654,0.8998019928172,0.7941176470588235,2.2067421551485986E8,b743c8fb46cf2dced948937456340606853ff5bbdd2fb06fa1b9f79c86b8b767,f71d9366efb396d09fe8fecb29377d1527d639e99e898c77ad4c9c9f9ab51681
DISTRICT,GYEONGGI,파주시,LOCAL_SPECIALTY,GREEN,3,95,1.0,NATIONWIDE_TYPE_VENUE,50,1,1.0,1.0,0.8380921681362542,0.795,3.1685077307640445E8,6f559ff7303a8c2962ebc48f630fcff4006b749cc57f1e138c456575624dd657,5a986b0215651824de95e1adb43a632d8f711bffaf0af63ec78d1360bf21ab13,111,0.7962673335364214,GLOBAL_SIMILARITY,true,0.95,1.0,1.0,50,9,2.573712813349877,0.6076993765916439,0.9089409872343946,0.8250000000000001,3.5276196194057536E8,b743c8fb46cf2dced948937456340606853ff5bbdd2fb06fa1b9f79c86b8b767,55ad84b7a47981f7ca3d83c54691ac618d5075b5bd002f056b15fb02c277a2ad
DISTRICT,GYEONGGI,파주시,COMMUNITY,OTHER,2,137,0.14646974277523317,SAME_REGION_TYPE,50,6,5.566468820508458,0.17655256969621497,0.9321242006021985,0.9230769230769231,8.929258499966387E7,62927a35a000ca7ce838d28918aee078cc741be1283e00356ccadbc352241a1d,4b3706855998e0368611e010a9ee08c68daa2c1ce9a20fe07a92c5b5900932f4,137,0.14646974277523317,SAME_REGION_TYPE,false,-Infinity,NaN,NaN,50,6,5.566468820508458,0.17655256969621497,0.9321242006021985,0.9230769230769231,8.929258499966387E7,62927a35a000ca7ce838d28918aee078cc741be1283e00356ccadbc352241a1d,4b3706855998e0368611e010a9ee08c68daa2c1ce9a20fe07a92c5b5900932f4
DISTRICT,GYEONGGI,김포시,CULTURE_ART,WATERFRONT,2,90,1.0,NATIONWIDE_TYPE_VENUE,50,1,1.0,1.0,0.8269913470292284,0.7875000000000001,1.988547000284101E8,c348e29400ebe021db666e856fec31595170b0090866fe06d013a15bb05b35e1,1f9a0dfc32d879f52af9dfd7e3cac6af70af5370c9143787af10e03a4f73ed07,100,0.8483373227395062,GLOBAL_SIMILARITY,true,0.95,1.0,1.0,50,6,1.80113087693432,0.734654272787695,0.8793969845092443,0.7875000000000001,1.6733867263148698E8,81b865ffad400fbc98cce3cee6599765092743d0e3904c3c916ff632014fd202,045bd5cae7d7eff74bf657dd4cbbdddb823a50b061df38d5f55673bb811a600e
DISTRICT,GYEONGGI,김포시,CULTURE_ART,WATERFRONT,3,90,1.0,NATIONWIDE_TYPE_VENUE,50,1,1.0,1.0,0.8336127510135667,0.7875000000000001,3.0102888641664004E8,c348e29400ebe021db666e856fec31595170b0090866fe06d013a15bb05b35e1,078590e8772083d7b980e5eeac88d7f9f04cac043ee5f5513c305322da13ce38,335,0.24013836123568288,SAME_REGION_TYPE,true,0.9125000000000001,0.9625000000000001,1.0,50,9,6.851708686316909,0.060751254844250334,0.9491758887266265,0.9230769230769231,3.021407690402212E8,bf340ccd1cb25a25621c72dff1b16bb0ff04f0bdd5e2e455ed477c9a000f9224,ff3a180100983cc699d960dfb19f5d3343235b975cdd3f0e2305835c66ef8202
DISTRICT,GYEONGGI,의정부시,CULTURE_ART,GREEN,9,29,1.0,SAME_REGION_TYPE_VENUE,29,1,1.0,1.0,0.860878716851308,0.8300000000000001,3.61483358989549E8,66ddf710099067054a5da691f1f789717de9f3ff3d19fc60ef323aad6c8d64f4,66ddf710099067054a5da691f1f789717de9f3ff3d19fc60ef323aad6c8d64f4,256,0.29600682607674783,SAME_REGION_TYPE,true,0.8911764705882352,0.9411764705882353,1.0,50,8,4.957142835723596,0.02018389677416388,0.938056629621711,0.9230769230769231,3.1186588328354156E8,b29ebe6f2f327f834c1361a5ec4d25c114967cc56c8dd80b3c4906cf77791c92,5f5b221b1a72bfcb2f48c43f66475621bc3eedc6209fae3e95ab48cf18a905c5
DISTRICT,GYEONGGI,의정부시,CULTURE_ART,GREEN,2,29,1.0,SAME_REGION_TYPE_VENUE,29,1,1.0,1.0,0.9177090656642147,0.8562500000000001,2.395414278436303E8,66ddf710099067054a5da691f1f789717de9f3ff3d19fc60ef323aad6c8d64f4,66ddf710099067054a5da691f1f789717de9f3ff3d19fc60ef323aad6c8d64f4,307,0.2421417562140548,SAME_REGION_TYPE,true,0.9,0.9500000000000001,1.0,50,8,5.016897509818189,0.20067024425421048,0.9481878121021484,0.9375000000000001,1.573031976130924E8,5669b19e4fc82ea7e263b91f0128c71bf739cc395d7ce5d8eeb651b9efc70247,e0a498954c5081d50fd9b76e5bb55d6a7166e51e4d8b2afa640ebd47ae34176e
DISTRICT,GYEONGGI,의정부시,CULTURE_ART,OTHER,2,70,1.0,NATIONWIDE_TYPE_VENUE,50,1,1.0,1.0,0.8214361185489816,0.775,1.7536993912935692E8,e2894551a9aade3371c9d134fd015763aa296c0fb24e8191f8fdd46932c4cd77,20527dbab40e147534db859712a80c94cbce05d38cc933563b1bcf00191f5cc8,76,0.8802440577514288,GLOBAL_SIMILARITY,true,0.95,1.0,1.0,50,5,1.4283711900428433,0.8320217296458038,0.8553494604090545,0.7875000000000001,2.2268798018472624E8,00774d95f6f1e98c6b86cb979384982f2a4fb0564b65616b30eb94c12bc9c60d,37527bc795f64329f6bf1e5d010865f9ab9d691f03ddddf565db75dc6df592a6
DISTRICT,GYEONGGI,의정부시,CULTURE_ART,INDEPENDENT,2,22,1.0,SAME_REGION_TYPE_VENUE,22,1,1.0,1.0,0.917140319848382,0.8264705882352942,2.203572025986844E8,84e9da0ba7f3fe028b245586e405e2a03e1e417a7c409ccb098a01a2948c173e,84e9da0ba7f3fe028b245586e405e2a03e1e417a7c409ccb098a01a2948c173e,28,0.753582648293716,GLOBAL_SIMILARITY,true,0.95,1.0,1.0,28,5,1.7101211463767092,0.7535826482937158,0.9375583827945728,0.8264705882352942,2.7549551430094403E8,81d5a6c44e5eb91421e3403a8e37535e9aab346e59f31db659b4a74413d562fe,81d5a6c44e5eb91421e3403a8e37535e9aab346e59f31db659b4a74413d562fe
DISTRICT,GYEONGGI,의정부시,COMMUNITY,OTHER,2,137,0.14710954069989834,SAME_REGION_TYPE,50,6,5.566468820508458,0.17655256969621497,0.9321242006021985,0.9230769230769231,8.929258499966387E7,62927a35a000ca7ce838d28918aee078cc741be1283e00356ccadbc352241a1d,4b3706855998e0368611e010a9ee08c68daa2c1ce9a20fe07a92c5b5900932f4,137,0.14710954069989834,SAME_REGION_TYPE,false,-Infinity,NaN,NaN,50,6,5.566468820508458,0.17655256969621497,0.9321242006021985,0.9230769230769231,8.929258499966387E7,62927a35a000ca7ce838d28918aee078cc741be1283e00356ccadbc352241a1d,4b3706855998e0368611e010a9ee08c68daa2c1ce9a20fe07a92c5b5900932f4
DISTRICT,GYEONGGI,의정부시,COMMUNITY,GREEN,2,41,1.0,NATIONWIDE_TYPE_VENUE,41,1,1.0,1.0,0.8193013064133038,0.7050000000000001,1.2115859016193856E8,2e791c1fbe39f5acd2e443473c32520423f6131ee59cef2b016af5dfdade83f7,2e791c1fbe39f5acd2e443473c32520423f6131ee59cef2b016af5dfdade83f7,130,0.2614257780974167,SAME_REGION_TYPE,true,0.9,0.9500000000000001,1.0,50,7,6.058268878758574,0.06211753002917247,0.9337651930719193,0.9230769230769231,8.308157692611395E7,c957390405a009b2bc87827fcb9e6cb2dae05208f8f17577efbdaf34d4ef0bf0,d118a1aa9de93bef2dbf4d6476397844d1fd9267807d1a22c428615bf9704bce
DISTRICT,GYEONGGI,의정부시,LOCAL_SPECIALTY,VILLAGE,2,23,1.0,NATIONWIDE_TYPE_VENUE,23,1,1.0,1.0,0.8167003428564504,0.7159090909090909,1.215082379705124E8,3fbec895063fe63197622dd9e2f7c6edb414b8212fdbf14439a971c269a81dc0,3fbec895063fe63197622dd9e2f7c6edb414b8212fdbf14439a971c269a81dc0,23,1.0,GLOBAL_SIMILARITY,true,0.95,1.0,1.0,23,1,1.0,1.0,0.8167003428564504,0.7159090909090909,1.215082379705124E8,3fbec895063fe63197622dd9e2f7c6edb414b8212fdbf14439a971c269a81dc0,3fbec895063fe63197622dd9e2f7c6edb414b8212fdbf14439a971c269a81dc0
DISTRICT,GYEONGGI,광주시,TRADITION_HISTORY,GREEN,3,54,1.0,NATIONWIDE_TYPE_VENUE,50,1,1.0,1.0,0.8152884671121329,0.75,3.354605469799762E8,925fb91efbfb16db5e571b6b008cb99b6c0a3a167e39edb07bb4c1c2cafda7ae,f0dc0fae760e5602e0ec45cb7cafce4fa9baf819ea2c9dcac304fec8e6b3339f,59,0.8753403763140156,GLOBAL_SIMILARITY,true,0.95,1.0,1.0,50,6,1.3527845200646378,0.8574086358461487,0.846716688676022,0.775,3.644217404213926E8,8d98ac50e4e94327f709914ea8174ecbbcadf0c5cb82df034d2ffbf2fd59359a,998f2a85e19f40ed7d665bfc94b99e966139552f17bd1a724ab6c9b01dbf2b5e
DISTRICT,GYEONGGI,광주시,TRADITION_HISTORY,GREEN,10,54,1.0,NATIONWIDE_TYPE_VENUE,50,1,1.0,1.0,0.7589202531052957,0.7022727272727273,4.405121619479839E8,925fb91efbfb16db5e571b6b008cb99b6c0a3a167e39edb07bb4c1c2cafda7ae,dc9d8ba60f6bcc6cc73b7c82128f88eba511d8fc4f1b7424fd4527a6b70a93b2,57,0.9132725154292811,GLOBAL_SIMILARITY,true,0.926923076923077,0.976923076923077,1.0,50,3,1.2183313354295786,0.9031428119002964,0.7830439732009313,0.7159090909090909,4.472288455392336E8,3b996c404c770ddd25a7638fa8502c6843d5ea1d3e82ccd0353ee1c13484a020,ad9314893de85cfdc17634cbad584f4783a1b507f69a58717c829c5294b8edbb
DISTRICT,GYEONGGI,광주시,LOCAL_SPECIALTY,OTHER,3,30,1.0,NATIONWIDE_TYPE_VENUE,30,1,1.0,1.0,0.8385731336048089,0.6943548387096775,1.3065786949095252E8,d7eb5f5a7795ed75ed648bbe71eacb81a6fe0bd8c57b502eb69efc2e8672ca56,d7eb5f5a7795ed75ed648bbe71eacb81a6fe0bd8c57b502eb69efc2e8672ca56,38,0.7228113338512889,GLOBAL_SIMILARITY,true,0.95,1.0,1.0,38,8,1.8708651924981974,0.7228113338512889,0.8821039555695981,0.6943548387096775,1.3428210399164778E8,ce5a6927750a9a1261d6b6978109bdac76f1d7a41c20e36bccdcd02e5a795e00,ce5a6927750a9a1261d6b6978109bdac76f1d7a41c20e36bccdcd02e5a795e00
DISTRICT,GYEONGGI,하남시,TRADITION_HISTORY,INDEPENDENT,2,38,1.0,NATIONWIDE_TYPE_VENUE,38,1,1.0,1.0,0.8432124212393373,0.75,2.363454616214939E8,8674a18a77fd59101747b5bfbca30d4351075de073f6e1726ea05249ad86bedb,8674a18a77fd59101747b5bfbca30d4351075de073f6e1726ea05249ad86bedb,142,0.2280198832981357,SAME_REGION_TYPE,true,0.9,0.9500000000000001,1.0,50,8,6.713230582855152,0.12244574089103882,0.9394833416261696,0.9230769230769231,2.404490555047248E8,6492bc3a710a1b508df944808728750b270bcedfb3d47b840fe56ac7fb4b176d,a0126b723ebe20fd234e9c90c0655324c90e8f22d6fdc4517bc2e4898f38e85d
DISTRICT,GYEONGGI,양주시,TRADITION_HISTORY,INDEPENDENT,3,38,1.0,NATIONWIDE_TYPE_VENUE,38,1,1.0,1.0,0.8490100212982677,0.75,2.9467473805475557E8,8674a18a77fd59101747b5bfbca30d4351075de073f6e1726ea05249ad86bedb,8674a18a77fd59101747b5bfbca30d4351075de073f6e1726ea05249ad86bedb,44,0.8178085023624035,GLOBAL_SIMILARITY,true,0.95,1.0,1.0,44,4,1.4708579059731173,0.8178085023624042,0.8765191116462051,0.75,3.0702012050063205E8,ee5bc2d8b13f55a8121fc35db9c30c39f1f2f1fb22b1b958db217122abca6509,ee5bc2d8b13f55a8121fc35db9c30c39f1f2f1fb22b1b958db217122abca6509
DISTRICT,GYEONGGI,양주시,TRADITION_HISTORY,INDEPENDENT,10,38,1.0,NATIONWIDE_TYPE_VENUE,38,1,1.0,1.0,0.8007121633952199,0.7022727272727273,3.658712571084434E8,8674a18a77fd59101747b5bfbca30d4351075de073f6e1726ea05249ad86bedb,8674a18a77fd59101747b5bfbca30d4351075de073f6e1726ea05249ad86bedb,120,0.2512047797862544,SAME_REGION_TYPE,true,0.9,0.9500000000000001,1.0,50,9,3.9948390815180246,0.020714560053802365,0.9345190050104875,0.9230769230769231,3.459245560036582E8,2d142e8876f885d3f7796fefcb84fa8e362bb3d01897299c9b31b7b2565237da,3cc48ef680e1123e2614cb707c0f78b3fcccd1cb4e8aa067b15276c86e3dfe9b
DISTRICT,GYEONGGI,양주시,COMMUNITY,VILLAGE,3,138,0.15621172712998208,SAME_REGION_TYPE,50,8,5.769994501875584,0.04179455619722903,0.9294855854292521,0.9230769230769231,1.2326906433462419E8,df3ce01a048a4a091a22f773765cbab3ca6d4a90606648089f52681d0373e7a0,25ebd714a90ea9a12a453a2099ccc2dda3aefb43490d924179eb15798ff0957e,138,0.15621172712998208,SAME_REGION_TYPE,false,-Infinity,NaN,NaN,50,8,5.769994501875584,0.04179455619722903,0.9294855854292521,0.9230769230769231,1.2326906433462419E8,df3ce01a048a4a091a22f773765cbab3ca6d4a90606648089f52681d0373e7a0,25ebd714a90ea9a12a453a2099ccc2dda3aefb43490d924179eb15798ff0957e
DISTRICT,GYEONGGI,광명시,CULTURE_ART,VILLAGE,2,39,1.0,NATIONWIDE_TYPE_VENUE,39,1,1.0,1.0,0.8210895111460962,0.6817164179104478,1.418403705610808E8,35666bd283d687af38fec7347887732ca0983e78f887177a0dbce730a02f799c,35666bd283d687af38fec7347887732ca0983e78f887177a0dbce730a02f799c,317,0.2414466445362914,SAME_REGION_TYPE,true,0.9,0.9500000000000001,1.0,50,9,5.722145287608652,0.07790167206713895,0.9640993209229245,0.9375000000000001,1.3136902488560605E8,9f9747b0c3b55c66e7cfe170889c861751d8b4a617c138c69fe08a3ddb98ead3,429d6158ede0bf5e6f73c7c07bf73239096a672d11ded9cbc8e5d05fa8c5900c
DISTRICT,GYEONGGI,광명시,CULTURE_ART,INDEPENDENT,2,22,1.0,SAME_REGION_TYPE_VENUE,22,1,1.0,1.0,0.9162620283557182,0.8264705882352942,2.2007762934383252E8,84e9da0ba7f3fe028b245586e405e2a03e1e417a7c409ccb098a01a2948c173e,84e9da0ba7f3fe028b245586e405e2a03e1e417a7c409ccb098a01a2948c173e,300,0.24828418235718877,SAME_REGION_TYPE,true,0.9125000000000001,0.9625000000000001,1.0,50,9,5.8854437943798406,0.21359088069547516,0.9657813938653138,0.9375000000000001,1.4752743848248443E8,341ae0ea138264710acc648fd844277575e619355f7e4b3cb8b8bb11ecc263cd,257aab38606099c655dcdba13e7116cdda45ce628328b249ce265cd5c7d633e2
DISTRICT,GYEONGGI,광명시,NATURE_ECOLOGY,WATERFRONT,2,70,1.0,NATIONWIDE_TYPE_VENUE,50,1,1.0,1.0,0.8164830748278995,0.765,8.634450285304731E7,0a635fe7c95464734d67fcf3eb34fbe1decb151168419235fa06b370eaf0e0c0,8727a495c11e1deb9472f6c95de513e9af3d841087edf9ab2b77ac2a4167dc44,156,0.3733548539372553,SAME_REGION_TYPE,true,0.9,0.9500000000000001,1.0,50,7,4.204808153175014,0.021052675167357007,0.9260093761299126,0.9230769230769231,1.0458335336245906E8,acb498580b22436e392ced221820cdfd8f2099ecb686cb8998e38151716b0b0a,e7d3290bb3ad5f00c6a2b849f38e91070f038cb582cee72e1551530ce76e438f
DISTRICT,GYEONGGI,광명시,CULTURE_ART,INDEPENDENT,3,22,1.0,SAME_REGION_TYPE_VENUE,22,1,1.0,1.0,0.9127937866069851,0.8352941176470589,2.5487273234740394E8,84e9da0ba7f3fe028b245586e405e2a03e1e417a7c409ccb098a01a2948c173e,84e9da0ba7f3fe028b245586e405e2a03e1e417a7c409ccb098a01a2948c173e,41,0.49344416632292976,SAME_REGION_TYPE,true,0.95,1.0,1.0,41,9,3.4947191280650545,0.49344416632292953,0.9535127134147334,0.8352941176470589,1.898465853066292E8,3a49ad5ebf78b040c0b2d94ca29a459b930bf8c723b59c23186ebdbd18f6cff0,3a49ad5ebf78b040c0b2d94ca29a459b930bf8c723b59c23186ebdbd18f6cff0
DISTRICT,GYEONGGI,광명시,COMMUNITY,GREEN,2,41,1.0,NATIONWIDE_TYPE_VENUE,41,1,1.0,1.0,0.8193013064133038,0.7050000000000001,1.2115859016193856E8,2e791c1fbe39f5acd2e443473c32520423f6131ee59cef2b016af5dfdade83f7,2e791c1fbe39f5acd2e443473c32520423f6131ee59cef2b016af5dfdade83f7,130,0.2614257780974167,SAME_REGION_TYPE,true,0.9,0.9500000000000001,1.0,50,7,6.058268878758574,0.06211753002917247,0.9337651930719193,0.9230769230769231,8.308157692611395E7,c957390405a009b2bc87827fcb9e6cb2dae05208f8f17577efbdaf34d4ef0bf0,d118a1aa9de93bef2dbf4d6476397844d1fd9267807d1a22c428615bf9704bce
DISTRICT,GYEONGGI,오산시,CULTURE_ART,GREEN,15,29,1.0,SAME_REGION_TYPE_VENUE,29,1,1.0,1.0,0.8401997698073611,0.8187500000000001,3.626339996063539E8,66ddf710099067054a5da691f1f789717de9f3ff3d19fc60ef323aad6c8d64f4,66ddf710099067054a5da691f1f789717de9f3ff3d19fc60ef323aad6c8d64f4,239,0.32055928551509383,SAME_REGION_TYPE,true,0.8911764705882352,0.9411764705882353,1.0,50,6,4.7778161958019165,0.020775548777208348,0.9234529511090892,0.9230769230769231,2.9160935980051756E8,f0d5e1b7be388a7456ffffe30f877719ebd730dd31e070fc1597be302598500e,7dec1682aa3f6e64bab1cf2d9309154254e6bbe7a9a18830624f24443a9f613d
DISTRICT,GYEONGGI,오산시,CULTURE_ART,GREEN,27,29,1.0,SAME_REGION_TYPE_VENUE,29,1,1.0,1.0,0.8256758097452891,0.8107142857142857,3.6072168471139866E8,66ddf710099067054a5da691f1f789717de9f3ff3d19fc60ef323aad6c8d64f4,66ddf710099067054a5da691f1f789717de9f3ff3d19fc60ef323aad6c8d64f4,242,0.3176211637571041,SAME_REGION_TYPE,true,0.8911764705882352,0.9411764705882353,1.0,50,6,4.871092817390232,0.020773817193912077,0.9234915079490316,0.9230769230769231,2.9157762436930466E8,8ac70615a25cfa17d6b1aae96c4f833ebb63cbca5f6ac74f10d9ad2a1f0ffde3,9ebded93aeaf291c14f9dfdb0e02fd416727202d49eaa334dd7ec8a7ce961e94
DISTRICT,GYEONGGI,오산시,COMMUNITY,VILLAGE,3,138,0.15623616156063944,SAME_REGION_TYPE,50,9,6.036485615336847,0.04350686641945996,0.9358869903509658,0.9230769230769231,1.1900678867560728E8,df3ce01a048a4a091a22f773765cbab3ca6d4a90606648089f52681d0373e7a0,f926755953528a2c5cc5e995544d2d6ad8660b6fe73d836cb9bf2c2742ae2ae7,138,0.15623616156063944,SAME_REGION_TYPE,false,-Infinity,NaN,NaN,50,9,6.036485615336847,0.04350686641945996,0.9358869903509658,0.9230769230769231,1.1900678867560728E8,df3ce01a048a4a091a22f773765cbab3ca6d4a90606648089f52681d0373e7a0,f926755953528a2c5cc5e995544d2d6ad8660b6fe73d836cb9bf2c2742ae2ae7
DISTRICT,GYEONGGI,군포시,NATURE_ECOLOGY,GREEN,9,88,1.0,NATIONWIDE_TYPE_VENUE,50,1,1.0,1.0,0.8092521394694945,0.7402173913043478,2.0689349166527855E8,dc459aca48974424d1e63cba2ca3e5c0d723e32a3a4724a75d28d13eea8c5f69,1b6592e85daefd50923b8d655e7e3474e8eae14981885ce86474e1ae154b26b8,91,0.9458557738792616,GLOBAL_SIMILARITY,true,0.95,1.0,1.0,50,4,1.2007488984664614,0.9111430949405509,0.8292961211614838,0.75,2.1341291143307388E8,970692f0c3661e0bda0c8564cba554a734d4143662e0de39d11555a6f7a8183c,38162d00e94727b1339d1829ae18a0a62a7b87ac4fc95556d1b66fb8a41d502e
DISTRICT,GYEONGGI,이천시,CULTURE_ART,VILLAGE,12,39,1.0,NATIONWIDE_TYPE_VENUE,39,1,1.0,1.0,0.7699199253365657,0.7041044776119404,2.2669174293918565E8,35666bd283d687af38fec7347887732ca0983e78f887177a0dbce730a02f799c,35666bd283d687af38fec7347887732ca0983e78f887177a0dbce730a02f799c,49,0.6930469524010864,GLOBAL_SIMILARITY,true,0.95,1.0,1.0,49,5,1.966258492021307,0.6930469524010862,0.840543705446293,0.7041044776119404,2.7575471655047226E8,7c448891afc81c887fdad3303613bf841d4b33f29f0021a6c0b0782771ebc5f3,7c448891afc81c887fdad3303613bf841d4b33f29f0021a6c0b0782771ebc5f3
DISTRICT,GYEONGGI,이천시,COMMUNITY,VILLAGE,2,138,0.1529230197999751,SAME_REGION_TYPE,50,9,6.64225901586967,0.06044692334303135,0.9473275713452691,0.9230769230769231,8.09596014473601E7,df3ce01a048a4a091a22f773765cbab3ca6d4a90606648089f52681d0373e7a0,58c34a37dd72ae7c67fa2005e43ead2fc21a6edf1a3f259c14d757a2fe465212,138,0.1529230197999751,SAME_REGION_TYPE,false,-Infinity,NaN,NaN,50,9,6.64225901586967,0.06044692334303135,0.9473275713452691,0.9230769230769231,8.09596014473601E7,df3ce01a048a4a091a22f773765cbab3ca6d4a90606648089f52681d0373e7a0,58c34a37dd72ae7c67fa2005e43ead2fc21a6edf1a3f259c14d757a2fe465212
DISTRICT,GYEONGGI,이천시,LOCAL_SPECIALTY,WATERFRONT,3,71,1.0,NATIONWIDE_TYPE_VENUE,50,1,1.0,1.0,0.821460160818646,0.7875000000000001,1.592350520588497E8,423ef67fb8d8ce3b4c72bcaeeff7f273fce5f5c7748615ef99cbb399498ea8e6,07462f69b4dbbe1a619da66006acfa7526480bfdd33312a0b67e57eab70ea9db,96,0.6454099460609003,GLOBAL_SIMILARITY,true,0.95,1.0,1.0,50,9,4.566491866319006,0.4153260846074217,0.936761308641844,0.8075949367088608,2.566494460953236E8,73862bdb5f242a628af0c0af332ee4c763e29526308004d35f7c6cb7198bd40e,0f9b076b37e2a871067f12229daf5d3d7b0aa8c72e17597c869c49d844b9bf9e
DISTRICT,GYEONGGI,이천시,LOCAL_SPECIALTY,INDEPENDENT,3,37,1.0,NATIONWIDE_TYPE_VENUE,37,1,1.0,1.0,0.8111094791055635,0.6943548387096775,1.4088205005380523E8,f48a1845e91ccd6df2e6cbb8eff45c61703b96b9de9c78eebb998bf15f66a0a2,f48a1845e91ccd6df2e6cbb8eff45c61703b96b9de9c78eebb998bf15f66a0a2,62,0.49019613663407113,SAME_REGION_TYPE,true,0.95,1.0,1.0,50,9,4.724732585233383,0.4041962731704819,0.9306178875960234,0.7875000000000001,2.638649713008895E8,9fec5c8b542047d157afdec3e3018256fde35f5f9e49ad4c6764131eaf0c5138,227642cdbb9d723fe5a11fa33ece30747d6479ff0b8cc31d5373a98abde5fa88
DISTRICT,GYEONGGI,이천시,COMMUNITY,GREEN,2,41,1.0,NATIONWIDE_TYPE_VENUE,41,1,1.0,1.0,0.8193013064133038,0.7050000000000001,1.2115859016193856E8,2e791c1fbe39f5acd2e443473c32520423f6131ee59cef2b016af5dfdade83f7,2e791c1fbe39f5acd2e443473c32520423f6131ee59cef2b016af5dfdade83f7,133,0.25228532885032934,SAME_REGION_TYPE,true,0.9,0.9500000000000001,1.0,50,9,6.64225901586967,0.06044692334303135,0.9473275713452691,0.9230769230769231,8.078791409890236E7,d79c808d131fbe0b38958539611f6cca086212f8f34be0f164821e656890366e,06680e3bfdfc323a6ec04b057eafecb91082defb3620a54b38f7d9d2614c8996
DISTRICT,GYEONGGI,이천시,LOCAL_SPECIALTY,GREEN,5,95,1.0,NATIONWIDE_TYPE_VENUE,50,1,1.0,1.0,0.8128047884857952,0.775,3.6869638064552075E8,6f559ff7303a8c2962ebc48f630fcff4006b749cc57f1e138c456575624dd657,b28da578656cda6d2904613fbcc8d7ab370bef2bea711a438b89adb5369ee692,116,0.7362790892707792,GLOBAL_SIMILARITY,true,0.95,1.0,1.0,50,9,3.6153327073273873,0.48632479419189045,0.9185844228465581,0.7941176470588235,4.935237012847141E8,19dc907bffae31f168689abcf23bac32ffe78e79166bddd150db0d7d21b76156,e76213b76a83d04342c88f47d75a3486b7f87e8e5d120e8ce08ebcf8a8fa1007
DISTRICT,GYEONGGI,이천시,NATURE_ECOLOGY,VILLAGE,3,145,0.1504154036658153,SAME_REGION_TYPE,50,8,5.827043486046873,0.022678178386224088,0.9401754211927532,0.9230769230769231,1.398892964851096E8,606da2e4f4f79fa800f82c1d25d61755d7cba19e19f2133ab39547fd8c43fe1a,bba94adff80aca8f492f647a9d5b83e164e072b5a6f6f75b43ccce460bdf2ebb,145,0.1504154036658153,SAME_REGION_TYPE,false,-Infinity,NaN,NaN,50,8,5.827043486046873,0.022678178386224088,0.9401754211927532,0.9230769230769231,1.398892964851096E8,606da2e4f4f79fa800f82c1d25d61755d7cba19e19f2133ab39547fd8c43fe1a,bba94adff80aca8f492f647a9d5b83e164e072b5a6f6f75b43ccce460bdf2ebb
DISTRICT,GYEONGGI,이천시,CULTURE_ART,INDEPENDENT,2,22,1.0,SAME_REGION_TYPE_VENUE,22,1,1.0,1.0,0.911683175774613,0.8264705882352942,2.2136276726271522E8,84e9da0ba7f3fe028b245586e405e2a03e1e417a7c409ccb098a01a2948c173e,84e9da0ba7f3fe028b245586e405e2a03e1e417a7c409ccb098a01a2948c173e,300,0.24908931038193532,SAME_REGION_TYPE,true,0.9,0.9500000000000001,1.0,50,8,5.353360488602238,0.19852812685228982,0.953583302785722,0.9375000000000001,1.8220917570237708E8,341ae0ea138264710acc648fd844277575e619355f7e4b3cb8b8bb11ecc263cd,d8efddf0b93fa6e612a102b57ad4838e73cf4fafc4b8da84262b609369e7b292
DISTRICT,GYEONGGI,이천시,CULTURE_ART,WATERFRONT,3,90,1.0,NATIONWIDE_TYPE_VENUE,50,1,1.0,1.0,0.8320496444094773,0.7875000000000001,3.027443791826458E8,c348e29400ebe021db666e856fec31595170b0090866fe06d013a15bb05b35e1,078590e8772083d7b980e5eeac88d7f9f04cac043ee5f5513c305322da13ce38,353,0.22774252304035103,SAME_REGION_TYPE,true,0.9,0.9500000000000001,1.0,50,9,6.609091518234563,0.04004946938896418,0.9505047632254879,0.9230769230769231,3.899243874416874E8,62b0df5bb3d2c143c95a9fe9c6288a08338e3e1478bb18bc67c60c028641929a,da6f28e3ad70de2f738d5716f8056b66faaf47bcdf8f80c88a07a4a0e10b3a7b
DISTRICT,GYEONGGI,안성시,TRADITION_HISTORY,WATERFRONT,4,31,1.0,NATIONWIDE_TYPE_VENUE,31,1,1.0,1.0,0.7922756516307254,0.6877118644067797,3.141578494874918E8,c0745607175cb18cadd7e1f4435374983eded73e4a37d3abefd288d57a8daaeb,c0745607175cb18cadd7e1f4435374983eded73e4a37d3abefd288d57a8daaeb,35,0.8295837707081873,GLOBAL_SIMILARITY,true,0.95,1.0,1.0,35,5,1.437861436074741,0.8295837707081869,0.8261674354093463,0.6877118644067797,2.3299645103363472E8,fb92a3607be3394891e35c0aa6914e1c700d0ff7852e0611e0b2e05e6edb478f,fb92a3607be3394891e35c0aa6914e1c700d0ff7852e0611e0b2e05e6edb478f
DISTRICT,GYEONGGI,안성시,LOCAL_SPECIALTY,OTHER,3,30,1.0,NATIONWIDE_TYPE_VENUE,30,1,1.0,1.0,0.8356145148492785,0.6943548387096775,1.3008538335059793E8,d7eb5f5a7795ed75ed648bbe71eacb81a6fe0bd8c57b502eb69efc2e8672ca56,d7eb5f5a7795ed75ed648bbe71eacb81a6fe0bd8c57b502eb69efc2e8672ca56,147,0.1687815346816688,SAME_REGION_TYPE,true,0.9,0.9500000000000001,1.0,50,9,6.039530104858364,0.04060677540577489,0.9436791508619705,0.9230769230769231,2.2449058180227518E8,761087d89f2bc6c44bfab1932ee0376a2058943ab53c41bab16b13cb3ec5ba46,17a5d15de8a9b8a288afd843a9fda24851a204a1b2750f518a9aa3ddd0cfecf8
DISTRICT,GYEONGGI,안성시,TRADITION_HISTORY,INDEPENDENT,2,38,1.0,NATIONWIDE_TYPE_VENUE,38,1,1.0,1.0,0.8413789968118544,0.75,2.367351347736866E8,8674a18a77fd59101747b5bfbca30d4351075de073f6e1726ea05249ad86bedb,8674a18a77fd59101747b5bfbca30d4351075de073f6e1726ea05249ad86bedb,143,0.22588199893242322,SAME_REGION_TYPE,true,0.9,0.9500000000000001,1.0,50,9,6.8081125928043535,0.10261962810616349,0.9383389224891746,0.9230769230769231,2.218920714273612E8,55d16c1efde0f8da34032b517f901856ca65f35ec57480bfb1fd311551caa545,0ecbf1798df1a88e9de0675f3f1b9e996b8e60ff9aae8dcfbecf6afbb41905fb
DISTRICT,GYEONGGI,구리시,CULTURE_ART,GREEN,3,29,1.0,SAME_REGION_TYPE_VENUE,29,1,1.0,1.0,0.9218769383300849,0.875,2.8201771202805513E8,66ddf710099067054a5da691f1f789717de9f3ff3d19fc60ef323aad6c8d64f4,66ddf710099067054a5da691f1f789717de9f3ff3d19fc60ef323aad6c8d64f4,40,0.6905057796853221,GLOBAL_SIMILARITY,true,0.95,1.0,1.0,40,4,1.8817494218501851,0.690505779685322,0.9460555743902107,0.875,2.179788195712301E8,5678d8d1fe053a6d4192fc17f1d987025a10e9f34b6cae41ca889db02670ca23,5678d8d1fe053a6d4192fc17f1d987025a10e9f34b6cae41ca889db02670ca23
DISTRICT,GYEONGGI,구리시,CULTURE_ART,GREEN,2,29,1.0,SAME_REGION_TYPE_VENUE,29,1,1.0,1.0,0.921443861384701,0.8562500000000001,2.400735129971242E8,66ddf710099067054a5da691f1f789717de9f3ff3d19fc60ef323aad6c8d64f4,66ddf710099067054a5da691f1f789717de9f3ff3d19fc60ef323aad6c8d64f4,307,0.24573759564410266,SAME_REGION_TYPE,true,0.9125000000000001,0.9625000000000001,1.0,50,7,4.631101663031267,0.23822649310719074,0.9558939219399284,0.9375000000000001,1.3370887558019805E8,5669b19e4fc82ea7e263b91f0128c71bf739cc395d7ce5d8eeb651b9efc70247,9786213233028fe5845a384ca199fee829d7dc54693fe8fe557767b83d23ba32
DISTRICT,GYEONGGI,구리시,CULTURE_ART,UNDECIDED,69,459,0.20361448548290897,SAME_REGION_TYPE,50,8,5.417848104629192,0.020011813556727032,0.9425549797993541,0.9230769230769231,2.056573617679301E8,a51245f1ea3b62fb51ac84bc2ecbbc79c5c1d063a30818c6dddfbfc16a6c48b4,5e0b7b88b267174d187447b50f45151d3169dd2f199ded9de0259373c67f0708,459,0.20361448548290897,SAME_REGION_TYPE,false,-Infinity,NaN,NaN,50,8,5.417848104629192,0.020011813556727032,0.9425549797993541,0.9230769230769231,2.056573617679301E8,a51245f1ea3b62fb51ac84bc2ecbbc79c5c1d063a30818c6dddfbfc16a6c48b4,5e0b7b88b267174d187447b50f45151d3169dd2f199ded9de0259373c67f0708
DISTRICT,GYEONGGI,구리시,LOCAL_SPECIALTY,GREEN,2,95,1.0,NATIONWIDE_TYPE_VENUE,50,1,1.0,1.0,0.8222138326645132,0.7875000000000001,1.2696824045129536E8,6f559ff7303a8c2962ebc48f630fcff4006b749cc57f1e138c456575624dd657,2656d26e95af21d67332627efbde1ed97a7bc5f914d402df502183821dd9fa67,193,0.415383134863362,SAME_REGION_TYPE,true,0.9,0.9500000000000001,1.0,50,7,5.802100885956827,0.020908700739722518,0.9292198459185554,0.9230769230769231,2.3231574571291927E8,98ff6cef8448a1d7792ebdb0c926d93f490e03a8cde28a8b10107ac44958b7e3,9a488a32d3b4d416f6ac9efc31a4864bb2424a171a2400af6e677457ae8ef26f
DISTRICT,GYEONGGI,구리시,CULTURE_ART,VILLAGE,3,39,1.0,NATIONWIDE_TYPE_VENUE,39,1,1.0,1.0,0.8141169082280323,0.683955223880597,1.7006397108023134E8,35666bd283d687af38fec7347887732ca0983e78f887177a0dbce730a02f799c,35666bd283d687af38fec7347887732ca0983e78f887177a0dbce730a02f799c,302,0.2592058117790157,SAME_REGION_TYPE,true,0.9,0.9500000000000001,1.0,50,9,6.5902481123897045,0.0399184467030254,0.9521162234617173,0.9230769230769231,2.8165125288858676E8,f6a61203ba516d6ea09048e81205ae4dce036929c9633dd7d6f335fcf7bfd5fb,32030375ebd86920ecd47b477469143781efdbf020c4d7086a561b745b689bfc
DISTRICT,GYEONGGI,포천시,CULTURE_ART,GREEN,3,29,1.0,SAME_REGION_TYPE_VENUE,29,1,1.0,1.0,0.917544387828106,0.875,2.81227812361531E8,66ddf710099067054a5da691f1f789717de9f3ff3d19fc60ef323aad6c8d64f4,66ddf710099067054a5da691f1f789717de9f3ff3d19fc60ef323aad6c8d64f4,292,0.2595150828279527,SAME_REGION_TYPE,true,0.9,0.9500000000000001,1.0,50,8,6.843186621176495,0.19959343820143743,0.9509000336734512,0.9375000000000001,3.217347526272202E8,b5f9d61db4c258a0658519f1e0350f37bea764be733f6d6f9d1810bcdc95554c,1da463f5f4bdc720745305883b16f043b93588c4b04185f6c416a13583afe55f
DISTRICT,GYEONGGI,포천시,NATURE_ECOLOGY,WATERFRONT,37,70,1.0,NATIONWIDE_TYPE_VENUE,50,1,1.0,1.0,0.7730455506341676,0.6907894736842106,1.9887015007808968E8,0a635fe7c95464734d67fcf3eb34fbe1decb151168419235fa06b370eaf0e0c0,225e3ba813dfc4be85c8d183353ee56b10e39485cbee2fd52937aa6d226d6bbc,85,0.719672717401154,GLOBAL_SIMILARITY,true,0.9266666666666667,0.9766666666666668,1.0,50,8,2.6305869766348597,0.5927693858520131,0.88089552326041,0.6986842105263158,1.3296448166530928E8,72d3580e15d02ecadf384db7bf54cccba64f49b3cfb887962a4b08dd8992e9be,82224b3b2fe76c78abac8ce0009626cc7cdbd7ae75cc52077a7470240c3c0082
DISTRICT,GYEONGGI,포천시,NATURE_ECOLOGY,WATERFRONT,51,70,1.0,NATIONWIDE_TYPE_VENUE,50,1,1.0,1.0,0.7723820513409663,0.6865384615384615,2.0139416939357623E8,0a635fe7c95464734d67fcf3eb34fbe1decb151168419235fa06b370eaf0e0c0,225e3ba813dfc4be85c8d183353ee56b10e39485cbee2fd52937aa6d226d6bbc,85,0.7190478073044382,GLOBAL_SIMILARITY,true,0.9298076923076923,0.9798076923076924,1.0,50,8,2.630372998784802,0.5926062813909507,0.8802218636487233,0.6923076923076924,1.351298079885381E8,72d3580e15d02ecadf384db7bf54cccba64f49b3cfb887962a4b08dd8992e9be,82224b3b2fe76c78abac8ce0009626cc7cdbd7ae75cc52077a7470240c3c0082
DISTRICT,GYEONGGI,포천시,CULTURE_ART,WATERFRONT,2,90,1.0,NATIONWIDE_TYPE_VENUE,50,1,1.0,1.0,0.827766138395831,0.7875000000000001,2.0127298614522272E8,c348e29400ebe021db666e856fec31595170b0090866fe06d013a15bb05b35e1,1f9a0dfc32d879f52af9dfd7e3cac6af70af5370c9143787af10e03a4f73ed07,368,0.21896970892281398,SAME_REGION_TYPE,true,0.9,0.9500000000000001,1.0,50,7,4.628190486238895,0.05979191752202465,0.9491704211284346,0.9375000000000001,1.361506432682196E8,5283fcb9bc5b845598fd291cf194ae969656c4144b7047586e1bf010f737a226,a9f6b036bb4ccb15bd92cbf81fae38f4114479cac31094a45c6045ea2f14ca94
DISTRICT,GYEONGGI,포천시,COMMUNITY,WATERFRONT,58,29,1.0,NATIONWIDE_TYPE_VENUE,29,1,1.0,1.0,0.7094142714270043,0.6800847457627119,2.0268506132638407E8,d79174673ff7f3466f21cd9adef13feaf0fb2e943028627027b036405e0d7d39,d79174673ff7f3466f21cd9adef13feaf0fb2e943028627027b036405e0d7d39,87,0.24324807865305434,SAME_REGION_TYPE,true,0.8076271186440679,0.8576271186440679,1.0,50,7,3.896241211475613,0.14199312714776624,0.9284377478191906,0.9230769230769231,1.1890542348174998E8,0e4820ac64e0f57b95a1e62d61a34fe6d27af4c72aafbbdd5c99d49f6b56a53a,eb1d949d6b741e0df17cf83e2dd2c14c340681ca313f7a8d8ccd9b8d1e34c7ca
DISTRICT,GYEONGGI,포천시,LOCAL_SPECIALTY,WATERFRONT,2,71,1.0,NATIONWIDE_TYPE_VENUE,50,1,1.0,1.0,0.8204739039470405,0.7875000000000001,9.757298349285102E7,423ef67fb8d8ce3b4c72bcaeeff7f273fce5f5c7748615ef99cbb399498ea8e6,b2525753c3681e3fb76811d15b45ba72b163976d05991750068ea1e9288069bd,78,0.8672698930436736,GLOBAL_SIMILARITY,true,0.95,1.0,1.0,50,6,1.5125825046651624,0.8080241518048819,0.8577329785217634,0.7875000000000001,1.0326722889661355E8,c7aa47035e81669b92018715b7fcf8932ef6469aa6095d5e718ed1ce805ac708,b4e68a20bb826023ae956beb3b8f20c5badff7b392727dc11e42cf4c95836cd8
DISTRICT,GYEONGGI,양평군,LOCAL_SPECIALTY,GREEN,3,95,1.0,NATIONWIDE_TYPE_VENUE,50,1,1.0,1.0,0.8365547462317479,0.795,3.1620837703637505E8,6f559ff7303a8c2962ebc48f630fcff4006b749cc57f1e138c456575624dd657,5a986b0215651824de95e1adb43a632d8f711bffaf0af63ec78d1360bf21ab13,120,0.7177941445485357,GLOBAL_SIMILARITY,true,0.95,1.0,1.0,50,9,4.249529270885551,0.4296639033481143,0.9320092871831592,0.8250000000000001,2.100847542943118E8,692b3c83517560a1f896cd3c4a2cecbc5cf0a0d50dbc9299833f58f6345dc65d,dd8ad076bd5b57dc0f65e3e0b23ff8465555ec89ea232feb341979b148a00d36
DISTRICT,GYEONGGI,양평군,LOCAL_SPECIALTY,OTHER,2,30,1.0,NATIONWIDE_TYPE_VENUE,30,1,1.0,1.0,0.8642921103163562,0.6895161290322581,1.0656307616787612E8,d7eb5f5a7795ed75ed648bbe71eacb81a6fe0bd8c57b502eb69efc2e8672ca56,d7eb5f5a7795ed75ed648bbe71eacb81a6fe0bd8c57b502eb69efc2e8672ca56,55,0.4703124900168402,SAME_REGION_TYPE,true,0.95,1.0,1.0,50,9,4.190284629689112,0.43503879677733925,0.9418996092593405,0.7875000000000001,1.3653996684831277E8,dbc24f0a25cf57f8cb34672b429ce3f85df6ea0426858826bab24534b730a652,880d68d8bb9f39e2bae938baed929469deaf2b8c6e68b6bbefb14c8bdfb3d309
DISTRICT,GYEONGGI,양평군,COMMUNITY,OTHER,61,137,0.16562625867586167,SAME_REGION_TYPE,50,8,4.002942151213715,0.023150684931506835,0.9302002107481555,0.9230769230769231,1.1651150085461563E8,62927a35a000ca7ce838d28918aee078cc741be1283e00356ccadbc352241a1d,f74a98e4b396700fbab58971abb69d1b31a8959cabd6329f117a174591c5735d,137,0.16562625867586167,SAME_REGION_TYPE,false,-Infinity,NaN,NaN,50,8,4.002942151213715,0.023150684931506835,0.9302002107481555,0.9230769230769231,1.1651150085461563E8,62927a35a000ca7ce838d28918aee078cc741be1283e00356ccadbc352241a1d,f74a98e4b396700fbab58971abb69d1b31a8959cabd6329f117a174591c5735d
DISTRICT,GYEONGGI,양평군,CULTURE_ART,WATERFRONT,3,90,1.0,NATIONWIDE_TYPE_VENUE,50,1,1.0,1.0,0.8320496444094773,0.7875000000000001,3.027443791826458E8,c348e29400ebe021db666e856fec31595170b0090866fe06d013a15bb05b35e1,078590e8772083d7b980e5eeac88d7f9f04cac043ee5f5513c305322da13ce38,353,0.2275292853587683,SAME_REGION_TYPE,true,0.9,0.9500000000000001,1.0,50,8,4.457052000329872,0.04099127734774664,0.9389213792880572,0.9230769230769231,3.284818332928429E8,62b0df5bb3d2c143c95a9fe9c6288a08338e3e1478bb18bc67c60c028641929a,7159851e09454be6b58e479040703fab7bc06ced1ceab47a8de7fc5efacc6af6
DISTRICT,GYEONGGI,양평군,CULTURE_ART,OTHER,3,70,1.0,NATIONWIDE_TYPE_VENUE,50,1,1.0,1.0,0.8136756102343363,0.7875000000000001,2.0962937018100592E8,e2894551a9aade3371c9d134fd015763aa296c0fb24e8191f8fdd46932c4cd77,ccdbdadc5964425d86c79a682da9ab46d2f23dc99bb31f5eb06f604c748002d0,333,0.23862751349305383,SAME_REGION_TYPE,true,0.8911764705882352,0.9411764705882353,1.0,50,8,4.177847867733532,0.02014739127005813,0.9382049287967766,0.9230769230769231,3.330146041449586E8,12425c016f5726ec24fb60a30a5c6e3a9becaf0f770653d09704c61ec33d48f6,7080dedf95ef65cc036beb1f0f3885322e011e5d3496e65209e68c31fbaa01f3
DISTRICT,GYEONGGI,양평군,COMMUNITY,GREEN,3,41,1.0,NATIONWIDE_TYPE_VENUE,41,1,1.0,1.0,0.8107620902224564,0.7150000000000001,1.426241312443866E8,2e791c1fbe39f5acd2e443473c32520423f6131ee59cef2b016af5dfdade83f7,2e791c1fbe39f5acd2e443473c32520423f6131ee59cef2b016af5dfdade83f7,47,0.8159126409443328,GLOBAL_SIMILARITY,true,0.95,1.0,1.0,47,7,1.4895105754473121,0.8159126409443325,0.8455983972666186,0.7150000000000001,1.351035569719236E8,02162b6214df8a16c8e51faafc701c0f27f7337a470d3dea06372393a44af4cf,02162b6214df8a16c8e51faafc701c0f27f7337a470d3dea06372393a44af4cf
DISTRICT,GYEONGGI,양평군,COMMUNITY,WATERFRONT,2,29,1.0,NATIONWIDE_TYPE_VENUE,29,1,1.0,1.0,0.8033373988628226,0.6964285714285715,1.3734569782406336E8,d79174673ff7f3466f21cd9adef13feaf0fb2e943028627027b036405e0d7d39,d79174673ff7f3466f21cd9adef13feaf0fb2e943028627027b036405e0d7d39,121,0.1886032125722651,SAME_REGION_TYPE,true,0.9,0.9500000000000001,1.0,50,8,5.830480465847006,0.020465415235906836,0.9396291036035396,0.9230769230769231,8.198395264621061E7,455723a372adb1db73bc5c27fe3b03b04983bf6a784c3541e1efd839efcc58d9,bb1a64878a3fd0a67ea61b30c2a682e12c1b44e025fae3da32ebdce0b4432e57
DISTRICT,GYEONGGI,양평군,LOCAL_SPECIALTY,GREEN,2,95,1.0,NATIONWIDE_TYPE_VENUE,50,1,1.0,1.0,0.8238417174790389,0.7875000000000001,1.2749426191097812E8,6f559ff7303a8c2962ebc48f630fcff4006b749cc57f1e138c456575624dd657,2656d26e95af21d67332627efbde1ed97a7bc5f914d402df502183821dd9fa67,199,0.39373204256177047,SAME_REGION_TYPE,true,0.9125000000000001,0.9625000000000001,1.0,50,9,6.27212191555508,0.03961036956201273,0.9626153122126305,0.9230769230769231,2.1143678117366418E8,482bd8298e3998bb8c55b05ec0ccc52a5f1bd27c230eba251c20f3e8cf047c82,7e78f957394d57694c36441eb73621da269d39de23541ae9da82146e4b284868
DISTRICT,GYEONGGI,양평군,LOCAL_SPECIALTY,VILLAGE,2,23,1.0,NATIONWIDE_TYPE_VENUE,23,1,1.0,1.0,0.8125186824442135,0.7159090909090909,1.2261323050074872E8,3fbec895063fe63197622dd9e2f7c6edb414b8212fdbf14439a971c269a81dc0,3fbec895063fe63197622dd9e2f7c6edb414b8212fdbf14439a971c269a81dc0,127,0.15665014084250944,SAME_REGION_TYPE,true,0.9,0.9500000000000001,1.0,50,9,5.98419286468654,0.019577823841106953,0.9618868069823739,0.9230769230769231,1.944497987723991E8,9baa6d54596648fbc8a105048255da7f46afd78eff77c5a76869daabef5e818c,786083d9059657e11c69fa483cd28f38d0accc25e0a3cb840be6814127bf051b
DISTRICT,GYEONGGI,여주시,LOCAL_SPECIALTY,OTHER,2,30,1.0,NATIONWIDE_TYPE_VENUE,30,1,1.0,1.0,0.8492296681293235,0.6895161290322581,1.0634323374470983E8,d7eb5f5a7795ed75ed648bbe71eacb81a6fe0bd8c57b502eb69efc2e8672ca56,d7eb5f5a7795ed75ed648bbe71eacb81a6fe0bd8c57b502eb69efc2e8672ca56,50,0.5220054263532405,GLOBAL_SIMILARITY,true,0.95,1.0,1.0,50,9,3.257076111958106,0.522005426353241,0.9139370967730971,0.6895161290322581,1.8649286770077962E8,d1f273d01a262d418705f9956e08bc9a556b9870f47efa1f6c384c08b7d78f5f,d1f273d01a262d418705f9956e08bc9a556b9870f47efa1f6c384c08b7d78f5f
DISTRICT,GYEONGGI,여주시,COMMUNITY,GREEN,3,41,1.0,NATIONWIDE_TYPE_VENUE,41,1,1.0,1.0,0.8125662497223398,0.7150000000000001,1.4271201878562236E8,2e791c1fbe39f5acd2e443473c32520423f6131ee59cef2b016af5dfdade83f7,2e791c1fbe39f5acd2e443473c32520423f6131ee59cef2b016af5dfdade83f7,119,0.2829447032711167,SAME_REGION_TYPE,true,0.9125000000000001,0.9625000000000001,1.0,50,8,5.6958741011071,0.06267298878910604,0.9384335711238809,0.9230769230769231,1.202794889428594E8,207a13823d6db3798577bce5363d862d5e7ad2ecfd8f885d28815b5f172d9526,de49cbc92ecf5b67157352504e35dfa544dde00ea9d2e4efeb9639b692a80416
DISTRICT,GYEONGGI,여주시,NATURE_ECOLOGY,WATERFRONT,2,70,1.0,NATIONWIDE_TYPE_VENUE,50,1,1.0,1.0,0.8216076381732463,0.765,8.591709724779058E7,0a635fe7c95464734d67fcf3eb34fbe1decb151168419235fa06b370eaf0e0c0,8727a495c11e1deb9472f6c95de513e9af3d841087edf9ab2b77ac2a4167dc44,75,0.9014700341803346,GLOBAL_SIMILARITY,true,0.95,1.0,1.0,50,6,1.3353528252165003,0.8632003309084751,0.847471052726402,0.7875000000000001,8.306499996025507E7,fdbf748258843a22ff984d42b6d5183c478cb86e3d7d8335c81f2e0d2ac6eb02,2670f832f8a98bc4e5a5c87de0e11b42b73df58d2b6c533121c99f3c54846b8f
DISTRICT,GYEONGGI,여주시,CULTURE_ART,WATERFRONT,10,90,1.0,NATIONWIDE_TYPE_VENUE,50,1,1.0,1.0,0.8069163285717741,0.7295454545454546,3.877614849325202E8,c348e29400ebe021db666e856fec31595170b0090866fe06d013a15bb05b35e1,237914b98b613ae757417f6af1d1cf8285e4c690134eedffedd47c78dbaebfc5,90,1.0,GLOBAL_SIMILARITY,true,0.95,1.0,1.0,50,1,1.0,1.0,0.8069163285717741,0.7295454545454546,3.877614849325202E8,c348e29400ebe021db666e856fec31595170b0090866fe06d013a15bb05b35e1,237914b98b613ae757417f6af1d1cf8285e4c690134eedffedd47c78dbaebfc5
DISTRICT,GYEONGGI,여주시,NATURE_ECOLOGY,WATERFRONT,3,70,1.0,NATIONWIDE_TYPE_VENUE,50,1,1.0,1.0,0.819835455001083,0.7875000000000001,1.136100996141335E8,0a635fe7c95464734d67fcf3eb34fbe1decb151168419235fa06b370eaf0e0c0,a73b451eb0ce079172ccfe0953123fa017415f4701cc49d70ee63c332cfa2b80,75,0.8987318479166633,GLOBAL_SIMILARITY,true,0.95,1.0,1.0,50,6,1.351707651095121,0.8577637866041568,0.848313645366497,0.7875000000000001,1.2057628672105499E8,fdbf748258843a22ff984d42b6d5183c478cb86e3d7d8335c81f2e0d2ac6eb02,986cbfb9c012010e2583b4b4326042b4209a133dae1bbc3213b949fdc2be1d57
DISTRICT,GYEONGGI,여주시,COMMUNITY,GREEN,2,41,1.0,NATIONWIDE_TYPE_VENUE,41,1,1.0,1.0,0.8238925279812463,0.7050000000000001,1.2055263973985974E8,2e791c1fbe39f5acd2e443473c32520423f6131ee59cef2b016af5dfdade83f7,2e791c1fbe39f5acd2e443473c32520423f6131ee59cef2b016af5dfdade83f7,47,0.8222500795399087,GLOBAL_SIMILARITY,true,0.95,1.0,1.0,47,5,1.4602338231378786,0.8222500795399089,0.8539145347561901,0.7050000000000001,1.0987053850831477E8,961cc9ca2f0018464786435b7ec36b6965398be041b58841dc1c7c5cc89f8d9f,961cc9ca2f0018464786435b7ec36b6965398be041b58841dc1c7c5cc89f8d9f
DISTRICT,GYEONGGI,여주시,LOCAL_SPECIALTY,INDEPENDENT,10,37,1.0,NATIONWIDE_TYPE_VENUE,37,1,1.0,1.0,0.7471586983063301,0.7022727272727273,1.801477828922585E8,f48a1845e91ccd6df2e6cbb8eff45c61703b96b9de9c78eebb998bf15f66a0a2,f48a1845e91ccd6df2e6cbb8eff45c61703b96b9de9c78eebb998bf15f66a0a2,135,0.19480848326211023,SAME_REGION_TYPE,true,0.8545454545454546,0.9045454545454547,1.0,50,8,5.483997721637359,0.06712779942752051,0.9472783647146154,0.9230769230769231,3.302926744347877E8,b4df9558a1f671d61a80755a3b7fe6413c71572cbd7aa3aa1100f59cba7250fc,ab1b6e3ac046d694b56c7a894c8f0716c35b7f7a811075414d9d9068442bc3fb
DISTRICT,GYEONGGI,여주시,TRADITION_HISTORY,INDEPENDENT,3,38,1.0,NATIONWIDE_TYPE_VENUE,38,1,1.0,1.0,0.8445334032890024,0.75,2.9381485553635633E8,8674a18a77fd59101747b5bfbca30d4351075de073f6e1726ea05249ad86bedb,8674a18a77fd59101747b5bfbca30d4351075de073f6e1726ea05249ad86bedb,143,0.22851109970285402,SAME_REGION_TYPE,true,0.9,0.9500000000000001,1.0,50,9,6.539976172086563,0.06204018280341361,0.9346628922382637,0.9230769230769231,3.3365289267265123E8,e262e10c92cf24e531140c2d6572108c8283e241ef88e58eb67592a46eb24bb3,1d72fa9cce76c9071db441b0c476c83f7d8aa58cc9aec8ed98e20786f4104a6c
DISTRICT,GYEONGGI,여주시,COMMUNITY,OTHER,2,137,0.14668137810631088,SAME_REGION_TYPE,50,7,5.778988784540468,0.02263580678010141,0.9407222569752162,0.9230769230769231,8.082364734345235E7,62927a35a000ca7ce838d28918aee078cc741be1283e00356ccadbc352241a1d,6ec2f5421db637153518cbfcef08a272aefd2570b4a74746bfe1ab05520a627d,137,0.14668137810631088,SAME_REGION_TYPE,false,-Infinity,NaN,NaN,50,7,5.778988784540468,0.02263580678010141,0.9407222569752162,0.9230769230769231,8.082364734345235E7,62927a35a000ca7ce838d28918aee078cc741be1283e00356ccadbc352241a1d,6ec2f5421db637153518cbfcef08a272aefd2570b4a74746bfe1ab05520a627d
DISTRICT,GYEONGGI,여주시,LOCAL_SPECIALTY,GREEN,3,95,1.0,NATIONWIDE_TYPE_VENUE,50,1,1.0,1.0,0.8365547462317479,0.795,3.1509618425150096E8,6f559ff7303a8c2962ebc48f630fcff4006b749cc57f1e138c456575624dd657,5a986b0215651824de95e1adb43a632d8f711bffaf0af63ec78d1360bf21ab13,117,0.7385329847801296,GLOBAL_SIMILARITY,true,0.95,1.0,1.0,50,9,3.717738529844032,0.4818749976845939,0.9293657916282306,0.8250000000000001,3.221014644777114E8,eda12ac9a3b1dc6d0b59ae5ac8a97ec2a8b9d269eb55e68352b7cd6f65cbe2f1,51db35b65ede141d1cd72c56e26c1b91b66b10b1085e46c644cc324a6dad5485
DISTRICT,GYEONGGI,의왕시,CULTURE_ART,GREEN,2,29,1.0,SAME_REGION_TYPE_VENUE,29,1,1.0,1.0,0.9216460153524022,0.8562500000000001,2.3981889792052704E8,66ddf710099067054a5da691f1f789717de9f3ff3d19fc60ef323aad6c8d64f4,66ddf710099067054a5da691f1f789717de9f3ff3d19fc60ef323aad6c8d64f4,33,0.8598739305373855,GLOBAL_SIMILARITY,true,0.95,1.0,1.0,33,5,1.3435587013450585,0.8598739305373856,0.9326254512478042,0.8562500000000001,2.474759748846619E8,5e287df370ed36a162d4b621504a4718def9bceff3cbfbe71783b0fe4a86cf5d,5e287df370ed36a162d4b621504a4718def9bceff3cbfbe71783b0fe4a86cf5d
DISTRICT,GYEONGGI,동두천시,CULTURE_ART,WATERFRONT,3,90,1.0,NATIONWIDE_TYPE_VENUE,50,1,1.0,1.0,0.8320496444094773,0.7875000000000001,3.027443791826458E8,c348e29400ebe021db666e856fec31595170b0090866fe06d013a15bb05b35e1,078590e8772083d7b980e5eeac88d7f9f04cac043ee5f5513c305322da13ce38,357,0.22496709156156575,SAME_REGION_TYPE,true,0.9,0.9500000000000001,1.0,50,9,6.972713194736704,0.03998065217797877,0.9511723083910093,0.9230769230769231,3.1598717931468505E8,9a6e5f96dbba4bcc718ee13c59432c80c22c5fe4dac35ed8980fcb9697dd3b37,431ebb12d766283e8f33deb38352c3b08ed0fb020f7eb7f1ded69589838d54d9
DISTRICT,GYEONGGI,동두천시,CULTURE_ART,INDEPENDENT,2,22,1.0,SAME_REGION_TYPE_VENUE,22,1,1.0,1.0,0.9208706039939639,0.8264705882352942,2.1990970450301E8,84e9da0ba7f3fe028b245586e405e2a03e1e417a7c409ccb098a01a2948c173e,84e9da0ba7f3fe028b245586e405e2a03e1e417a7c409ccb098a01a2948c173e,35,0.5868670964539884,GLOBAL_SIMILARITY,true,0.95,1.0,1.0,35,8,2.675935634462433,0.5868670964539882,0.9535615611217797,0.8264705882352942,1.9601870137870574E8,d59193f52cf26f2b8c882ad682d9fb21e5660ea1cf1335587a8031796fbea3dc,d59193f52cf26f2b8c882ad682d9fb21e5660ea1cf1335587a8031796fbea3dc
DISTRICT,GYEONGGI,과천시,CULTURE_ART,GREEN,3,29,1.0,SAME_REGION_TYPE_VENUE,29,1,1.0,1.0,0.917544387828106,0.875,2.81227812361531E8,66ddf710099067054a5da691f1f789717de9f3ff3d19fc60ef323aad6c8d64f4,66ddf710099067054a5da691f1f789717de9f3ff3d19fc60ef323aad6c8d64f4,292,0.2565625340064304,SAME_REGION_TYPE,true,0.9,0.9500000000000001,1.0,50,9,6.258665310203725,0.20069120028923434,0.9479839839525314,0.9375000000000001,4.3672229900814974E8,b5f9d61db4c258a0658519f1e0350f37bea764be733f6d6f9d1810bcdc95554c,9d32e97d4c832fefa3df6d649c6f33f589e23eb54dba5e4f1f24b2f598384c29
DISTRICT,GYEONGGI,가평군,CULTURE_ART,WATERFRONT,23,90,1.0,NATIONWIDE_TYPE_VENUE,50,1,1.0,1.0,0.7810346777584171,0.7000000000000001,4.3360839080206156E8,c348e29400ebe021db666e856fec31595170b0090866fe06d013a15bb05b35e1,6eb33cfd3320e2e7a7bd45d3eca03be039851df5261c230293eec41e57a2fcb3,99,0.8452553186841744,GLOBAL_SIMILARITY,true,0.95,1.0,1.0,50,5,1.7684433635014327,0.737724971330067,0.8485244612661371,0.7125,4.1946740426271427E8,2e5c17b215d3d4ecbe75a861b6b2689408ec3ef3d4202903e4960553dd435320,8920c137db8a3644043564adf1165cf7ecb4e9fcb488feefede0784e8ffb6448
DISTRICT,GYEONGGI,가평군,CULTURE_ART,WATERFRONT,24,90,1.0,NATIONWIDE_TYPE_VENUE,50,1,1.0,1.0,0.7799941928153593,0.6990000000000001,4.3509567657686436E8,c348e29400ebe021db666e856fec31595170b0090866fe06d013a15bb05b35e1,6eb33cfd3320e2e7a7bd45d3eca03be039851df5261c230293eec41e57a2fcb3,99,0.8449103443038403,GLOBAL_SIMILARITY,true,0.9440000000000001,0.9940000000000001,1.0,50,5,1.770570972404686,0.7372074072830612,0.8478712262714914,0.7110000000000001,4.2072204428200835E8,2e5c17b215d3d4ecbe75a861b6b2689408ec3ef3d4202903e4960553dd435320,8920c137db8a3644043564adf1165cf7ecb4e9fcb488feefede0784e8ffb6448
DISTRICT,GYEONGGI,가평군,CULTURE_ART,GREEN,3,29,1.0,SAME_REGION_TYPE_VENUE,29,1,1.0,1.0,0.9197193035934689,0.875,2.8162327131072664E8,66ddf710099067054a5da691f1f789717de9f3ff3d19fc60ef323aad6c8d64f4,66ddf710099067054a5da691f1f789717de9f3ff3d19fc60ef323aad6c8d64f4,42,0.6544182756566514,GLOBAL_SIMILARITY,true,0.95,1.0,1.0,42,7,2.2140607424916556,0.6544182756566517,0.9463228111904279,0.875,3.515790792840343E8,49d8b576d6744a0f5ac4c7a703b6fe1bfa90c88d3f1edab1b41afb14f5d18ae4,49d8b576d6744a0f5ac4c7a703b6fe1bfa90c88d3f1edab1b41afb14f5d18ae4
DISTRICT,GYEONGGI,가평군,CULTURE_ART,WATERFRONT,3,90,1.0,NATIONWIDE_TYPE_VENUE,50,1,1.0,1.0,0.8342039943556016,0.7875000000000001,3.01705687469292E8,c348e29400ebe021db666e856fec31595170b0090866fe06d013a15bb05b35e1,078590e8772083d7b980e5eeac88d7f9f04cac043ee5f5513c305322da13ce38,354,0.22722605992998685,SAME_REGION_TYPE,true,0.9,0.9500000000000001,1.0,50,9,6.527007041255545,0.03980945295090703,0.9534967738571659,0.9230769230769231,3.855147028424096E8,3a12fa1c1a5a66f292d98fcbf6fad1656561d4d3dfb10a5c1a5de3090e7e2248,14eaa9f3829cd8ce779522e38bce6a8062935da8936c58501e48e305a61e09d1
DISTRICT,GYEONGGI,연천군,TRADITION_HISTORY,WATERFRONT,4,31,1.0,NATIONWIDE_TYPE_VENUE,31,1,1.0,1.0,0.7922756516307254,0.6877118644067797,3.141578494874918E8,c0745607175cb18cadd7e1f4435374983eded73e4a37d3abefd288d57a8daaeb,c0745607175cb18cadd7e1f4435374983eded73e4a37d3abefd288d57a8daaeb,41,0.657909275283575,GLOBAL_SIMILARITY,true,0.95,1.0,1.0,41,9,2.225731784240262,0.6579092752835745,0.8623267509793683,0.6877118644067797,4.2037071571038824E8,adfcd316f97c41506e97a61b22136649185cd0194bfa3b04a9d9f202d3d8d845,adfcd316f97c41506e97a61b22136649185cd0194bfa3b04a9d9f202d3d8d845
DISTRICT,GYEONGGI,연천군,NATURE_ECOLOGY,GREEN,61,88,1.0,NATIONWIDE_TYPE_VENUE,50,1,1.0,1.0,0.7500358815709884,0.6870967741935484,2.305682248381308E8,dc459aca48974424d1e63cba2ca3e5c0d723e32a3a4724a75d28d13eea8c5f69,85df5e8ab80eea487a67911d821110872eb057c4603259fd975e377c0b81966f,99,0.8045098241959807,GLOBAL_SIMILARITY,true,0.95,1.0,1.0,50,4,2.0626485323189896,0.6691154523158377,0.8418212223992714,0.6991935483870968,1.6839345394398102E8,36b747206d619f50fb417140b7760f38457be4fa1a467e685d7178ea95f90248,b51c354aaf05e71bc38480719ea362dcf56c1eac14bf96926fba0c0b676e9887
DISTRICT,GYEONGGI,연천군,NATURE_ECOLOGY,INDEPENDENT,2,152,0.18190204583961278,SAME_REGION_TYPE,50,9,6.270297893971763,0.022424853106430963,0.9460509425079252,0.9230769230769231,9.029708556752843E7,b5542ee79013bd7455f3488ba803e869e1fd720c2b778be52c4940c5f4255aab,354367bcbdab3e59fefd227e5f0dbd0078f610cf3320922d7d7eb4ba4e826b3c,152,0.18190204583961278,SAME_REGION_TYPE,false,-Infinity,NaN,NaN,50,9,6.270297893971763,0.022424853106430963,0.9460509425079252,0.9230769230769231,9.029708556752843E7,b5542ee79013bd7455f3488ba803e869e1fd720c2b778be52c4940c5f4255aab,354367bcbdab3e59fefd227e5f0dbd0078f610cf3320922d7d7eb4ba4e826b3c
DISTRICT,GYEONGGI,연천군,NATURE_ECOLOGY,OTHER,10,28,1.0,NATIONWIDE_TYPE_VENUE,28,1,1.0,1.0,0.7706035896105335,0.7022727272727273,1.1819009607272156E8,bac84c25c579cb164a23d21f107620de9d5a19ddb2360cb94e2daef2a6ba747b,bac84c25c579cb164a23d21f107620de9d5a19ddb2360cb94e2daef2a6ba747b,39,0.5967938183366409,GLOBAL_SIMILARITY,true,0.95,1.0,1.0,39,4,2.4316089643503274,0.5967938183366406,0.8630976403309506,0.7022727272727273,1.083940527347193E8,9cb6ca96c6772e1995daf24dcf74355e050430a63b501ee98fd5f794c3a6bcc3,9cb6ca96c6772e1995daf24dcf74355e050430a63b501ee98fd5f794c3a6bcc3
DISTRICT,GYEONGGI,연천군,NATURE_ECOLOGY,WATERFRONT,10,70,1.0,NATIONWIDE_TYPE_VENUE,50,1,1.0,1.0,0.7960024410713875,0.7295454545454546,2.0149045128202814E8,0a635fe7c95464734d67fcf3eb34fbe1decb151168419235fa06b370eaf0e0c0,25d8fd3f1875a46535f7031c838c20eb36a1e7b001987126bbc78e545cf0bdfd,81,0.7908537034496711,GLOBAL_SIMILARITY,true,0.95,1.0,1.0,50,4,1.9312906297266603,0.6977318382620584,0.8678450264179245,0.7431818181818182,1.5072299441987154E8,46fadf4eccb3e7c674747d28b9bf71b25d506b0689fe1759296047b61004c9b7,ded62b5cac2c5b8fba65f64ac91d788abccac546e5d1f58a155c37199a89e722
DISTRICT,GYEONGGI,연천군,LOCAL_SPECIALTY,WATERFRONT,3,71,1.0,NATIONWIDE_TYPE_VENUE,50,1,1.0,1.0,0.8176967385642245,0.7875000000000001,1.5883315578685197E8,423ef67fb8d8ce3b4c72bcaeeff7f273fce5f5c7748615ef99cbb399498ea8e6,07462f69b4dbbe1a619da66006acfa7526480bfdd33312a0b67e57eab70ea9db,188,0.3085958452690137,SAME_REGION_TYPE,true,0.9,0.9500000000000001,1.0,50,9,6.716716945990755,0.040423440994147374,0.9458766350319947,0.9230769230769231,2.265440953405502E8,c8f44f2ca956ad248256cdffb914165a16ceabba9a1120c256eec94c5675c94b,c623c2ffb15653b11c3454d350f0cd11dd30cecde9ba0cf7cf50b9f6b1d5716f
DISTRICT,GANGWON,춘천시,LOCAL_SPECIALTY,WATERFRONT,5,71,1.0,NATIONWIDE_TYPE_VENUE,50,1,1.0,1.0,0.799497349236653,0.75,2.0847499098218122E8,423ef67fb8d8ce3b4c72bcaeeff7f273fce5f5c7748615ef99cbb399498ea8e6,e8c618817c35e7c593a7794293b97955d41c8aee3acda1665cf0325279415c18,88,0.7321558985879352,GLOBAL_SIMILARITY,true,0.925,0.9750000000000001,1.0,50,9,2.7650490333488476,0.5795516560319149,0.8782196886954287,0.775,3.3359638936389965E8,00a8689dfe3a631d23ff7a1c9d6ee0bb755bb8ceeb78b44059814d4bd82fd690,b1b98bffe24cacfe3b7e1cc7bf2afe4c330dd674cc4b84b4f6ca954bd035ee1f
DISTRICT,GANGWON,춘천시,CULTURE_ART,WATERFRONT,2,90,1.0,NATIONWIDE_TYPE_VENUE,50,1,1.0,1.0,0.8272679866364946,0.7875000000000001,1.9016777447218776E8,c348e29400ebe021db666e856fec31595170b0090866fe06d013a15bb05b35e1,f742c495cc5659e7d1e0f1e4d52371d0a98794a5aa7850feeb9bbe3f82c53c23,258,0.2770574226953101,SAME_REGION_TYPE,true,0.875,0.925,1.0,50,9,7.239175679306844,0.01817716400253802,0.972265028542055,0.9230769230769231,3.646840833741585E8,b877b1de319c8d8b1b1785ae722fae363a370ec17779941d5ccfc016bb6712d6,51cac68e0af19dff5d384c34e1eda630f4175d74ea0513e57dd8168c9015df64
DISTRICT,GANGWON,춘천시,CULTURE_ART,GREEN,17,158,1.0,NATIONWIDE_TYPE_VENUE,50,1,1.0,1.0,0.8073040972715757,0.7250000000000001,3.688565187991778E8,4214f3c3954d05a920f970ebc6a910e54d165aa212212417de62ae5be5a531b0,6ce20e8c732dd1c65f0a9c90f1683a90fc31315177fdaa2c6a272124fa6edd11,190,0.7301857727176753,GLOBAL_SIMILARITY,true,0.9285714285714286,0.9785714285714286,1.0,50,8,5.5752773664570086,0.29329076939312365,0.9554221279218857,0.8250000000000001,2.8603926110329646E8,ea03dace1e29b6d5bf26ae67145aee10de5e06cf137896a816d46f0f7d26bc14,a08885ba8b7559b53ba648b49223fbd95dd10c44ad0d3517f6bc16d80fc42222
DISTRICT,GANGWON,춘천시,CULTURE_ART,INDEPENDENT,8,76,1.0,NATIONWIDE_TYPE_VENUE,50,1,1.0,1.0,0.7706222508951968,0.7250000000000001,5.1657595827753496E8,8d3227fce5057e121afb1463f7003206e6d03aae5ceffb834860623ae7d9b164,21e31075a7f8257643916d4528f146197cb2dcd8fc5471ede45970b7dce3c446,288,0.19386967318012358,SAME_REGION_TYPE,true,0.8166666666666667,0.8666666666666667,1.0,50,8,6.785603940666993,0.1675510984665537,0.9787967313164431,0.9230769230769231,3.995639926307611E8,b8a83310a07fa0ab91725e2067bb0a447e4d7048867953c36924fc01ecdbd6de,845c18286f16d2f53c2843c95a94a16ff4da9aeaa2736889d6c070b06cd74284
DISTRICT,GANGWON,춘천시,TRADITION_HISTORY,GREEN,9,54,1.0,NATIONWIDE_TYPE_VENUE,50,1,1.0,1.0,0.7617590748057023,0.7050000000000001,4.404749753996253E8,925fb91efbfb16db5e571b6b008cb99b6c0a3a167e39edb07bb4c1c2cafda7ae,dc9d8ba60f6bcc6cc73b7c82128f88eba511d8fc4f1b7424fd4527a6b70a93b2,99,0.45074160924606493,SAME_REGION_TYPE,true,0.84,0.89,1.0,50,9,5.332404076365885,0.09001905835009631,0.9080869346021955,0.84375,4.454636559209831E8,aa886cc8f74419cb36e1d7e48735597770e4c95ce1a9d67b4f9ebecf217578d6,d050d0c3b7a49ef97bc0991bbb158384a2c34967a103f7dd8c9333a0f99003b9
DISTRICT,GANGWON,춘천시,CULTURE_ART,WATERFRONT,6,90,1.0,NATIONWIDE_TYPE_VENUE,50,1,1.0,1.0,0.8127351280973508,0.7607142857142858,3.950132683693297E8,c348e29400ebe021db666e856fec31595170b0090866fe06d013a15bb05b35e1,6b03f17c31f79be93f64f9d7679c9a96b4f5c3be1ca1c41afbe828635c3045c5,139,0.5368472603560778,GLOBAL_SIMILARITY,true,0.9285714285714286,0.9785714285714286,1.0,50,9,7.684389627144025,0.02000100384677387,0.9796727798765028,0.9318181818181818,3.7019832494930863E8,227782c0249d578fee9589a07bd325ff5a9478d89ce1455845a3c6048af99409,7c9418c1499a2cbea3b347b58bbc06979293e9376700d52c6dcefba27b3ca3e5
DISTRICT,GANGWON,춘천시,CULTURE_ART,WATERFRONT,4,90,1.0,NATIONWIDE_TYPE_VENUE,50,1,1.0,1.0,0.8239781746718506,0.765,4.01048484347229E8,c348e29400ebe021db666e856fec31595170b0090866fe06d013a15bb05b35e1,cbd510f8d688110eacef2b6f8d59d88feab1315181ac98671585068207808198,136,0.5583759674675347,GLOBAL_SIMILARITY,true,0.925,0.9750000000000001,1.0,50,9,7.918870822219122,0.07319501865514756,0.9779363531450767,0.92,2.843325129976579E8,5c4b2a16274def89a6a454be9a780363768dace8c882a5a3b08d2bad60f4026e,4f46f105355506e6e0a24c2d5627ff63bd46228827a491917aad5b2726a95861
DISTRICT,GANGWON,춘천시,CULTURE_ART,WATERFRONT,5,90,1.0,NATIONWIDE_TYPE_VENUE,50,1,1.0,1.0,0.8173974442152662,0.775,4.4216718770432794E8,c348e29400ebe021db666e856fec31595170b0090866fe06d013a15bb05b35e1,7aaee01aab14ef3548479dba8c4cb9a2f3c775924870befc9d14110cebc1804d,124,0.620884620645556,GLOBAL_SIMILARITY,true,0.95,1.0,1.0,50,9,6.26979369619904,0.2664550808514025,0.963628316176081,0.8,3.3997722666077715E8,bd3586f7651ebddb72752c86177c879e8380a0344a2f02b81a3565ec30e0e7f2,80a1b8fc1762e2a6d52bc4fa07953234f5d9f157aa4a300e4b129ca97517b227
DISTRICT,GANGWON,춘천시,CULTURE_ART,INDEPENDENT,2,76,1.0,NATIONWIDE_TYPE_VENUE,50,1,1.0,1.0,0.811698418589816,0.765,2.121809565776166E8,8d3227fce5057e121afb1463f7003206e6d03aae5ceffb834860623ae7d9b164,5610f693d8d84799f2daf0f6aee70e3a587c413706f3c785d0ce35a567a049b5,218,0.2720978011826873,SAME_REGION_TYPE,true,0.9,0.9500000000000001,1.0,50,9,7.251648242695854,0.019153917113013758,0.9726968554983239,0.9230769230769231,3.70250069434726E8,4a761ba7170fe8ec6014a09aed76fd1de6fcba1a24f46a337aace570d51a9855,7d53d212ed016988ea438be4d33399dd7d0f59a0a3428f383a9e167065722b0f
DISTRICT,GANGWON,춘천시,CULTURE_ART,WATERFRONT,8,90,1.0,NATIONWIDE_TYPE_VENUE,50,1,1.0,1.0,0.8117056272041134,0.7416666666666667,4.105347694659754E8,c348e29400ebe021db666e856fec31595170b0090866fe06d013a15bb05b35e1,21ba163a67ef975882f8bbe6271705988d71a3fe55ebb571f2fa704f2940aade,249,0.2765272992795542,SAME_REGION_TYPE,true,0.9,0.9500000000000001,1.0,50,9,7.517286859206434,0.07413727192149197,0.9800504506357753,0.9230769230769231,4.0445442689563733E8,42990745fc59f1f6770c077ec63ff7f1e4f8c0a2aa89a11625cfb7c05a911cd9,d7499b9fcdb7fca9754a7c95c08a8a33e998f008eeab7c1d31794011ec3c7f7f
DISTRICT,GANGWON,춘천시,CULTURE_ART,UNDECIDED,3,269,0.15407182158156005,SAME_REGION_TYPE,50,8,7.198795342525202,0.16828812438858945,0.9763718103935994,0.9375000000000001,3.50844265244323E8,51c2b1bd3012516e3ff6a7d4a9a199e89a29b59baa61975e01723dca40326851,92f7e2f6b4c7a9b511653079bc1fe6eba53c30421d5e8c7ab812ccc7ead6ed6f,269,0.15407182158156005,SAME_REGION_TYPE,false,-Infinity,NaN,NaN,50,8,7.198795342525202,0.16828812438858945,0.9763718103935994,0.9375000000000001,3.50844265244323E8,51c2b1bd3012516e3ff6a7d4a9a199e89a29b59baa61975e01723dca40326851,92f7e2f6b4c7a9b511653079bc1fe6eba53c30421d5e8c7ab812ccc7ead6ed6f
DISTRICT,GANGWON,춘천시,CULTURE_ART,WATERFRONT,7,90,1.0,NATIONWIDE_TYPE_VENUE,50,1,1.0,1.0,0.8125158464261304,0.75,4.049009506727633E8,c348e29400ebe021db666e856fec31595170b0090866fe06d013a15bb05b35e1,6b03f17c31f79be93f64f9d7679c9a96b4f5c3be1ca1c41afbe828635c3045c5,244,0.28393017016601974,SAME_REGION_TYPE,true,0.9125000000000001,0.9625000000000001,1.0,50,9,7.927322774354678,0.056505394156084764,0.9789147287202685,0.9230769230769231,3.9772534148736554E8,074b6a57e28f66ca785594bde8f6cdd06e83bd3d1a1a3539ae58c07b63d4157e,6652cc272bf66e86810962251b585f0fc299461b9512787f335f7274cef5d47e
DISTRICT,GANGWON,춘천시,CULTURE_ART,WATERFRONT,3,90,1.0,NATIONWIDE_TYPE_VENUE,50,1,1.0,1.0,0.8363639954432188,0.7875000000000001,2.9716082308404416E8,c348e29400ebe021db666e856fec31595170b0090866fe06d013a15bb05b35e1,f780d93d68ebee3bbb65a08db27ba7a0a7d93e428fd60a3de5c10ebce22a961e,261,0.27532161743394284,SAME_REGION_TYPE,true,0.9,0.9500000000000001,1.0,50,9,8.325030759825099,0.11357181743664609,0.977676045011631,0.9375000000000001,3.157411773214693E8,dfdbd37e1c6a8663004228589558fa52f6063b654465a0a132c59ecd5a6801db,54a86bc7bdf247b86e41e4adc0bc6f0da29b38cccda392b3fe33c816894ee6dd
DISTRICT,GANGWON,춘천시,CULTURE_ART,INDEPENDENT,3,76,1.0,NATIONWIDE_TYPE_VENUE,50,1,1.0,1.0,0.8110039706513473,0.7875000000000001,2.9956055496580493E8,8d3227fce5057e121afb1463f7003206e6d03aae5ceffb834860623ae7d9b164,985e780e294e733b1f0d65e7aca1b818c66293287d04678f7acf59740d72ae86,247,0.2397886792796523,SAME_REGION_TYPE,true,0.9,0.9500000000000001,1.0,50,9,7.532137100369544,0.018975586098313478,0.9765897219921407,0.9375000000000001,3.646061959142582E8,3ca309dabbf76837c9e847c1abff0c1d62e2fa232b6c6b296b544288d1a88496,8bc5aa1103290ac8a716219552156050534e2314c2e37ef228840c98eb65f2fe
DISTRICT,GANGWON,춘천시,LOCAL_SPECIALTY,GREEN,3,95,1.0,NATIONWIDE_TYPE_VENUE,50,1,1.0,1.0,0.8516456762847555,0.795,2.804232725916192E8,6f559ff7303a8c2962ebc48f630fcff4006b749cc57f1e138c456575624dd657,158fe650519b9eac8c8e2703683989c780f54b3d16a9a642f9843cd804d8de54,253,0.31707961398209256,SAME_REGION_TYPE,true,0.9,0.9500000000000001,1.0,50,9,6.238127392007136,0.17992662012850122,0.9458686418530472,0.9375000000000001,1.602674993705749E8,bc306234ddefc3ef5d8cb10bb2d55c8164d37bef32d50e378667a9c8038399ac,3cc58970e8c3fd9a6c981b771a3c49aa5e9ab7a97061f674cda588667b28d7c1
DISTRICT,GANGWON,춘천시,CULTURE_ART,WATERFRONT,15,90,1.0,NATIONWIDE_TYPE_VENUE,50,1,1.0,1.0,0.7885134741890314,0.7125,4.4616643360826033E8,c348e29400ebe021db666e856fec31595170b0090866fe06d013a15bb05b35e1,b76edb99c2e9cda5bf67eb14f885f318f43e4f9b8ff454257a6670ec44d04135,236,0.28205512158501866,SAME_REGION_TYPE,true,0.890625,0.940625,1.0,50,9,7.264754225218742,0.01875560044331988,0.9732141354971504,0.9230769230769231,3.9475293634513414E8,4e23d43ed14b28e770e31dd71390131f8806e66c3558928074e528eed023ddc3,8e26d4e4267bc871711f7c7f28a3aad25ea3bb1988c71904c6e95a6b1e70837a
DISTRICT,GANGWON,춘천시,LOCAL_SPECIALTY,VILLAGE,2,23,1.0,NATIONWIDE_TYPE_VENUE,23,1,1.0,1.0,0.8387685273967939,0.765,1.3346691625092793E8,3fbec895063fe63197622dd9e2f7c6edb414b8212fdbf14439a971c269a81dc0,3fbec895063fe63197622dd9e2f7c6edb414b8212fdbf14439a971c269a81dc0,28,0.761779728720241,GLOBAL_SIMILARITY,true,0.95,1.0,1.0,28,6,1.6901652178656936,0.7617797287202405,0.8771771325391644,0.765,1.827485266148401E8,b13b70f0aec896a4b09869fd029a695839d08596a9a82a9b1352e958909db2f3,b13b70f0aec896a4b09869fd029a695839d08596a9a82a9b1352e958909db2f3
DISTRICT,GANGWON,원주시,CULTURE_ART,INDEPENDENT,3,76,1.0,NATIONWIDE_TYPE_VENUE,50,1,1.0,1.0,0.8129393354284594,0.7875000000000001,3.00771010710326E8,8d3227fce5057e121afb1463f7003206e6d03aae5ceffb834860623ae7d9b164,985e780e294e733b1f0d65e7aca1b818c66293287d04678f7acf59740d72ae86,92,0.7527337373452461,GLOBAL_SIMILARITY,true,0.95,1.0,1.0,50,9,2.630527896362522,0.5950207222334234,0.8903318164054674,0.7875000000000001,3.0236826492759883E8,3bb4181998b4a4c4908f7008f296a3d2cf5953c5b8b71a6993005c05f799c03a,b53a36a95ec83b13c9e49190d3a975dafb70fbde6818b6d3908f633c6fcdff35
DISTRICT,GANGWON,원주시,CULTURE_ART,GREEN,5,158,1.0,NATIONWIDE_TYPE_VENUE,50,1,1.0,1.0,0.8444380633440474,0.775,3.0376456387649137E8,4214f3c3954d05a920f970ebc6a910e54d165aa212212417de62ae5be5a531b0,8356b69bafe384e0b97781abc3d632a6710755a01830020db61384a2a500a9f9,176,0.845841818630588,GLOBAL_SIMILARITY,true,0.95,1.0,1.0,50,9,2.7939563151085047,0.5764112715034801,0.9210572835584199,0.8,3.6241542215155834E8,4ac0bb3d205546c43d0871cafecb2f94c89da9bb6572d1e99fa5be03858d7a31,73958d38b56334e982cf617527d9182bf0a804560953ef52fe595f956ebffef9
DISTRICT,GANGWON,원주시,NATURE_ECOLOGY,GREEN,5,88,1.0,NATIONWIDE_TYPE_VENUE,50,1,1.0,1.0,0.81220673133649,0.7568181818181818,1.6591511977824348E8,dc459aca48974424d1e63cba2ca3e5c0d723e32a3a4724a75d28d13eea8c5f69,b20aaab01ff2ca27af8e0cd19aae26e6919ee84dd61f950fdec523348501a2c7,194,0.3684930572527109,SAME_REGION_TYPE,true,0.8911764705882352,0.9411764705882353,1.0,50,9,5.4328756352985055,0.13751983072583393,0.9416931107295892,0.9230769230769231,1.232072392391387E8,a1c782009633e6bef9b007a55cf9a86aecacded7d0a5a677195143e88ca7e438,7f0c8d0c4a84a8e2a5963c2bbba4c0fd709a25466ee75ab894121c8e500245f9
DISTRICT,GANGWON,원주시,COMMUNITY,GREEN,3,41,1.0,NATIONWIDE_TYPE_VENUE,41,1,1.0,1.0,0.8093809667617018,0.6907894736842106,1.4354166440126678E8,2e791c1fbe39f5acd2e443473c32520423f6131ee59cef2b016af5dfdade83f7,2e791c1fbe39f5acd2e443473c32520423f6131ee59cef2b016af5dfdade83f7,51,0.72987186491967,GLOBAL_SIMILARITY,true,0.95,1.0,1.0,50,6,1.824906184667381,0.7262501942787956,0.8597839370986841,0.7035714285714286,8.364075128567527E7,b80d81f28732df2beaff8bbc06ad9ecb5ca2812d4d5de84bc028803550bfb831,eff49d0f26d053e94d49461c2c9c3b2a0c3cf3b8e0b7347f49f938dc0e484e06
DISTRICT,GANGWON,원주시,COMMUNITY,INDEPENDENT,3,21,1.0,NATIONWIDE_TYPE_VENUE,21,1,1.0,1.0,0.8144935202193496,0.75,1.7210499166851017E8,eedf7791ca3d1393402cd8cd68579a82dd4c14bb23bf3bca6d0ba4c78b4feceb,eedf7791ca3d1393402cd8cd68579a82dd4c14bb23bf3bca6d0ba4c78b4feceb,62,0.27427021690411424,SAME_REGION_TYPE,true,0.8911764705882352,0.9411764705882353,1.0,50,9,7.492669442426756,0.1505287890753829,0.9298415764165049,0.7941176470588235,7.999116143401544E7,d212c198cfd95e6f2e1a172f241f4431272271c219796c0b462a53eb90a28605,fd16c3f66c5a36765372cde44654bea05cf72c8aff6f49d9916bd25e58e1c24b
DISTRICT,GANGWON,원주시,LOCAL_SPECIALTY,VILLAGE,3,23,1.0,NATIONWIDE_TYPE_VENUE,23,1,1.0,1.0,0.833245778175627,0.7875000000000001,1.7115990774709857E8,3fbec895063fe63197622dd9e2f7c6edb414b8212fdbf14439a971c269a81dc0,3fbec895063fe63197622dd9e2f7c6edb414b8212fdbf14439a971c269a81dc0,42,0.45848688614474326,SAME_REGION_TYPE,true,0.95,1.0,1.0,42,6,3.654526485512885,0.45848688614474326,0.9173272736302566,0.7875000000000001,9.490879800031932E7,f4c66ef85a1d16ee020e4bcc419744c7acf36924857aab5d523cafdb7e721414,f4c66ef85a1d16ee020e4bcc419744c7acf36924857aab5d523cafdb7e721414
DISTRICT,GANGWON,원주시,COMMUNITY,VILLAGE,4,75,0.29223779184526405,SAME_REGION_TYPE,50,9,7.872756193911717,0.10548430397066669,0.9309882762245629,0.8625,6.769660301813196E7,16ff403e4314717320a30369bc3b36d0c204cdbb8dc5b230289d64de7e9a03c7,cf321247776b8d616bfeec11aaecaf50057d11dcdb2d769edcb51c6376aa84aa,75,0.29223779184526405,SAME_REGION_TYPE,false,-Infinity,NaN,NaN,50,9,7.872756193911717,0.10548430397066669,0.9309882762245629,0.8625,6.769660301813196E7,16ff403e4314717320a30369bc3b36d0c204cdbb8dc5b230289d64de7e9a03c7,cf321247776b8d616bfeec11aaecaf50057d11dcdb2d769edcb51c6376aa84aa
DISTRICT,GANGWON,원주시,LOCAL_SPECIALTY,INDEPENDENT,3,37,1.0,NATIONWIDE_TYPE_VENUE,37,1,1.0,1.0,0.8344699354193319,0.6943548387096775,1.3384754626801823E8,f48a1845e91ccd6df2e6cbb8eff45c61703b96b9de9c78eebb998bf15f66a0a2,f48a1845e91ccd6df2e6cbb8eff45c61703b96b9de9c78eebb998bf15f66a0a2,56,0.5759358935650082,GLOBAL_SIMILARITY,true,0.95,1.0,1.0,50,6,2.9589852537311496,0.5406662389570753,0.9122372633651851,0.7875000000000001,9.353403930573098E7,09dd8aa0af9d2a944fb87da8de07ba830b6f376e367db3a8e3ffe70185bb0070,7ea565661bff916104aecc13de760f7eb7b938bf5739bb274cf6f7fd3ddbf669
DISTRICT,GANGWON,원주시,CULTURE_ART,INDEPENDENT,2,76,1.0,NATIONWIDE_TYPE_VENUE,50,1,1.0,1.0,0.8133948553594657,0.765,2.1307838284179786E8,8d3227fce5057e121afb1463f7003206e6d03aae5ceffb834860623ae7d9b164,5610f693d8d84799f2daf0f6aee70e3a587c413706f3c785d0ce35a567a049b5,218,0.2766260758417081,SAME_REGION_TYPE,true,0.9125000000000001,0.9625000000000001,1.0,50,9,6.646289563616272,0.04101947691087014,0.9458913430808881,0.9230769230769231,3.808847064571198E8,40873583338ab0f2e236bdb72d57b93245eb24e289effba73ac6975b677109c6,e5c2a57216463b85f13e145da35d64ad31e77b3aac1f7abdfa84fec9f700e885
DISTRICT,GANGWON,원주시,LOCAL_SPECIALTY,INDEPENDENT,2,37,1.0,NATIONWIDE_TYPE_VENUE,37,1,1.0,1.0,0.8310350635654661,0.6895161290322581,1.068648033105264E8,f48a1845e91ccd6df2e6cbb8eff45c61703b96b9de9c78eebb998bf15f66a0a2,f48a1845e91ccd6df2e6cbb8eff45c61703b96b9de9c78eebb998bf15f66a0a2,56,0.5686303550844248,GLOBAL_SIMILARITY,true,0.95,1.0,1.0,50,6,3.0161371929127996,0.5339473181557225,0.9161210773974409,0.765,7.599513573100492E7,09dd8aa0af9d2a944fb87da8de07ba830b6f376e367db3a8e3ffe70185bb0070,977b06f1026c5acec482d064594b1e17fd27f68c3b5b051d2929c03c00504d7e
DISTRICT,GANGWON,원주시,LOCAL_SPECIALTY,WATERFRONT,2,71,1.0,NATIONWIDE_TYPE_VENUE,50,1,1.0,1.0,0.8240196836401277,0.7875000000000001,1.056068227622807E8,423ef67fb8d8ce3b4c72bcaeeff7f273fce5f5c7748615ef99cbb399498ea8e6,e7c2fa18f00c513855a9ae00c1bf7c367f884191eb234c59b7f6486aa0f12d25,90,0.7052901952880009,GLOBAL_SIMILARITY,true,0.95,1.0,1.0,50,6,3.0018381893644457,0.5357610289106897,0.9147706662282519,0.7941176470588235,7.437777499382064E7,68ed60913bfeb26365f61cf9dd3eb77e4cda665f030d52d5692422da2f1111d9,2ece5fbc47da2a8119b3adf68a016734d1b4869c3d5817143ce42b47fe0fc6e7
DISTRICT,GANGWON,원주시,TRADITION_HISTORY,INDEPENDENT,3,38,1.0,NATIONWIDE_TYPE_VENUE,38,1,1.0,1.0,0.8025902817335431,0.7083333333333334,3.0590743043939537E8,8674a18a77fd59101747b5bfbca30d4351075de073f6e1726ea05249ad86bedb,8674a18a77fd59101747b5bfbca30d4351075de073f6e1726ea05249ad86bedb,93,0.3376423751840035,SAME_REGION_TYPE,true,0.9,0.9500000000000001,1.0,50,9,6.140739688663299,0.02075943836649362,0.9329370066009198,0.9230769230769231,4.154155404891456E8,c6c76fb7a8fab00b7e2acbf991a1ee6768cff531dcb9baa83e4389d18ff51075,ef13a1524fe603ba7424e196b83ceac1761c990030940978d7643a0e9dc00fb6
DISTRICT,GANGWON,강릉시,NATURE_ECOLOGY,WATERFRONT,6,70,1.0,NATIONWIDE_TYPE_VENUE,50,1,1.0,1.0,0.8248155400562479,0.7392857142857143,1.7547333312171483E8,0a635fe7c95464734d67fcf3eb34fbe1decb151168419235fa06b370eaf0e0c0,e4474a620e4d36de03aed1ccd86149d35f4ada59fe870caf3932ac6908a02e4e,79,0.8313193929703631,GLOBAL_SIMILARITY,true,0.95,1.0,1.0,50,8,1.7040074254922393,0.7599622525997815,0.8751786108203593,0.7607142857142858,1.6703443569285873E8,111c3e6bc3baba7eea880895061bfac0ca0bbb2f6b695f2883a745e48fca7a8d,4f70cbdd0487d82ff8f616230cf9c012673a0197f2998e1f5cbd8aa995c0f2de
DISTRICT,GANGWON,강릉시,NATURE_ECOLOGY,OTHER,3,28,1.0,NATIONWIDE_TYPE_VENUE,28,1,1.0,1.0,0.7981428441923524,0.7000000000000001,9.44587477155314E7,bac84c25c579cb164a23d21f107620de9d5a19ddb2360cb94e2daef2a6ba747b,bac84c25c579cb164a23d21f107620de9d5a19ddb2360cb94e2daef2a6ba747b,141,0.2002013365620935,SAME_REGION_TYPE,true,0.8911764705882352,0.9411764705882353,1.0,50,8,5.0407978571248835,0.039966626361291224,0.9427201057320552,0.9230769230769231,1.2232816273752204E8,7f4c9444a6a1f2650156231e9cc0a8fe14d0f4ea9562306c2d54f29e94a19145,b8d12d4cdf020c8e5ac32e5a44bd64bb46b8529a89eb8e9af71944b5eba3f21c
DISTRICT,GANGWON,강릉시,NATURE_ECOLOGY,GREEN,3,88,1.0,NATIONWIDE_TYPE_VENUE,50,1,1.0,1.0,0.8324985527442201,0.7875000000000001,1.2224353422346954E8,dc459aca48974424d1e63cba2ca3e5c0d723e32a3a4724a75d28d13eea8c5f69,c0bdaabc70aca25f4db393eb2fa908d7bc18f091bc27d28cd0b40366be6cdc2b,187,0.3884813696956059,SAME_REGION_TYPE,true,0.92,0.9700000000000001,1.0,50,8,5.8648401748918335,0.10191596515885784,0.9449693703677554,0.9230769230769231,1.0564338729933852E8,9520dd1d990489cfda416eb7cd1002fda4375a6e22bcde84915109c77a04c9eb,2eb9d2458e64218d8bf5d282ba7f3087f08d45b1ab00cdcbc30b9d75236da99c
DISTRICT,GANGWON,강릉시,CULTURE_ART,VILLAGE,3,39,1.0,NATIONWIDE_TYPE_VENUE,39,1,1.0,1.0,0.8069512307267104,0.683955223880597,1.6219326430586496E8,35666bd283d687af38fec7347887732ca0983e78f887177a0dbce730a02f799c,35666bd283d687af38fec7347887732ca0983e78f887177a0dbce730a02f799c,59,0.5569256983621534,GLOBAL_SIMILARITY,true,0.95,1.0,1.0,50,8,3.3377001897181713,0.5052589469431836,0.9097997658585089,0.7875000000000001,1.9557757642714587E8,b534664d9c24c636f42c83c7dd7a097ea9ae4de54997e0613073a299f7106709,c9ea9ac4fb772e9ec9dce75c62521331b7ef03f9c5100a48cda04913c39cb44f
DISTRICT,GANGWON,강릉시,TRADITION_HISTORY,WATERFRONT,8,31,1.0,NATIONWIDE_TYPE_VENUE,31,1,1.0,1.0,0.7866316550546161,0.6978813559322035,3.454463127997068E8,c0745607175cb18cadd7e1f4435374983eded73e4a37d3abefd288d57a8daaeb,c0745607175cb18cadd7e1f4435374983eded73e4a37d3abefd288d57a8daaeb,36,0.788919640374066,GLOBAL_SIMILARITY,true,0.95,1.0,1.0,36,6,1.5840199439876066,0.7889196403740657,0.8316695220384784,0.6978813559322035,4.683649604940787E8,9a0382ae686b19da173077dd41859a4ff279012577c841f71b576cc00f10ba94,9a0382ae686b19da173077dd41859a4ff279012577c841f71b576cc00f10ba94
DISTRICT,GANGWON,강릉시,CULTURE_ART,WATERFRONT,3,90,1.0,NATIONWIDE_TYPE_VENUE,50,1,1.0,1.0,0.8386264755054093,0.7875000000000001,2.9824416168977714E8,c348e29400ebe021db666e856fec31595170b0090866fe06d013a15bb05b35e1,f780d93d68ebee3bbb65a08db27ba7a0a7d93e428fd60a3de5c10ebce22a961e,256,0.28412814619971094,SAME_REGION_TYPE,true,0.9,0.9500000000000001,1.0,50,8,6.4337139185506285,0.11642775721355458,0.9617099024993895,0.9230769230769231,3.295274980951371E8,86e46968c8280ddb97f0aefbf3014327a9b27fb712ce4e9cabe8bb05a910d8cf,4931cc24d0013b79ddb11be51c1e60e0c57bbb8ad20a55af351a02d5b0144808
DISTRICT,GANGWON,강릉시,CULTURE_ART,WATERFRONT,45,90,1.0,NATIONWIDE_TYPE_VENUE,50,1,1.0,1.0,0.7641988632506884,0.6880434782608696,4.855313293189838E8,c348e29400ebe021db666e856fec31595170b0090866fe06d013a15bb05b35e1,b76edb99c2e9cda5bf67eb14f885f318f43e4f9b8ff454257a6670ec44d04135,226,0.28682222008268776,SAME_REGION_TYPE,true,0.8489130434782609,0.898913043478261,1.0,50,7,5.055107736790573,0.022234151095480874,0.9504981528729527,0.9230769230769231,3.9687822217107034E8,e40c9c48112a75e5290a3b1a6c630b8412d7239dd98a35002fcbf05940f857e0,7c810883754757422b836b62719f1c010ca926cffab191b78a0f1cb9034f2d5c
DISTRICT,GANGWON,강릉시,CULTURE_ART,WATERFRONT,7,90,1.0,NATIONWIDE_TYPE_VENUE,50,1,1.0,1.0,0.8160080319132799,0.75,4.0600639795798796E8,c348e29400ebe021db666e856fec31595170b0090866fe06d013a15bb05b35e1,6b03f17c31f79be93f64f9d7679c9a96b4f5c3be1ca1c41afbe828635c3045c5,107,0.7615989054945921,GLOBAL_SIMILARITY,true,0.95,1.0,1.0,50,8,2.7469090401838,0.5751722251159623,0.9077554409267832,0.7840909090909092,3.3765550060944194E8,e5a7cf7fe7d90a9c1f9aafcc7031ef2ceceefe160fce88e91a6ad68cfb215d88,a72e03b9c451f6eb284af153a4ea872e10b11bebcb7579e4354180e7e60bc21c
DISTRICT,GANGWON,강릉시,NATURE_ECOLOGY,WATERFRONT,45,70,1.0,NATIONWIDE_TYPE_VENUE,50,1,1.0,1.0,0.7807752406987746,0.6880434782608696,1.984737721248579E8,0a635fe7c95464734d67fcf3eb34fbe1decb151168419235fa06b370eaf0e0c0,f8b52e15444dcb73dd59e52775156b4c45027454fe4fd440a46c8ccd88fbd75a,158,0.340250010601247,SAME_REGION_TYPE,true,0.8911764705882352,0.9411764705882353,1.0,50,8,4.348616458714047,0.04064720107259644,0.9346927421281843,0.9230769230769231,1.48384954124858E8,39806a678fe4a53a8361ea95521418d006841155741168f6a08f5d8181516171,4e7bbc08752d52694ed929646d0afa8c3ce4972682d87817c8b366a844594125
DISTRICT,GANGWON,강릉시,TRADITION_HISTORY,WATERFRONT,3,31,1.0,NATIONWIDE_TYPE_VENUE,31,1,1.0,1.0,0.8246792734359741,0.6851694915254237,2.8545028668436563E8,c0745607175cb18cadd7e1f4435374983eded73e4a37d3abefd288d57a8daaeb,c0745607175cb18cadd7e1f4435374983eded73e4a37d3abefd288d57a8daaeb,34,0.8730475053722754,GLOBAL_SIMILARITY,true,0.95,1.0,1.0,34,4,1.3027885718016619,0.873047505372275,0.8469366770332222,0.6851694915254237,3.507697817589747E8,ee2bb96613eaaffdef9bf6bf080b284ad0c8a3caa9f4a7cbbbb49724f4f77954,ee2bb96613eaaffdef9bf6bf080b284ad0c8a3caa9f4a7cbbbb49724f4f77954
DISTRICT,GANGWON,강릉시,LOCAL_SPECIALTY,VILLAGE,4,23,1.0,NATIONWIDE_TYPE_VENUE,23,1,1.0,1.0,0.8191967646070492,0.765,1.9936504432214916E8,3fbec895063fe63197622dd9e2f7c6edb414b8212fdbf14439a971c269a81dc0,3fbec895063fe63197622dd9e2f7c6edb414b8212fdbf14439a971c269a81dc0,150,0.1716979986526555,SAME_REGION_TYPE,true,0.92,0.9700000000000001,1.0,50,9,6.637093005846662,0.04004068876659323,0.9610187457900643,0.9230769230769231,1.2866740035561071E8,c9543d6311b77e6aefeab21f43bbb7bb8f2fa7551d2c2acb6c4ac42ce063f75b,237a6591d67c6488578250461151477881b15a141965c1c44bc4da1398514c99
DISTRICT,GANGWON,강릉시,COMMUNITY,VILLAGE,5,75,0.2904547669626605,SAME_REGION_TYPE,50,9,8.123072225483796,0.10704829627218788,0.9136691698498156,0.8522727272727273,7.979360599700753E7,16ff403e4314717320a30369bc3b36d0c204cdbb8dc5b230289d64de7e9a03c7,c0152997fc2d62298f693c1754c2e2357106ac9681afdd9147c89eaf72ba60db,75,0.2904547669626605,SAME_REGION_TYPE,false,-Infinity,NaN,NaN,50,9,8.123072225483796,0.10704829627218788,0.9136691698498156,0.8522727272727273,7.979360599700753E7,16ff403e4314717320a30369bc3b36d0c204cdbb8dc5b230289d64de7e9a03c7,c0152997fc2d62298f693c1754c2e2357106ac9681afdd9147c89eaf72ba60db
DISTRICT,GANGWON,강릉시,COMMUNITY,VILLAGE,9,75,0.2794742082615647,SAME_REGION_TYPE,50,9,8.033854359571682,0.10210215298408126,0.9051400721587125,0.825,8.292073412383659E7,16ff403e4314717320a30369bc3b36d0c204cdbb8dc5b230289d64de7e9a03c7,d39d0ee58ce8c1ac5511d5c6d8ae7ce81ef3089e365eb36ade122ab20b121015,75,0.2794742082615647,SAME_REGION_TYPE,false,-Infinity,NaN,NaN,50,9,8.033854359571682,0.10210215298408126,0.9051400721587125,0.825,8.292073412383659E7,16ff403e4314717320a30369bc3b36d0c204cdbb8dc5b230289d64de7e9a03c7,d39d0ee58ce8c1ac5511d5c6d8ae7ce81ef3089e365eb36ade122ab20b121015
DISTRICT,GANGWON,강릉시,COMMUNITY,GREEN,2,41,1.0,NATIONWIDE_TYPE_VENUE,41,1,1.0,1.0,0.8136131362209161,0.6868421052631579,1.218619532099065E8,2e791c1fbe39f5acd2e443473c32520423f6131ee59cef2b016af5dfdade83f7,2e791c1fbe39f5acd2e443473c32520423f6131ee59cef2b016af5dfdade83f7,72,0.500920916630036,GLOBAL_SIMILARITY,true,0.9,0.9500000000000001,1.0,50,7,4.859271184360952,0.33811193409792617,0.9010043907468964,0.8250000000000001,6.209332355026231E7,9bd8fc161d064fda565b84ab0148a57e10f4f2805f8c26b1b212a70ecd948f60,4564b84b3f3fdbec1cd85299e668c89a28fe8a5135790f334715c9f2732a549b
DISTRICT,GANGWON,동해시,CULTURE_ART,GREEN,3,158,1.0,NATIONWIDE_TYPE_VENUE,50,1,1.0,1.0,0.8639648947069803,0.8250000000000001,3.124737927387794E8,4214f3c3954d05a920f970ebc6a910e54d165aa212212417de62ae5be5a531b0,640d12e9fd9001d1c0b8d5f569a4a66d8cfd3dd0a87e826067843e02e193f5dc,165,0.9356877148638899,GLOBAL_SIMILARITY,true,0.95,1.0,1.0,50,5,1.4651655606793188,0.8209838729743469,0.8930649662738774,0.8250000000000001,2.5573071262603056E8,226e5c32b600ff460d3d7dcd7af82eed5b4920268c0b4249920d1220cb992c1c,044fb3510a33e2d71357539d4a5092137d5da1a240fa69cdf4f5dbab8ff9063d
DISTRICT,GANGWON,동해시,CULTURE_ART,GREEN,2,158,1.0,NATIONWIDE_TYPE_VENUE,50,1,1.0,1.0,0.857754360593633,0.8250000000000001,1.7039566069387624E8,4214f3c3954d05a920f970ebc6a910e54d165aa212212417de62ae5be5a531b0,26844829f12e27895fbb58dded8e57b4c52c91a7a53103fb9d1b08027cb390e9,165,0.934977803739221,GLOBAL_SIMILARITY,true,0.95,1.0,1.0,50,5,1.4718949463156787,0.8189634346147112,0.887541949799804,0.8250000000000001,1.5950000402957645E8,226e5c32b600ff460d3d7dcd7af82eed5b4920268c0b4249920d1220cb992c1c,8ed3151e951ea238bd6d365601c3b1f112994d4b77f5b6793980d7ad43503b35
DISTRICT,GANGWON,동해시,COMMUNITY,VILLAGE,2,75,0.2911216185627559,SAME_REGION_TYPE,50,9,7.616219439010331,0.12742506200334106,0.9274594560137777,0.8250000000000001,5.7404409605281614E7,16ff403e4314717320a30369bc3b36d0c204cdbb8dc5b230289d64de7e9a03c7,e20bb774e45bbbfb2a094dcecfa4f2675731a69634bfff22d30d95f66b5a2976,75,0.2911216185627559,SAME_REGION_TYPE,false,-Infinity,NaN,NaN,50,9,7.616219439010331,0.12742506200334106,0.9274594560137777,0.8250000000000001,5.7404409605281614E7,16ff403e4314717320a30369bc3b36d0c204cdbb8dc5b230289d64de7e9a03c7,e20bb774e45bbbfb2a094dcecfa4f2675731a69634bfff22d30d95f66b5a2976
DISTRICT,GANGWON,동해시,NATURE_ECOLOGY,WATERFRONT,9,70,1.0,NATIONWIDE_TYPE_VENUE,50,1,1.0,1.0,0.820957597530123,0.7200000000000001,1.9777574815710807E8,0a635fe7c95464734d67fcf3eb34fbe1decb151168419235fa06b370eaf0e0c0,fd01831e733486b7648cb5d6cbf95491133cb0e2929552fd005ee3af9bb7217c,72,0.9556216075538894,GLOBAL_SIMILARITY,true,0.95,1.0,1.0,50,3,1.1274423820237813,0.9408583411719096,0.8346039078918508,0.735,1.8378100911455774E8,2144f09f8990b7879bde9b2c9386bdb60ea268d456d2d2658ec7d30a22cf09ec,17087f5dbb0f8fc5db9e5031e26f2670730a0eb0697345400d210d48964bec61
DISTRICT,GANGWON,동해시,COMMUNITY,OTHER,2,74,0.2717486173985058,SAME_REGION_TYPE,50,9,7.691763793532453,0.10380973194854848,0.9247316074758194,0.8203125000000001,6.137952020930814E7,6d196fadb811966d57d72847fc3cb0f3b3a4dd7d13dd6644b5b3195846d8e3b2,8bb32dbc3e0cacd97eabdd5eb433e6364e1351b0ee2e66fd0e81e110592472cb,74,0.2717486173985058,SAME_REGION_TYPE,false,-Infinity,NaN,NaN,50,9,7.691763793532453,0.10380973194854848,0.9247316074758194,0.8203125000000001,6.137952020930814E7,6d196fadb811966d57d72847fc3cb0f3b3a4dd7d13dd6644b5b3195846d8e3b2,8bb32dbc3e0cacd97eabdd5eb433e6364e1351b0ee2e66fd0e81e110592472cb
DISTRICT,GANGWON,태백시,NATURE_ECOLOGY,GREEN,9,88,1.0,NATIONWIDE_TYPE_VENUE,50,1,1.0,1.0,0.815576778750141,0.735,1.8682741169454634E8,dc459aca48974424d1e63cba2ca3e5c0d723e32a3a4724a75d28d13eea8c5f69,24ad15a3237b3e070a1ca99236c439e0cc5c8b265e7c4e845e38d618efe3f0c9,195,0.36203421919596984,SAME_REGION_TYPE,true,0.8911764705882352,0.9411764705882353,1.0,50,9,5.306151159247333,0.07923393929904886,0.9461213558192547,0.9230769230769231,2.2360559917628822E8,cbb6146ae07b47285b250970e21c229ef9315636b69d18796631100c58988485,5a8db0faa1041e976b2e7ec513f0b80dbc669929eb1e01aab60448fcd8a53bdf
DISTRICT,GANGWON,태백시,NATURE_ECOLOGY,INDEPENDENT,9,208,0.17162676893672144,SAME_REGION_TYPE,50,8,4.871024889379517,0.04496514418914871,0.9448433138583241,0.9230769230769231,2.2394738200419864E8,85228a2364cadd2b030ba4e0bb6020540e67f3b70c6d3ae7dc585d56d75a5ee7,216f3e5c6f438fedcce26cd031caa5d4a8004ec99386b8e6456c88068ebe6973,208,0.17162676893672144,SAME_REGION_TYPE,false,-Infinity,NaN,NaN,50,8,4.871024889379517,0.04496514418914871,0.9448433138583241,0.9230769230769231,2.2394738200419864E8,85228a2364cadd2b030ba4e0bb6020540e67f3b70c6d3ae7dc585d56d75a5ee7,216f3e5c6f438fedcce26cd031caa5d4a8004ec99386b8e6456c88068ebe6973
DISTRICT,GANGWON,태백시,LOCAL_SPECIALTY,INDEPENDENT,3,37,1.0,NATIONWIDE_TYPE_VENUE,37,1,1.0,1.0,0.825203949352188,0.6943548387096775,1.345661789678458E8,f48a1845e91ccd6df2e6cbb8eff45c61703b96b9de9c78eebb998bf15f66a0a2,f48a1845e91ccd6df2e6cbb8eff45c61703b96b9de9c78eebb998bf15f66a0a2,192,0.15795632018106326,SAME_REGION_TYPE,true,0.9,0.9500000000000001,1.0,50,6,5.225469963868744,0.06185096951665909,0.9357464337292443,0.9230769230769231,1.2822154972902036E8,4eceb1d92245966d5c4a6e440deb78402c5ce726cbae35cf4a82ac508922811c,374a38b5b86c2c11288d4c9fa62c43799bebd1cd12e87ec836daeb399db525ba
DISTRICT,GANGWON,태백시,LOCAL_SPECIALTY,GREEN,2,95,1.0,NATIONWIDE_TYPE_VENUE,50,1,1.0,1.0,0.8388087866440519,0.7875000000000001,1.2806930215903863E8,6f559ff7303a8c2962ebc48f630fcff4006b749cc57f1e138c456575624dd657,017a2dda928e924c49e6fef4c17808ab14959b22ec800aea79af8f205851859d,205,0.39310543226782035,SAME_REGION_TYPE,true,0.8911764705882352,0.9411764705882353,1.0,50,6,4.534150307449719,0.10264833646747512,0.9290479023182169,0.9230769230769231,1.11574675206481E8,b82c585ddc4573b8491d224e4f67b6afbd71109139de34700d5be26b7f3dc8d7,e89a0b7b2156b2402af2097ef08e436b5d24bba355c423f227f8c0d97ff19e36
DISTRICT,GANGWON,속초시,NATURE_ECOLOGY,GREEN,2,88,1.0,NATIONWIDE_TYPE_VENUE,50,1,1.0,1.0,0.8268226356496312,0.775,8.92091472506902E7,dc459aca48974424d1e63cba2ca3e5c0d723e32a3a4724a75d28d13eea8c5f69,f14ab224eeafec2801227f26b8025689a0c97bfd88bcb478ab3c806fd8a8bdc9,182,0.3988028885065339,SAME_REGION_TYPE,true,0.9,0.9500000000000001,1.0,50,9,4.936011901021374,0.08172195576567075,0.9341302603150203,0.9230769230769231,1.0350132947924928E8,1a6c221ffcfcfd5d501fe280c6f586de38d48d68df2187d3dcb3b57dec91113e,8b92de41db478ed7909040112a7ea7a6eb7ebd119e667ed3947a01662670530e
DISTRICT,GANGWON,속초시,TRADITION_HISTORY,GREEN,3,54,1.0,NATIONWIDE_TYPE_VENUE,50,1,1.0,1.0,0.8160826439550286,0.75,3.247800704902654E8,925fb91efbfb16db5e571b6b008cb99b6c0a3a167e39edb07bb4c1c2cafda7ae,15013135441599761863f195c6b7c25c44c6b8930cfb9f4e510c4f80f3a88a3e,110,0.4210739065191681,SAME_REGION_TYPE,true,0.9,0.9500000000000001,1.0,50,9,6.372793252618701,0.04146890016555679,0.9336171657285987,0.9230769230769231,4.0097152924148697E8,bc87d7742c24c38b5f8a65cc523005c8910814d6a9eedbc5ed4ae5bc2692b95c,85e22f6ad3fd35abcb28696c80ae84ccc8c2e20c371bb358201fe67f46f66cb2
DISTRICT,GANGWON,속초시,CULTURE_ART,GREEN,3,158,1.0,NATIONWIDE_TYPE_VENUE,50,1,1.0,1.0,0.8652947913585479,0.8250000000000001,3.1902595908621705E8,4214f3c3954d05a920f970ebc6a910e54d165aa212212417de62ae5be5a531b0,640d12e9fd9001d1c0b8d5f569a4a66d8cfd3dd0a87e826067843e02e193f5dc,172,0.8803497285324073,GLOBAL_SIMILARITY,true,0.95,1.0,1.0,50,7,2.158273332694251,0.664352220736672,0.9181279769375339,0.8250000000000001,3.0791184348363495E8,ff5b5305b3718ea00c0d2981fc68dfc603347d1dbbee9ffa73b4e3321532012b,193ee89971f84692eb7fab7e7e102f81888d9e460fa730c2aadaeae342a4f787
DISTRICT,GANGWON,속초시,CULTURE_ART,WATERFRONT,3,90,1.0,NATIONWIDE_TYPE_VENUE,50,1,1.0,1.0,0.8366549733240213,0.7875000000000001,2.9678684310586E8,c348e29400ebe021db666e856fec31595170b0090866fe06d013a15bb05b35e1,f780d93d68ebee3bbb65a08db27ba7a0a7d93e428fd60a3de5c10ebce22a961e,104,0.8046888249219583,GLOBAL_SIMILARITY,true,0.95,1.0,1.0,50,7,2.233546027767364,0.6511418519693654,0.9020841435337301,0.795,3.667186425032828E8,b40be4ffd294c0737856cb0c7b232eea29551c45560f5b63f725954bf62a7b11,4d0777b1cb8d6b50c8dd75f5c0ed0b309a49f138fbc3f7b9cf41f7d54ce3319a
DISTRICT,GANGWON,삼척시,TRADITION_HISTORY,OTHER,3,22,1.0,NATIONWIDE_TYPE_VENUE,22,1,1.0,1.0,0.8136074112698669,0.7295454545454546,2.1346232806258473E8,3d535e023c473017fdda8ada497fd3aeb9dbae27b046a7bdeb89e40249781229,3d535e023c473017fdda8ada497fd3aeb9dbae27b046a7bdeb89e40249781229,28,0.7043987105276863,GLOBAL_SIMILARITY,true,0.95,1.0,1.0,28,7,1.9579399371514348,0.7043987105276862,0.8687053008465765,0.7295454545454546,2.821579845596455E8,05825c01e3f69fedef41c6e6b8926d53a812fc584ed85e4662aaa927e8408847,05825c01e3f69fedef41c6e6b8926d53a812fc584ed85e4662aaa927e8408847
DISTRICT,GANGWON,삼척시,NATURE_ECOLOGY,OTHER,17,28,1.0,NATIONWIDE_TYPE_VENUE,28,1,1.0,1.0,0.7751865756057646,0.6916666666666667,1.2471804282064006E8,bac84c25c579cb164a23d21f107620de9d5a19ddb2360cb94e2daef2a6ba747b,bac84c25c579cb164a23d21f107620de9d5a19ddb2360cb94e2daef2a6ba747b,125,0.2299950628924873,SAME_REGION_TYPE,true,0.908,0.9580000000000001,1.0,50,9,5.322747561973068,0.06046888988142961,0.9445843993208092,0.9230769230769231,2.1075098043699726E8,f3ac25acc38fe64d9f1e884cb601e052ced28db1b73f5f28d89b28ca92cfe6c6,9e0544c0ef260e1dc20f12fd99914cbdff22974f8b70f800b942fbc9c83d6688
DISTRICT,GANGWON,삼척시,LOCAL_SPECIALTY,WATERFRONT,5,71,1.0,NATIONWIDE_TYPE_VENUE,50,1,1.0,1.0,0.7976102355589358,0.75,2.0772427354324454E8,423ef67fb8d8ce3b4c72bcaeeff7f273fce5f5c7748615ef99cbb399498ea8e6,e8c618817c35e7c593a7794293b97955d41c8aee3acda1665cf0325279415c18,203,0.27718692511194876,SAME_REGION_TYPE,true,0.8911764705882352,0.9411764705882353,1.0,50,7,5.214700706326027,0.04055889614802749,0.9267363226946265,0.9230769230769231,1.975108300800815E8,3a95a93167bb21f27a75158ce4b950e1ad09b4070867eaeb2aa9bec988879209,21c3947167c24af248a185c4b506a54164c83423a795cfe20f00b53bce30bae9
DISTRICT,GANGWON,삼척시,NATURE_ECOLOGY,GREEN,7,88,1.0,NATIONWIDE_TYPE_VENUE,50,1,1.0,1.0,0.8098468446773044,0.75,1.6565964133069393E8,dc459aca48974424d1e63cba2ca3e5c0d723e32a3a4724a75d28d13eea8c5f69,3865d06064a0aff017b9327164f1fbecec7595d9dd98eb87904495b40a316d49,180,0.3971658522307049,SAME_REGION_TYPE,true,0.9090909090909092,0.9590909090909092,1.0,50,9,5.400926521790918,0.08053302875415903,0.9439616857021146,0.9230769230769231,1.643917949940033E8,f57a6cb95cec9bfbf279920fca5aee6642f3c1bde9719e288c2ff463b6a705d6,d615c79d6edcf1c7b9da590669541abb8ed9a9d80696f77ff1f7ccc98c7fd424
DISTRICT,GANGWON,삼척시,CULTURE_ART,WATERFRONT,3,90,1.0,NATIONWIDE_TYPE_VENUE,50,1,1.0,1.0,0.8366549733240213,0.7875000000000001,2.9761865573190737E8,c348e29400ebe021db666e856fec31595170b0090866fe06d013a15bb05b35e1,f780d93d68ebee3bbb65a08db27ba7a0a7d93e428fd60a3de5c10ebce22a961e,102,0.8262734447769774,GLOBAL_SIMILARITY,true,0.95,1.0,1.0,50,8,2.009802041374905,0.6932315020436126,0.8957414100657883,0.7941176470588235,3.393003146110841E8,65d14d656e3fedad62bf856963af94bb01ca79f558bc12b621c95b6fb32a9e71,bc0beccf56a775ea293f74fe9b3edad81284093a7543878a9ab7e13df345f15c
DISTRICT,GANGWON,삼척시,CULTURE_ART,OTHER,2,70,1.0,NATIONWIDE_TYPE_VENUE,50,1,1.0,1.0,0.8068619832829702,0.775,1.733664776772268E8,e2894551a9aade3371c9d134fd015763aa296c0fb24e8191f8fdd46932c4cd77,20527dbab40e147534db859712a80c94cbce05d38cc933563b1bcf00191f5cc8,213,0.2592481872796339,SAME_REGION_TYPE,true,0.8911764705882352,0.9411764705882353,1.0,50,8,5.971325381722649,0.02007932292859833,0.9404639128060207,0.9230769230769231,3.6087392302416587E8,a42c71565762a0401d3030cdf85426c710bcfdfe155df90d3c708f3ae91ba196,bcb4eb490b71e23e1ccd0995440339536330912f996ee5311a93a140b83f0e32
DISTRICT,GANGWON,삼척시,TRADITION_HISTORY,GREEN,3,54,1.0,NATIONWIDE_TYPE_VENUE,50,1,1.0,1.0,0.8196527406286336,0.75,3.260814472795569E8,925fb91efbfb16db5e571b6b008cb99b6c0a3a167e39edb07bb4c1c2cafda7ae,15013135441599761863f195c6b7c25c44c6b8930cfb9f4e510c4f80f3a88a3e,60,0.8548684873010154,GLOBAL_SIMILARITY,true,0.95,1.0,1.0,50,7,1.433882011195138,0.8322981022366902,0.8563260365097659,0.775,3.78853440455887E8,2880964dcac7b27b1a23600c6da47d041674eb693059e0e492c9d2179438eaf5,ad0f5187bef008593c8da8619689562dde36e77e073cb59bb1db51870b83906a
DISTRICT,GANGWON,삼척시,CULTURE_ART,INDEPENDENT,3,76,1.0,NATIONWIDE_TYPE_VENUE,50,1,1.0,1.0,0.8127045361162233,0.7875000000000001,2.9979979557072926E8,8d3227fce5057e121afb1463f7003206e6d03aae5ceffb834860623ae7d9b164,985e780e294e733b1f0d65e7aca1b818c66293287d04678f7acf59740d72ae86,228,0.26498205498237637,SAME_REGION_TYPE,true,0.9125000000000001,0.9625000000000001,1.0,50,8,6.1886248854334855,0.04072744424990405,0.9492214250073199,0.9230769230769231,4.5694249471828127E8,0535ba3bbbbb3846353b87d6fecf27ffb0168a0414da10dc261b19060166d7cf,8674f36bd486b2381020530a62fe8656d6659b392eaf0770bf8fa8411185e0e5
DISTRICT,GANGWON,삼척시,CULTURE_ART,INDEPENDENT,2,76,1.0,NATIONWIDE_TYPE_VENUE,50,1,1.0,1.0,0.8136292793477146,0.765,2.1243371069038928E8,8d3227fce5057e121afb1463f7003206e6d03aae5ceffb834860623ae7d9b164,5610f693d8d84799f2daf0f6aee70e3a587c413706f3c785d0ce35a567a049b5,88,0.802784306286155,GLOBAL_SIMILARITY,true,0.95,1.0,1.0,50,8,2.0313667606139925,0.6886593789943448,0.8720527519606406,0.7875000000000001,2.227962778774626E8,f2246e3bb6f80e227220ff9150cb86676e29a655095bf85c5dbb44d09ff476d2,56a14c3576f936d0b004b25f35e95fef49ef12da7ca0d80d9a23d5c3195c95e2
DISTRICT,GANGWON,삼척시,LOCAL_SPECIALTY,UNDECIDED,2,218,0.1356837738239822,SAME_REGION_TYPE,50,5,4.184647952407197,0.19773300854320675,0.928462276767926,0.9230769230769231,1.0643333916972204E8,1d045d3d02f22ff6f3b204d2b6755f093154e88e45690f16eab552784cb62711,2c93fdd694e1e3badc8c6c5fb184512c34c11884c5439c338501672a961edce8,218,0.1356837738239822,SAME_REGION_TYPE,false,-Infinity,NaN,NaN,50,5,4.184647952407197,0.19773300854320675,0.928462276767926,0.9230769230769231,1.0643333916972204E8,1d045d3d02f22ff6f3b204d2b6755f093154e88e45690f16eab552784cb62711,2c93fdd694e1e3badc8c6c5fb184512c34c11884c5439c338501672a961edce8
DISTRICT,GANGWON,홍천군,TRADITION_HISTORY,WATERFRONT,17,31,1.0,NATIONWIDE_TYPE_VENUE,31,1,1.0,1.0,0.7648862387707646,0.6916666666666667,3.4572943046375775E8,c0745607175cb18cadd7e1f4435374983eded73e4a37d3abefd288d57a8daaeb,c0745607175cb18cadd7e1f4435374983eded73e4a37d3abefd288d57a8daaeb,33,0.8981985596764244,GLOBAL_SIMILARITY,true,0.9333333333333333,0.9833333333333334,1.0,33,3,1.2316144301801368,0.8981985596764246,0.7888211583037944,0.6916666666666667,4.03977838960872E8,2bc3ac43b8cc9c59c0e31634526f64421cbd8ecd6238bf55a928a42e19b37ddc,2bc3ac43b8cc9c59c0e31634526f64421cbd8ecd6238bf55a928a42e19b37ddc
DISTRICT,GANGWON,횡성군,LOCAL_SPECIALTY,OTHER,5,30,1.0,NATIONWIDE_TYPE_VENUE,30,1,1.0,1.0,0.7627869269417025,0.7040322580645162,1.4384977579433534E8,d7eb5f5a7795ed75ed648bbe71eacb81a6fe0bd8c57b502eb69efc2e8672ca56,d7eb5f5a7795ed75ed648bbe71eacb81a6fe0bd8c57b502eb69efc2e8672ca56,236,0.16128622727682793,SAME_REGION_TYPE,true,0.75,0.8,1.0,50,8,6.36846960868885,0.087975504971041,0.9554626249730711,0.9230769230769231,2.3068637274832714E8,ba42506e17c44e656026b01eebeba92c28be283f4d48fd2db29bef32be2be71e,4a35c7839e005c507b3640ddd183004b436eb34dbb229c1dc5d01876e8047b38
DISTRICT,GANGWON,횡성군,LOCAL_SPECIALTY,OTHER,3,30,1.0,NATIONWIDE_TYPE_VENUE,30,1,1.0,1.0,0.7903824468831018,0.6943548387096775,1.2815347755114101E8,d7eb5f5a7795ed75ed648bbe71eacb81a6fe0bd8c57b502eb69efc2e8672ca56,d7eb5f5a7795ed75ed648bbe71eacb81a6fe0bd8c57b502eb69efc2e8672ca56,226,0.14376932712647794,SAME_REGION_TYPE,true,0.775,0.8250000000000001,1.0,50,8,6.941401769108213,0.08587947310762716,0.9665934635101348,0.9375000000000001,1.516126378726443E8,92c307bb6c4fc6b1162c557f7e086d930c2c5ecf1f565c48d40b00f1c4be9bb6,ac2e81422e806f77e123bdbdeef27ef0f7d2b4da2d2371660e96da3e48135506
DISTRICT,GANGWON,횡성군,LOCAL_SPECIALTY,VILLAGE,3,23,1.0,NATIONWIDE_TYPE_VENUE,23,1,1.0,1.0,0.8293113878948472,0.7875000000000001,1.6951845076378787E8,3fbec895063fe63197622dd9e2f7c6edb414b8212fdbf14439a971c269a81dc0,3fbec895063fe63197622dd9e2f7c6edb414b8212fdbf14439a971c269a81dc0,187,0.13706973198698222,SAME_REGION_TYPE,true,0.9,0.9500000000000001,1.0,50,9,7.3064667627723106,0.03871389083274285,0.9670479421149499,0.9375000000000001,1.6259111091868505E8,3e8c3130a83e2d8a820f717bf06d20eb1ae82376c98fd166def704b0b75d670e,c8027ba7e001d3070d148c8b88e814605c7137a5af09e392404556830adc4a62
DISTRICT,GANGWON,횡성군,COMMUNITY,GREEN,3,41,1.0,NATIONWIDE_TYPE_VENUE,41,1,1.0,1.0,0.8096742725776538,0.6907894736842106,1.4411039013802576E8,2e791c1fbe39f5acd2e443473c32520423f6131ee59cef2b016af5dfdade83f7,2e791c1fbe39f5acd2e443473c32520423f6131ee59cef2b016af5dfdade83f7,41,1.0,GLOBAL_SIMILARITY,true,0.95,1.0,1.0,41,1,1.0,1.0,0.8096742725776538,0.6907894736842106,1.4411039013802576E8,2e791c1fbe39f5acd2e443473c32520423f6131ee59cef2b016af5dfdade83f7,2e791c1fbe39f5acd2e443473c32520423f6131ee59cef2b016af5dfdade83f7
DISTRICT,GANGWON,횡성군,COMMUNITY,OTHER,3,74,0.27472373337523076,SAME_REGION_TYPE,50,9,7.897690396844811,0.07092793271225269,0.9147682772993376,0.8181818181818182,7.002196257517272E7,6d196fadb811966d57d72847fc3cb0f3b3a4dd7d13dd6644b5b3195846d8e3b2,02b0cec7ca85febfcb0ce8e976cbb48d616807977f5fa7aae74efbfeb411606a,74,0.27472373337523076,SAME_REGION_TYPE,false,-Infinity,NaN,NaN,50,9,7.897690396844811,0.07092793271225269,0.9147682772993376,0.8181818181818182,7.002196257517272E7,6d196fadb811966d57d72847fc3cb0f3b3a4dd7d13dd6644b5b3195846d8e3b2,02b0cec7ca85febfcb0ce8e976cbb48d616807977f5fa7aae74efbfeb411606a
DISTRICT,GANGWON,횡성군,TRADITION_HISTORY,OTHER,2,22,1.0,NATIONWIDE_TYPE_VENUE,22,1,1.0,1.0,0.8057902188459742,0.7159090909090909,1.8537082358132285E8,3d535e023c473017fdda8ada497fd3aeb9dbae27b046a7bdeb89e40249781229,3d535e023c473017fdda8ada497fd3aeb9dbae27b046a7bdeb89e40249781229,61,0.2922650906613812,SAME_REGION_TYPE,true,0.8911764705882352,0.9411764705882353,1.0,50,8,4.87461618848224,0.18259786161650438,0.9190654182922303,0.7875000000000001,2.6875743445685315E8,60bd6a885c9e107188c17f7399c8aea95618a0aee3ce9c3ea12b1b27da443f72,f9ffc2c91ef3795ab7931a2340f137ef12dc5821f314fde454d2fd2af5bf692a
DISTRICT,GANGWON,횡성군,TRADITION_HISTORY,WATERFRONT,2,31,1.0,NATIONWIDE_TYPE_VENUE,31,1,1.0,1.0,0.8151377414705275,0.6826271186440679,2.3953893449674484E8,c0745607175cb18cadd7e1f4435374983eded73e4a37d3abefd288d57a8daaeb,c0745607175cb18cadd7e1f4435374983eded73e4a37d3abefd288d57a8daaeb,70,0.37259325271761196,SAME_REGION_TYPE,true,0.9,0.9500000000000001,1.0,50,8,4.885544351537045,0.19375010478319307,0.9238575378794084,0.8250000000000001,3.198300187781528E8,2844639c5a0a91c3771c480fe9fc77f56b5119557942240e0b812e395adf9334,ed7ec28bd57380c0acdcb1e000dd9af9853d87360c157f978034269b79a57001
DISTRICT,GANGWON,영월군,TRADITION_HISTORY,OTHER,3,22,1.0,NATIONWIDE_TYPE_VENUE,22,1,1.0,1.0,0.8091498209614468,0.7295454545454546,2.1338518945425683E8,3d535e023c473017fdda8ada497fd3aeb9dbae27b046a7bdeb89e40249781229,3d535e023c473017fdda8ada497fd3aeb9dbae27b046a7bdeb89e40249781229,77,0.22601050715683949,SAME_REGION_TYPE,true,0.9,0.9500000000000001,1.0,50,9,6.758788128920565,0.04015317768763739,0.9451179163882879,0.9230769230769231,4.2553365945195144E8,bd4b1a00e1a734c35e8bebfb90376c54432fba4bba5c0bde7e962fbe74f0f82c,4e26be1c89f977f7869543c60928115b955c6c62d7230c9959a87d2a73b94929
DISTRICT,GANGWON,영월군,CULTURE_ART,WATERFRONT,120,90,1.0,NATIONWIDE_TYPE_VENUE,50,1,1.0,1.0,0.7439573454114496,0.6799586776859504,4.944272362709035E8,c348e29400ebe021db666e856fec31595170b0090866fe06d013a15bb05b35e1,b76edb99c2e9cda5bf67eb14f885f318f43e4f9b8ff454257a6670ec44d04135,226,0.27923403637337113,SAME_REGION_TYPE,true,0.8917355371900827,0.9417355371900827,1.0,50,9,5.740620492291642,0.02006916789495332,0.9415396704064304,0.9230769230769231,4.836486061584492E8,8d049d41af98566f7b1cd009ce3031cefbb7bb300089facd74c3ef8254cd894d,32d498587ae0d7079bd97e2f1b0ea77c278231cdc53a6860a0204f9e56a181af
DISTRICT,GANGWON,영월군,CULTURE_ART,WATERFRONT,3,90,1.0,NATIONWIDE_TYPE_VENUE,50,1,1.0,1.0,0.8376479014647102,0.7875000000000001,2.989575161170585E8,c348e29400ebe021db666e856fec31595170b0090866fe06d013a15bb05b35e1,f780d93d68ebee3bbb65a08db27ba7a0a7d93e428fd60a3de5c10ebce22a961e,103,0.8155578195325666,GLOBAL_SIMILARITY,true,0.95,1.0,1.0,50,8,2.12912893853798,0.6727205385476015,0.8996771603020212,0.7941176470588235,4.173775347873206E8,28c382912ad99647aab185062d8d940473be5ef8cd5bfaa5e909e2c2b123fa72,12c3b0829f9e6a4c06096223aca53f6f5d014107775f4f9b8526a26d0a4dff93
DISTRICT,GANGWON,영월군,TRADITION_HISTORY,GREEN,3,54,1.0,NATIONWIDE_TYPE_VENUE,50,1,1.0,1.0,0.8179891155565526,0.75,3.252830445558287E8,925fb91efbfb16db5e571b6b008cb99b6c0a3a167e39edb07bb4c1c2cafda7ae,15013135441599761863f195c6b7c25c44c6b8930cfb9f4e510c4f80f3a88a3e,66,0.7495237218206141,GLOBAL_SIMILARITY,true,0.95,1.0,1.0,50,9,2.053142244850718,0.6880654927503584,0.8811335418751413,0.7875000000000001,4.288950808191388E8,bd219c8fe71b4a02d1b1cec08bb9184c16d792ec9dcbec41b201e29a2c557bc7,077598a305ede9f89532f8c5d154cf0871318f8ef90c4511da2f5f8e024e2898
DISTRICT,GANGWON,평창군,CULTURE_ART,VILLAGE,3,39,1.0,NATIONWIDE_TYPE_VENUE,39,1,1.0,1.0,0.8069512307267104,0.683955223880597,1.6266079551833722E8,35666bd283d687af38fec7347887732ca0983e78f887177a0dbce730a02f799c,35666bd283d687af38fec7347887732ca0983e78f887177a0dbce730a02f799c,51,0.6744583543819003,GLOBAL_SIMILARITY,true,0.95,1.0,1.0,50,4,2.0158167017775175,0.6702739474427442,0.8721853902300125,0.6877659574468086,2.2322207780936185E8,9905411e9d95ba20ee2b873e97b58b5dac913c82b9553ca8dccc320417f63bf1,99fbbb095a4ef894d55b832b9492d3ea19b20a38e2b451b3200cb9d4f7655dd6
DISTRICT,GANGWON,평창군,NATURE_ECOLOGY,VILLAGE,16,198,0.15674714691916497,SAME_REGION_TYPE,50,9,6.433499088086373,0.02025471404087042,0.9424050836023526,0.9230769230769231,2.0156863027404135E8,4938e5a5396f04ab3fc87805e930e1940a92cf0570efe9827c8840bebd2c6a04,7ed9c12255e80202aa65b7f3322acda59e862f07045e88d7c0e3ced6572a053c,198,0.15674714691916497,SAME_REGION_TYPE,false,-Infinity,NaN,NaN,50,9,6.433499088086373,0.02025471404087042,0.9424050836023526,0.9230769230769231,2.0156863027404135E8,4938e5a5396f04ab3fc87805e930e1940a92cf0570efe9827c8840bebd2c6a04,7ed9c12255e80202aa65b7f3322acda59e862f07045e88d7c0e3ced6572a053c
DISTRICT,GANGWON,평창군,CULTURE_ART,VILLAGE,10,39,1.0,NATIONWIDE_TYPE_VENUE,39,1,1.0,1.0,0.7606212386881006,0.6996268656716418,2.1104890000315216E8,35666bd283d687af38fec7347887732ca0983e78f887177a0dbce730a02f799c,35666bd283d687af38fec7347887732ca0983e78f887177a0dbce730a02f799c,189,0.21884343277094254,SAME_REGION_TYPE,true,0.8911764705882352,0.9411764705882353,1.0,50,9,6.797556070634838,0.019444794656625342,0.956624675701318,0.9230769230769231,4.604072000327119E8,424191c9d315249a7523dd810e5e56bd3ee508bad6bb7d5b337af96293ff1d1d,05dc3af533f343f336724aff5023c31f21590af518a6d70d3f6aa2483c97d05d
DISTRICT,GANGWON,평창군,TRADITION_HISTORY,VILLAGE,3,91,0.2472158016661976,SAME_REGION_TYPE,50,9,5.906518264445904,0.02177202802114463,0.9299851154726747,0.9230769230769231,4.117676566017868E8,b28ff2e5a7caabc540d31aedcbc5dd328c5733882e5f976fef921fc31fab18ed,82c4cc378405b0d873db8838a51a56f6e1eac08b4660fe838ed595c09f0a64de,91,0.2472158016661976,SAME_REGION_TYPE,false,-Infinity,NaN,NaN,50,9,5.906518264445904,0.02177202802114463,0.9299851154726747,0.9230769230769231,4.117676566017868E8,b28ff2e5a7caabc540d31aedcbc5dd328c5733882e5f976fef921fc31fab18ed,82c4cc378405b0d873db8838a51a56f6e1eac08b4660fe838ed595c09f0a64de
DISTRICT,GANGWON,평창군,NATURE_ECOLOGY,WATERFRONT,10,70,1.0,NATIONWIDE_TYPE_VENUE,50,1,1.0,1.0,0.8216213504413447,0.7159090909090909,2.022171071066199E8,0a635fe7c95464734d67fcf3eb34fbe1decb151168419235fa06b370eaf0e0c0,fd01831e733486b7648cb5d6cbf95491133cb0e2929552fd005ee3af9bb7217c,89,0.6932539102748639,GLOBAL_SIMILARITY,true,0.95,1.0,1.0,50,9,3.1071769506521285,0.5427886578574479,0.9246022124600313,0.7568181818181818,1.6255415600664628E8,c5ce3e54a109096fc9a87d9bc3c9d01c753a30702c86027a06ee880773c4edc0,4449b84c223f2799a02ff9c6b4635973aaeed917e5930d30f00d44477aae8f48
DISTRICT,GANGWON,평창군,LOCAL_SPECIALTY,WATERFRONT,32,71,1.0,NATIONWIDE_TYPE_VENUE,50,1,1.0,1.0,0.7559379723112668,0.6931818181818182,2.0997347480723703E8,423ef67fb8d8ce3b4c72bcaeeff7f273fce5f5c7748615ef99cbb399498ea8e6,98783224960c0bd0086f31d7aa86cc1772dd2f5844134563845d7cb3e07b2e6b,74,0.9270242818165445,GLOBAL_SIMILARITY,true,0.9454545454545455,0.9954545454545456,1.0,50,4,1.232848852770562,0.8987270495830727,0.7833540703090457,0.6931818181818182,2.1443651031763476E8,7a85a4697e13dcb905da274e0f4a77afce32c1bf61ddc3360bea08f0ad58a9e0,66001c3c8f4ef5ee37f18d28c949dbf06783588c06ef58d1812fa384c03bbc5e
DISTRICT,GANGWON,정선군,LOCAL_SPECIALTY,VILLAGE,3,23,1.0,NATIONWIDE_TYPE_VENUE,23,1,1.0,1.0,0.8293113878948472,0.7875000000000001,1.6951845076378787E8,3fbec895063fe63197622dd9e2f7c6edb414b8212fdbf14439a971c269a81dc0,3fbec895063fe63197622dd9e2f7c6edb414b8212fdbf14439a971c269a81dc0,178,0.1446266385336448,SAME_REGION_TYPE,true,0.9,0.9500000000000001,1.0,50,7,5.324751367604831,0.040890909115662406,0.939943405416049,0.9230769230769231,1.3693323858754057E8,dd696dbbad36e3748837b93121daf8393c8cf6572dd288563abc5b2ca9acc084,f55db68fc19566936ac67ab02f2b6a46af45490f18357948076bfbe7bb010f3b
DISTRICT,GANGWON,정선군,NATURE_ECOLOGY,WATERFRONT,3,70,1.0,NATIONWIDE_TYPE_VENUE,50,1,1.0,1.0,0.8379941175029274,0.7875000000000001,1.2322910389225648E8,0a635fe7c95464734d67fcf3eb34fbe1decb151168419235fa06b370eaf0e0c0,ffeb0144dc0f7583d951a98e22e8303e5d1301c74a7442d49aaf0e1fd9f29c48,79,0.8351167482458459,GLOBAL_SIMILARITY,true,0.95,1.0,1.0,50,4,1.647992761341102,0.7632718168811685,0.8837584394674435,0.7875000000000001,8.385390802862719E7,4c68d29ca252950eb499a879fdeb5aaccf096f81fba821912212a69f0884284b,283a00628efbddac25599ebfd36f2a7dc0127036cde180031e93d9c85e391e14
DISTRICT,GANGWON,정선군,TRADITION_HISTORY,GREEN,2,54,1.0,NATIONWIDE_TYPE_VENUE,50,1,1.0,1.0,0.8102035550062366,0.75,2.5103488206804535E8,925fb91efbfb16db5e571b6b008cb99b6c0a3a167e39edb07bb4c1c2cafda7ae,629b0d4dc3b42373f864c89399bdd4c8d07d01fb74c9a354eae111ad6bfab652,93,0.505124136078044,GLOBAL_SIMILARITY,true,0.9,0.9500000000000001,1.0,50,8,4.865438407760354,0.197043101184375,0.9216410513036397,0.8250000000000001,2.882672497450722E8,baeaaef6b684aae98597d7f437a22f7f6989620447a6564851bc77bb11f54801,5fda5fde3ccdfb55652222223e78af0c787dd698217bb9297d362baac07021ce
DISTRICT,GANGWON,정선군,LOCAL_SPECIALTY,GREEN,3,95,1.0,NATIONWIDE_TYPE_VENUE,50,1,1.0,1.0,0.8535654964420737,0.795,2.780821429217487E8,6f559ff7303a8c2962ebc48f630fcff4006b749cc57f1e138c456575624dd657,158fe650519b9eac8c8e2703683989c780f54b3d16a9a642f9843cd804d8de54,99,0.9423854521912957,GLOBAL_SIMILARITY,true,0.95,1.0,1.0,50,5,1.2396075474876178,0.896679573896647,0.8708024146807267,0.795,2.4149097301603484E8,d6d3ade8d28b642ab9e53f6447d0e0e5933f7e0431fd807816fa4b2086c358ec,b7e979fa8737af6ec84603ae92e1d20afc6b1fb3d82d8155b5b04534033af64a
DISTRICT,GANGWON,정선군,NATURE_ECOLOGY,WATERFRONT,2,70,1.0,NATIONWIDE_TYPE_VENUE,50,1,1.0,1.0,0.8374207720415761,0.7875000000000001,9.20365089366757E7,0a635fe7c95464734d67fcf3eb34fbe1decb151168419235fa06b370eaf0e0c0,50e314f5f84071eb8dcdf29ca5a98f453d1e03303a6131d53b6858394f9db88b,79,0.834115526105326,GLOBAL_SIMILARITY,true,0.95,1.0,1.0,50,4,1.6481373035800309,0.7632315595025813,0.883244440398685,0.7875000000000001,6.240873468268451E7,4c68d29ca252950eb499a879fdeb5aaccf096f81fba821912212a69f0884284b,f11d4a7896239bd16bbcda67502927edccb761e6ef98d64e315ddffdae52ea8f
DISTRICT,GANGWON,정선군,COMMUNITY,GREEN,3,41,1.0,NATIONWIDE_TYPE_VENUE,41,1,1.0,1.0,0.8048009105876591,0.6907894736842106,1.4450383642147425E8,2e791c1fbe39f5acd2e443473c32520423f6131ee59cef2b016af5dfdade83f7,2e791c1fbe39f5acd2e443473c32520423f6131ee59cef2b016af5dfdade83f7,80,0.4351253490063453,SAME_REGION_TYPE,true,0.9,0.9500000000000001,1.0,50,9,7.1823885697326695,0.19475973336876778,0.9211678899724326,0.7941176470588235,7.611357395990464E7,b391ae41a67270db64f7b8cbc8bf1b59915a135ed9de2949b2a40b1a307658b3,7dfd2b1e8746498e0b3b7010f3e3842bc6e01d6d8de45e5e69fe91091f464c02
DISTRICT,GANGWON,정선군,COMMUNITY,WATERFRONT,2,29,1.0,NATIONWIDE_TYPE_VENUE,29,1,1.0,1.0,0.8058541048870429,0.7200000000000001,1.3699270965011656E8,d79174673ff7f3466f21cd9adef13feaf0fb2e943028627027b036405e0d7d39,d79174673ff7f3466f21cd9adef13feaf0fb2e943028627027b036405e0d7d39,72,0.3396191955844453,SAME_REGION_TYPE,true,0.8625,0.9125000000000001,1.0,50,9,7.5315940026535255,0.11889454230915743,0.912047659690406,0.8250000000000001,6.5272330318134986E7,9f4426c5ba00f986b6f54b888868f5d714dd94e2591e7dc34508ef048df54f28,e2b208931c8d3c4c08bf282dd22b811eb7539d892a4759436685bd12096aa3a2
DISTRICT,GANGWON,정선군,TRADITION_HISTORY,INDEPENDENT,4,38,1.0,NATIONWIDE_TYPE_VENUE,38,1,1.0,1.0,0.79614784957717,0.7166666666666667,3.500952055228887E8,8674a18a77fd59101747b5bfbca30d4351075de073f6e1726ea05249ad86bedb,8674a18a77fd59101747b5bfbca30d4351075de073f6e1726ea05249ad86bedb,42,0.8559995888821,GLOBAL_SIMILARITY,true,0.95,1.0,1.0,42,4,1.3504182113323893,0.8559995888820996,0.8255026430453255,0.7166666666666667,3.2256836809196913E8,34c876fd98a89392e5947fc4e882feeb7518178af0a5a8f3377a53372d5b324a,34c876fd98a89392e5947fc4e882feeb7518178af0a5a8f3377a53372d5b324a
DISTRICT,GANGWON,정선군,LOCAL_SPECIALTY,VILLAGE,2,23,1.0,NATIONWIDE_TYPE_VENUE,23,1,1.0,1.0,0.8349397413575139,0.765,1.337035193854534E8,3fbec895063fe63197622dd9e2f7c6edb414b8212fdbf14439a971c269a81dc0,3fbec895063fe63197622dd9e2f7c6edb414b8212fdbf14439a971c269a81dc0,136,0.19022000720356538,SAME_REGION_TYPE,true,0.9,0.9500000000000001,1.0,50,6,4.050555351648826,0.020871353718157078,0.9302293930042536,0.9230769230769231,9.87332062655927E7,7caaeb3c1335d82d8c83582e0678ca87e2835aee313899ed0d55b9313a67073f,ffaa731bc348ba93ad8d8d0ad887c6097ccd54567a87befa04392688caa68417
DISTRICT,GANGWON,철원군,NATURE_ECOLOGY,GREEN,24,88,1.0,NATIONWIDE_TYPE_VENUE,50,1,1.0,1.0,0.7824989272031653,0.6990000000000001,2.0862956125239134E8,dc459aca48974424d1e63cba2ca3e5c0d723e32a3a4724a75d28d13eea8c5f69,9b186f07250bddce7c32e2a4b23020374e1c84c3f30d34c58c9a262ac6f34862,182,0.37513551182366306,SAME_REGION_TYPE,true,0.8911764705882352,0.9411764705882353,1.0,50,9,5.102824669752993,0.06128372805610131,0.9320001598857381,0.9230769230769231,1.9266447355237973E8,c98246c3df17e9588979c250fbef2f95882501e8a4d050441d6eb8a8f51099e6,de1f4711f4296b9b573c9485232641c59660eb85eccb49f199670a7a748b4d94
DISTRICT,GANGWON,철원군,NATURE_ECOLOGY,GREEN,23,88,1.0,NATIONWIDE_TYPE_VENUE,50,1,1.0,1.0,0.7842674354627543,0.7000000000000001,2.082590803891507E8,dc459aca48974424d1e63cba2ca3e5c0d723e32a3a4724a75d28d13eea8c5f69,9b186f07250bddce7c32e2a4b23020374e1c84c3f30d34c58c9a262ac6f34862,182,0.37605706835513075,SAME_REGION_TYPE,true,0.8911764705882352,0.9411764705882353,1.0,50,9,5.100078283928564,0.06132152996651763,0.9317176306832822,0.9230769230769231,1.922200572573446E8,c98246c3df17e9588979c250fbef2f95882501e8a4d050441d6eb8a8f51099e6,de1f4711f4296b9b573c9485232641c59660eb85eccb49f199670a7a748b4d94
DISTRICT,GANGWON,철원군,CULTURE_ART,GREEN,3,158,1.0,NATIONWIDE_TYPE_VENUE,50,1,1.0,1.0,0.8605266889633911,0.8250000000000001,3.1673119523293704E8,4214f3c3954d05a920f970ebc6a910e54d165aa212212417de62ae5be5a531b0,640d12e9fd9001d1c0b8d5f569a4a66d8cfd3dd0a87e826067843e02e193f5dc,324,0.4160572890139139,SAME_REGION_TYPE,true,0.9,0.9500000000000001,1.0,50,8,6.353361249552025,0.160867756381063,0.947507036747379,0.9230769230769231,4.287856912319135E8,b672040610cc0c859d4186f5d3e42cd3588f4f9c650c7e0589383558bb63f006,24211966835776e4942b8db130c64db09aeff50808b2c7d55b940e97557bc0a7
DISTRICT,GANGWON,철원군,NATURE_ECOLOGY,GREEN,4,88,1.0,NATIONWIDE_TYPE_VENUE,50,1,1.0,1.0,0.8215421277476245,0.765,1.4002270041306037E8,dc459aca48974424d1e63cba2ca3e5c0d723e32a3a4724a75d28d13eea8c5f69,334fa08a5c0dd7e91e2dd998c8bc2a437c2ecc2f79ec379cf8a12b7851197a02,98,0.8452141037513674,GLOBAL_SIMILARITY,true,0.95,1.0,1.0,50,9,1.8197338522556346,0.7346332472759715,0.8762133633110124,0.765,2.2187232783421844E8,eea797ba5f4d1c4b4189598798ed76781266e06a11cee6827afa593bff9e733d,1ba69a9e867b46cdd71a6135ec5d30858c7d623424b6eeaba7a972248a5e2b2f
DISTRICT,GANGWON,철원군,TRADITION_HISTORY,INDEPENDENT,3,38,1.0,NATIONWIDE_TYPE_VENUE,38,1,1.0,1.0,0.8052349407549573,0.7083333333333334,3.073536380943701E8,8674a18a77fd59101747b5bfbca30d4351075de073f6e1726ea05249ad86bedb,8674a18a77fd59101747b5bfbca30d4351075de073f6e1726ea05249ad86bedb,42,0.8588594643972646,GLOBAL_SIMILARITY,true,0.95,1.0,1.0,42,5,1.3465841844261695,0.8588594643972643,0.8327241855335009,0.7083333333333334,3.49603839386755E8,401f90efc13592cd6e52f2ce4e62bbcbb6577492026cd1da3049403ba324bbf4,401f90efc13592cd6e52f2ce4e62bbcbb6577492026cd1da3049403ba324bbf4
DISTRICT,GANGWON,철원군,NATURE_ECOLOGY,WATERFRONT,9,70,1.0,NATIONWIDE_TYPE_VENUE,50,1,1.0,1.0,0.820957597530123,0.7200000000000001,1.9877817504517424E8,0a635fe7c95464734d67fcf3eb34fbe1decb151168419235fa06b370eaf0e0c0,fd01831e733486b7648cb5d6cbf95491133cb0e2929552fd005ee3af9bb7217c,78,0.8444608576272165,GLOBAL_SIMILARITY,true,0.95,1.0,1.0,50,7,1.6089911373978194,0.7827225648051206,0.8694210056230931,0.735,2.706040236912214E8,2312bd65796f3a3ca27fc5174ed0cda80aa1b4bea89383f44b908ad567dc7d67,30340539e6920eb2b35d2054a4a6b845f8d4dc74f754ec470f762c1cde6b98a0
DISTRICT,GANGWON,화천군,LOCAL_SPECIALTY,VILLAGE,4,23,1.0,NATIONWIDE_TYPE_VENUE,23,1,1.0,1.0,0.8196049877195483,0.765,1.9963009616613427E8,3fbec895063fe63197622dd9e2f7c6edb414b8212fdbf14439a971c269a81dc0,3fbec895063fe63197622dd9e2f7c6edb414b8212fdbf14439a971c269a81dc0,30,0.6838970355720544,GLOBAL_SIMILARITY,true,0.95,1.0,1.0,30,8,2.074733580567433,0.683897035572054,0.8766283858694145,0.765,2.7875132445423055E8,6e46038cf60e1127edea265ecb220e60272b2f8b38f035303062c03c006542ed,6e46038cf60e1127edea265ecb220e60272b2f8b38f035303062c03c006542ed
DISTRICT,GANGWON,화천군,NATURE_ECOLOGY,WATERFRONT,23,70,1.0,NATIONWIDE_TYPE_VENUE,50,1,1.0,1.0,0.7910563824372121,0.7000000000000001,2.0210415813794735E8,0a635fe7c95464734d67fcf3eb34fbe1decb151168419235fa06b370eaf0e0c0,f8b52e15444dcb73dd59e52775156b4c45027454fe4fd440a46c8ccd88fbd75a,73,0.9303911223436765,GLOBAL_SIMILARITY,true,0.95,1.0,1.0,50,3,1.2104510115568017,0.9062303745610408,0.8148327254026679,0.7000000000000001,2.186190774952206E8,0e07253506ed69ca28ac841f2f834e802c38e13e682d432c9fa625c6480f68ad,02c8858d31f36e81862458022efacf603fe1c37dbc6680b353a0d9e71dee5e19
DISTRICT,GANGWON,양구군,LOCAL_SPECIALTY,GREEN,4,95,1.0,NATIONWIDE_TYPE_VENUE,50,1,1.0,1.0,0.8421600188587441,0.795,3.506324538676934E8,6f559ff7303a8c2962ebc48f630fcff4006b749cc57f1e138c456575624dd657,3db8574b22e651db2cc9f021ad6dc69cdc6ef9faeedbbf5c9fef45cf0987e919,106,0.8519676530234878,GLOBAL_SIMILARITY,true,0.95,1.0,1.0,50,9,1.8719841350888946,0.7233380566626718,0.8907102345183655,0.795,3.6198065776939076E8,b9fd879776e78f8209a726a42df20b6797d904aba5a2398e3ec852063c9934e6,6f153bfea794bfbfe958a893a2a8a391f07e2be8998a4c9c47789ffd9dff90ea
DISTRICT,GANGWON,양구군,CULTURE_ART,GREEN,3,158,1.0,NATIONWIDE_TYPE_VENUE,50,1,1.0,1.0,0.8621244891619386,0.8250000000000001,3.174277806314281E8,4214f3c3954d05a920f970ebc6a910e54d165aa212212417de62ae5be5a531b0,640d12e9fd9001d1c0b8d5f569a4a66d8cfd3dd0a87e826067843e02e193f5dc,162,0.9621676836061819,GLOBAL_SIMILARITY,true,0.95,1.0,1.0,50,4,1.242463439690806,0.8948207376378517,0.8792837880859059,0.8250000000000001,2.940418563702661E8,87cae838d9a845475b5b2fd37340877ebba88f897907096cab2ca594194b1b16,e3c85704706fc63913cb1ba2aa671e47c7d4b39ce14b6d312c8b986696c2305b
DISTRICT,GANGWON,양구군,COMMUNITY,INDEPENDENT,2,21,1.0,NATIONWIDE_TYPE_VENUE,21,1,1.0,1.0,0.8280692417118557,0.7392857142857143,1.479591222542576E8,eedf7791ca3d1393402cd8cd68579a82dd4c14bb23bf3bca6d0ba4c78b4feceb,eedf7791ca3d1393402cd8cd68579a82dd4c14bb23bf3bca6d0ba4c78b4feceb,26,0.7572420648447802,GLOBAL_SIMILARITY,true,0.95,1.0,1.0,26,6,1.7088121610664964,0.75724206484478,0.8584275193731558,0.7392857142857143,1.657220729219334E8,e50dbdfa61c2cd25e4c258aae3335db7f0acce7a273e7ce26578ef0334364d40,e50dbdfa61c2cd25e4c258aae3335db7f0acce7a273e7ce26578ef0334364d40
DISTRICT,GANGWON,양구군,LOCAL_SPECIALTY,GREEN,3,95,1.0,NATIONWIDE_TYPE_VENUE,50,1,1.0,1.0,0.8531341636599277,0.795,2.810075028852225E8,6f559ff7303a8c2962ebc48f630fcff4006b749cc57f1e138c456575624dd657,158fe650519b9eac8c8e2703683989c780f54b3d16a9a642f9843cd804d8de54,232,0.3455594838906991,SAME_REGION_TYPE,true,0.92,0.9700000000000001,1.0,50,9,6.547423315423795,0.19756276771482967,0.9544081090605367,0.9375000000000001,1.7256570815668026E8,a49db697bda91a80b2a652d3a684da7ce5829076e40a4cf5a9cc3cb9711d9bc6,d33188833357b256b112ad4418d22476b548c762cb9366e22b2bd973c7bb59aa
DISTRICT,GANGWON,인제군,NATURE_ECOLOGY,VILLAGE,2,198,0.15782172161653257,SAME_REGION_TYPE,50,9,4.824250027346638,0.02025850853905139,0.934853669313921,0.9230769230769231,1.3038316759798937E8,4938e5a5396f04ab3fc87805e930e1940a92cf0570efe9827c8840bebd2c6a04,c0419498344e608f92a55c6423bfd64f568b316f214284170d5ec81e66788a6d,198,0.15782172161653257,SAME_REGION_TYPE,false,-Infinity,NaN,NaN,50,9,4.824250027346638,0.02025850853905139,0.934853669313921,0.9230769230769231,1.3038316759798937E8,4938e5a5396f04ab3fc87805e930e1940a92cf0570efe9827c8840bebd2c6a04,c0419498344e608f92a55c6423bfd64f568b316f214284170d5ec81e66788a6d
DISTRICT,GANGWON,인제군,CULTURE_ART,INDEPENDENT,2,76,1.0,NATIONWIDE_TYPE_VENUE,50,1,1.0,1.0,0.811698418589816,0.765,2.121809565776166E8,8d3227fce5057e121afb1463f7003206e6d03aae5ceffb834860623ae7d9b164,5610f693d8d84799f2daf0f6aee70e3a587c413706f3c785d0ce35a567a049b5,215,0.2821249091231864,SAME_REGION_TYPE,true,0.9,0.9500000000000001,1.0,50,9,5.394332477249537,0.020737849586128874,0.9337076564071185,0.9230769230769231,3.9052140440421814E8,60af2d1a7a749d182d4fa85db0a7b2126c3070c268f2bdfba3aca395a08c5cf4,f8ba2c2a5c7577562a4003341d6032a1fea9b1bec699171588822d566bc41943
DISTRICT,GANGWON,인제군,COMMUNITY,INDEPENDENT,2,21,1.0,NATIONWIDE_TYPE_VENUE,21,1,1.0,1.0,0.8287636616695051,0.7392857142857143,1.4841241260176003E8,eedf7791ca3d1393402cd8cd68579a82dd4c14bb23bf3bca6d0ba4c78b4feceb,eedf7791ca3d1393402cd8cd68579a82dd4c14bb23bf3bca6d0ba4c78b4feceb,21,1.0,GLOBAL_SIMILARITY,true,0.95,1.0,1.0,21,1,1.0,1.0,0.8287636616695051,0.7392857142857143,1.4841241260176003E8,eedf7791ca3d1393402cd8cd68579a82dd4c14bb23bf3bca6d0ba4c78b4feceb,eedf7791ca3d1393402cd8cd68579a82dd4c14bb23bf3bca6d0ba4c78b4feceb
DISTRICT,GANGWON,인제군,NATURE_ECOLOGY,VILLAGE,9,198,0.15426913881654908,SAME_REGION_TYPE,50,8,4.49048819318464,0.039893997668023956,0.9328238923508504,0.9230769230769231,2.1232602891231892E8,4938e5a5396f04ab3fc87805e930e1940a92cf0570efe9827c8840bebd2c6a04,2141b83eb2f6e57f2974f49ed03b697aefd9f3703fd6b6ecad9a45d30aec5007,198,0.15426913881654908,SAME_REGION_TYPE,false,-Infinity,NaN,NaN,50,8,4.49048819318464,0.039893997668023956,0.9328238923508504,0.9230769230769231,2.1232602891231892E8,4938e5a5396f04ab3fc87805e930e1940a92cf0570efe9827c8840bebd2c6a04,2141b83eb2f6e57f2974f49ed03b697aefd9f3703fd6b6ecad9a45d30aec5007
DISTRICT,GANGWON,인제군,LOCAL_SPECIALTY,GREEN,2,95,1.0,NATIONWIDE_TYPE_VENUE,50,1,1.0,1.0,0.8388087866440519,0.7875000000000001,1.2806930215903863E8,6f559ff7303a8c2962ebc48f630fcff4006b749cc57f1e138c456575624dd657,017a2dda928e924c49e6fef4c17808ab14959b22ec800aea79af8f205851859d,208,0.3847693465648619,SAME_REGION_TYPE,true,0.8911764705882352,0.9411764705882353,1.0,50,9,4.700632207578227,0.10077261756847614,0.9383857352311964,0.9230769230769231,1.1895065518847583E8,4c36ef3b212f4f015899c25e183f73cc57b86075112d5bbaa92355f0110be7cd,3134a602762fcc7ab20193ff0aaf9e9c344e7a59b279fe461d6ee7108ad60bf3
DISTRICT,GANGWON,고성군,TRADITION_HISTORY,WATERFRONT,3,31,1.0,NATIONWIDE_TYPE_VENUE,31,1,1.0,1.0,0.8308795552465114,0.6851694915254237,2.7687981472668463E8,c0745607175cb18cadd7e1f4435374983eded73e4a37d3abefd288d57a8daaeb,c0745607175cb18cadd7e1f4435374983eded73e4a37d3abefd288d57a8daaeb,41,0.6779787228537725,GLOBAL_SIMILARITY,true,0.95,1.0,1.0,41,8,2.089939650904474,0.6779787228537724,0.8839559882324661,0.6851694915254237,1.9806704619195753E8,e20a84e98bced4634e015cd622f5fe924b0ae0d2bf6973a046ee2bcd46e38a40,e20a84e98bced4634e015cd622f5fe924b0ae0d2bf6973a046ee2bcd46e38a40
DISTRICT,GANGWON,양양군,COMMUNITY,WATERFRONT,2,29,1.0,NATIONWIDE_TYPE_VENUE,29,1,1.0,1.0,0.8058541048870429,0.7200000000000001,1.3699270965011656E8,d79174673ff7f3466f21cd9adef13feaf0fb2e943028627027b036405e0d7d39,d79174673ff7f3466f21cd9adef13feaf0fb2e943028627027b036405e0d7d39,72,0.34145020842004203,SAME_REGION_TYPE,true,0.8625,0.9125000000000001,1.0,50,9,7.561459108284999,0.11975133910871144,0.9082208719800331,0.8250000000000001,6.571969472663244E7,9f4426c5ba00f986b6f54b888868f5d714dd94e2591e7dc34508ef048df54f28,e2b208931c8d3c4c08bf282dd22b811eb7539d892a4759436685bd12096aa3a2
DISTRICT,GANGWON,양양군,NATURE_ECOLOGY,GREEN,2,88,1.0,NATIONWIDE_TYPE_VENUE,50,1,1.0,1.0,0.8268226356496312,0.775,8.92091472506902E7,dc459aca48974424d1e63cba2ca3e5c0d723e32a3a4724a75d28d13eea8c5f69,f14ab224eeafec2801227f26b8025689a0c97bfd88bcb478ab3c806fd8a8bdc9,186,0.3863512845904918,SAME_REGION_TYPE,true,0.9,0.9500000000000001,1.0,50,9,6.974431123662553,0.08001620894719559,0.944706342519383,0.9230769230769231,1.157857164438868E8,cf6ba157e33cfbec336db1aa0f634cc3a50d4a39cbb7bba4bc8b62368a21d241,b4d3e0bf1dec877e5028390bde1060ce75270c326d5e6da70809b116cbcfd176
DISTRICT,GANGWON,양양군,CULTURE_ART,WATERFRONT,5,90,1.0,NATIONWIDE_TYPE_VENUE,50,1,1.0,1.0,0.8170891470575994,0.775,4.4422683897481495E8,c348e29400ebe021db666e856fec31595170b0090866fe06d013a15bb05b35e1,7aaee01aab14ef3548479dba8c4cb9a2f3c775924870befc9d14110cebc1804d,252,0.2853718166467001,SAME_REGION_TYPE,true,0.9,0.9500000000000001,1.0,50,8,6.046986135027497,0.04179390752274192,0.9298190105347707,0.9230769230769231,4.358198627743572E8,28cbfa6322b0d7954d8e5b4fa055832aeeb2ec32a568bc82b70bf4f3956c90c4,9d24543970d384837e6a17731e8fd4c1cf320787e1001801411f80e71781e929
DISTRICT,GANGWON,양양군,LOCAL_SPECIALTY,WATERFRONT,3,71,1.0,NATIONWIDE_TYPE_VENUE,50,1,1.0,1.0,0.8259730491643454,0.7875000000000001,1.6647043074685195E8,423ef67fb8d8ce3b4c72bcaeeff7f273fce5f5c7748615ef99cbb399498ea8e6,52fb8abba5c2fdd5e01a6babea126d1a2842cf361bb07ca805e1a5f3b92434cf,79,0.8556910487748336,GLOBAL_SIMILARITY,true,0.95,1.0,1.0,50,9,1.5921072421015083,0.7890027182966332,0.8641137700964575,0.7875000000000001,2.3278916163453653E8,64e30072f90f1aed73a45aed05c55e1bea522651ca96c79030d2292a399466b1,9059f7d2f4544d76a33305945b1e5b7a0bfdeab81cee82a961983d2cef8b50a2
DISTRICT,GANGWON,양양군,CULTURE_ART,GREEN,5,158,1.0,NATIONWIDE_TYPE_VENUE,50,1,1.0,1.0,0.8370264005696111,0.775,3.0991633868458873E8,4214f3c3954d05a920f970ebc6a910e54d165aa212212417de62ae5be5a531b0,8356b69bafe384e0b97781abc3d632a6710755a01830020db61384a2a500a9f9,320,0.4108153837776122,SAME_REGION_TYPE,true,0.9,0.9500000000000001,1.0,50,8,6.0413062753048345,0.061237738644405404,0.9296677357879595,0.9230769230769231,3.8233962049168724E8,e54e250e7da6521f5253b347197b5b7f65565407ccf08d2be40f90683f2bbe74,e59c05a2b795d3ec3b262bb13616c0bb9eb488de16511852505958b955261b49
DISTRICT,CHUNGBUK,-,LOCAL_SPECIALTY,UNDECIDED,3,136,0.1777537607575081,SAME_REGION_TYPE,50,7,6.402323012959704,0.1779820588831702,0.9283727149290678,0.9230769230769231,3.087873113284917E8,1bb470478228cb3047e6dbaacdc8317e9fea8027f7ba61ad3e4c9c3e12dfd715,dea46fbec498e06ce66b831ecaa382f6465b3d39db442682e1d656bc3ee96bde,136,0.1777537607575081,SAME_REGION_TYPE,false,-Infinity,NaN,NaN,50,7,6.402323012959704,0.1779820588831702,0.9283727149290678,0.9230769230769231,3.087873113284917E8,1bb470478228cb3047e6dbaacdc8317e9fea8027f7ba61ad3e4c9c3e12dfd715,dea46fbec498e06ce66b831ecaa382f6465b3d39db442682e1d656bc3ee96bde
DISTRICT,CHUNGBUK,청주시,LOCAL_SPECIALTY,VILLAGE,2,23,1.0,NATIONWIDE_TYPE_VENUE,23,1,1.0,1.0,0.8167003428564504,0.7159090909090909,1.204749150329697E8,3fbec895063fe63197622dd9e2f7c6edb414b8212fdbf14439a971c269a81dc0,3fbec895063fe63197622dd9e2f7c6edb414b8212fdbf14439a971c269a81dc0,27,0.7912589757524329,GLOBAL_SIMILARITY,true,0.95,1.0,1.0,27,5,1.569898217689394,0.7912589757524323,0.8549625010328225,0.7159090909090909,1.8739206965401578E8,bdcacb6c1b3a55030d1f6fc38ee30471d59063445f0b494b581a0c03bd8abe28,bdcacb6c1b3a55030d1f6fc38ee30471d59063445f0b494b581a0c03bd8abe28
DISTRICT,CHUNGBUK,청주시,COMMUNITY,GREEN,3,41,1.0,NATIONWIDE_TYPE_VENUE,41,1,1.0,1.0,0.7868931244337506,0.6907894736842106,1.4775965363626945E8,2e791c1fbe39f5acd2e443473c32520423f6131ee59cef2b016af5dfdade83f7,2e791c1fbe39f5acd2e443473c32520423f6131ee59cef2b016af5dfdade83f7,120,0.3470536423674277,NATIONWIDE_TYPE,true,0.775,0.8250000000000001,1.0,50,8,2.188356467378714,0.6618818803330945,0.8422475013125358,0.78125,1.791591029654792E8,0f6aae85caddd36c5c2ee81777c2a4647b742f98f068351102527c8e983e1dd4,fa04f1984c1fbd5ba267f1a9c7b385bfd14bf082ee0faba8a36d340bf03c3be1
DISTRICT,CHUNGBUK,청주시,LOCAL_SPECIALTY,GREEN,2,95,1.0,NATIONWIDE_TYPE_VENUE,50,1,1.0,1.0,0.8444370734518096,0.7875000000000001,1.4405211375745684E8,6f559ff7303a8c2962ebc48f630fcff4006b749cc57f1e138c456575624dd657,ef77889481cae85b271d70d5ba34257dc746e06bf624b67fcfbb7aab27546e71,99,0.939187381177556,GLOBAL_SIMILARITY,true,0.95,1.0,1.0,50,5,1.2544068737059924,0.8911957807802554,0.8652048403515896,0.7875000000000001,1.7509468728537172E8,4f38eb4504d2778056cffa5bc71ae0173335e4a7d557f73f79b368b616d2eff0,a8be7ac9204ec9ee95aa3915cf53c593800e085ba1e4a2d83350520f89e8711d
DISTRICT,CHUNGBUK,청주시,COMMUNITY,INDEPENDENT,3,21,1.0,NATIONWIDE_TYPE_VENUE,21,1,1.0,1.0,0.8035419352076588,0.75,1.6995712292805055E8,eedf7791ca3d1393402cd8cd68579a82dd4c14bb23bf3bca6d0ba4c78b4feceb,eedf7791ca3d1393402cd8cd68579a82dd4c14bb23bf3bca6d0ba4c78b4feceb,23,0.8752795210315694,GLOBAL_SIMILARITY,true,0.95,1.0,1.0,23,3,1.2921403506244318,0.8752795210315695,0.8252613726864422,0.75,1.832867055223323E8,1df82392ae359de57649350b3baa5b13618402d5363d3c65be9278c4dd25f7a2,1df82392ae359de57649350b3baa5b13618402d5363d3c65be9278c4dd25f7a2
DISTRICT,CHUNGBUK,청주시,COMMUNITY,VILLAGE,3,30,0.522378361947859,SAME_REGION_TYPE,30,8,3.2490109226951005,0.5223783619478591,0.8687775929326667,0.6907894736842106,1.4225318448363408E8,1bcd432edacd24acfac332e335f7fe81d40ba74221956ab6a744ad8a86e97d97,1bcd432edacd24acfac332e335f7fe81d40ba74221956ab6a744ad8a86e97d97,30,0.522378361947859,GLOBAL_SIMILARITY,true,0.95,1.0,0.522378361947859,30,8,3.2490109226951005,0.5223783619478591,0.8687775929326667,0.6907894736842106,1.4225318448363408E8,1bcd432edacd24acfac332e335f7fe81d40ba74221956ab6a744ad8a86e97d97,1bcd432edacd24acfac332e335f7fe81d40ba74221956ab6a744ad8a86e97d97
DISTRICT,CHUNGBUK,청주시,CULTURE_ART,INDEPENDENT,4,76,1.0,NATIONWIDE_TYPE_VENUE,50,1,1.0,1.0,0.8114873265958931,0.765,4.217702480592567E8,8d3227fce5057e121afb1463f7003206e6d03aae5ceffb834860623ae7d9b164,967ba8409cae4fb6f259f18c8df7a6912d206dc0966acb8ab2a766e156ce1996,84,0.8608620508485145,GLOBAL_SIMILARITY,true,0.95,1.0,1.0,50,5,1.5900575726020412,0.7848425604174472,0.853586372177038,0.7821428571428571,4.0389675232758904E8,ce04ec2d2df44804398b14fe42676b572c6c93e27d3aed4555b7b23cd2620c7a,c4da2f94cf3ce504c41923d37bb5d5f6ac5e533782bde17826ae0bee929afa7e
DISTRICT,CHUNGBUK,청주시,NATURE_ECOLOGY,GREEN,4,88,1.0,NATIONWIDE_TYPE_VENUE,50,1,1.0,1.0,0.8016663510068135,0.765,1.388684165968968E8,dc459aca48974424d1e63cba2ca3e5c0d723e32a3a4724a75d28d13eea8c5f69,4bbc9af93eb43df33b9c90da5638903f98a09f4d76393e0728e6c4d75c1100e3,101,0.8245453128894829,GLOBAL_SIMILARITY,true,0.92,0.9700000000000001,1.0,50,7,2.033532510893872,0.6848063119277877,0.8491872781133428,0.765,1.505323268530368E8,700b4d5950fc83c1b0448b41b0044a304c689e3a7231b2b0eb785a61a5ac9b04,13f6257b11d20a32ba59bb5b392c17320193a90c122b4e270b4c9360c9b49cb7
DISTRICT,CHUNGBUK,청주시,LOCAL_SPECIALTY,GREEN,10,95,1.0,NATIONWIDE_TYPE_VENUE,50,1,1.0,1.0,0.8141166622843583,0.7295454545454546,4.06986952726649E8,6f559ff7303a8c2962ebc48f630fcff4006b749cc57f1e138c456575624dd657,a961fc20ebe28545b3a2b0bc4a777a5ce93478592ab4e76e7692af28ab33f32f,103,0.8753787773115188,GLOBAL_SIMILARITY,true,0.95,1.0,1.0,50,9,1.6298954704064093,0.7793921710505629,0.864189006067252,0.7431818181818182,4.966644198015422E8,27f33998cc55642d5cd023a9a05bf3de0a9521b712a3e1cddf47ff392bf4ef58,9f6a76bbf26831ba977e9dd4d0eb30afda7bb9622ea8510ff814e77a598fdaee
DISTRICT,CHUNGBUK,청주시,TRADITION_HISTORY,VILLAGE,3,80,0.20002846682478678,SAME_REGION_TYPE,50,8,7.649342743495275,0.16190195972982596,0.9385491431042137,0.8906250000000001,2.8933283356812984E8,82c648862ddf62d6dcd94c24f3ce526b1c3c1a36bc25ebee297d26aa0aa13509,65e8188fca75a4d580eae68e5b8ab997d34923c00df6fc3ea4fa7cbc80a23205,80,0.20002846682478678,SAME_REGION_TYPE,false,-Infinity,NaN,NaN,50,8,7.649342743495275,0.16190195972982596,0.9385491431042137,0.8906250000000001,2.8933283356812984E8,82c648862ddf62d6dcd94c24f3ce526b1c3c1a36bc25ebee297d26aa0aa13509,65e8188fca75a4d580eae68e5b8ab997d34923c00df6fc3ea4fa7cbc80a23205
DISTRICT,CHUNGBUK,청주시,TRADITION_HISTORY,OTHER,3,22,1.0,NATIONWIDE_TYPE_VENUE,22,1,1.0,1.0,0.7914598826298077,0.7295454545454546,2.2112430983846116E8,3d535e023c473017fdda8ada497fd3aeb9dbae27b046a7bdeb89e40249781229,3d535e023c473017fdda8ada497fd3aeb9dbae27b046a7bdeb89e40249781229,84,0.23477088891484937,SAME_REGION_TYPE,true,0.775,0.8250000000000001,1.0,50,8,7.649342743495275,0.16190195972982596,0.9385491431042137,0.8906250000000001,2.8933283356812984E8,bd8cae43f54de503da3ad6a170d74742956c465d776311fb33d100207cc699e9,65e8188fca75a4d580eae68e5b8ab997d34923c00df6fc3ea4fa7cbc80a23205
DISTRICT,CHUNGBUK,청주시,CULTURE_ART,OTHER,21,70,1.0,NATIONWIDE_TYPE_VENUE,50,1,1.0,1.0,0.7493043724915212,0.6954545454545455,2.84641372120794E8,e2894551a9aade3371c9d134fd015763aa296c0fb24e8191f8fdd46932c4cd77,fb16f453a23ff69796a9c352fd47ea3a05880db3295983ead8d74f17f8907693,156,0.40372806825807045,SAME_REGION_TYPE,true,0.7477272727272727,0.7977272727272727,1.0,50,8,6.8949289211790665,0.16903045577585785,0.9012387221908806,0.8011363636363636,5.857163819261018E8,a08eab564d5aec0c23629dcb66fe6ef483278a4c6547acd3108408bcc1b9b4f5,5cbed7ebb52eda371a70c52be5b51564e5f623033b8f68e7d4595ebcd1bdf043
DISTRICT,CHUNGBUK,청주시,CULTURE_ART,OTHER,2,70,1.0,NATIONWIDE_TYPE_VENUE,50,1,1.0,1.0,0.8029156704508117,0.775,1.717622194838368E8,e2894551a9aade3371c9d134fd015763aa296c0fb24e8191f8fdd46932c4cd77,20527dbab40e147534db859712a80c94cbce05d38cc933563b1bcf00191f5cc8,154,0.4064486897988843,SAME_REGION_TYPE,true,0.775,0.8250000000000001,1.0,50,8,7.215329338081988,0.15779049687695734,0.9303107054136529,0.8906250000000001,3.1733636917962855E8,587bec7df5a432e059a0b60324832f70a045f68d661182b0a8b416a12e90016c,5b5dfb46b37e6e85585b5dcfe4c27de102e0e5f0e1a82ce9f8e843956fbacffb
DISTRICT,CHUNGBUK,청주시,CULTURE_ART,INDEPENDENT,3,76,1.0,NATIONWIDE_TYPE_VENUE,50,1,1.0,1.0,0.8185756762619161,0.7875000000000001,3.113374599597198E8,8d3227fce5057e121afb1463f7003206e6d03aae5ceffb834860623ae7d9b164,a3e13c51bdf3127fd6cc189340ee3ed5abaabc9c18564b023ce3fea5ae3d180a,121,0.5505121243335305,GLOBAL_SIMILARITY,true,0.92,0.9700000000000001,1.0,50,9,7.756967992727706,0.0941858010558257,0.9342091118013175,0.8352941176470589,3.721504566960031E8,fee06b35ad664777a882024ed415dc9b21d33679e109a766ac61e9592f08aee0,746af30b41f69062ef70b42745d8444242c911771a61b7e850f6c0020d8664e7
DISTRICT,CHUNGBUK,청주시,CULTURE_ART,GREEN,2,158,1.0,NATIONWIDE_TYPE_VENUE,50,1,1.0,1.0,0.837252206937329,0.8250000000000001,1.7710718211937404E8,4214f3c3954d05a920f970ebc6a910e54d165aa212212417de62ae5be5a531b0,b58872c9f0033c767d381a736de000a4627216dfa4ff8702f36f404f379677b6,164,0.944832684431965,GLOBAL_SIMILARITY,true,0.95,1.0,1.0,50,5,1.3930076808376475,0.843224803192477,0.8606389670928454,0.8250000000000001,1.881061631462968E8,756adb9e33e8d09a4b6809be16ccc62ca6d266f8057fc25d9e7314dc602fb03f,83facf0a45adffb94d63dfbcb3f3844964609af09e4236e4c00ae89dc4bbb843
DISTRICT,CHUNGBUK,청주시,CULTURE_ART,INDEPENDENT,2,76,1.0,NATIONWIDE_TYPE_VENUE,50,1,1.0,1.0,0.8175362023630897,0.7875000000000001,2.2265314525688508E8,8d3227fce5057e121afb1463f7003206e6d03aae5ceffb834860623ae7d9b164,7f178cc89dd5e144dea731eaa204970b43b219b44dfc8b32879ad996647540ce,129,0.5115796435412535,GLOBAL_SIMILARITY,true,0.89,0.9400000000000001,1.0,50,9,7.561641726911166,0.039609007625110104,0.9316190312723857,0.8906250000000001,3.3603316814303994E8,401604a403d2fecbe62ead94050bdd135a989c92d903aab50b78aa886a0b3518,4f43889acc870d397b165d0fdd2af51d0aced250d30d2f9a73d130c19f1ae998
DISTRICT,CHUNGBUK,충주시,CULTURE_ART,GREEN,5,158,1.0,NATIONWIDE_TYPE_VENUE,50,1,1.0,1.0,0.8122858062627476,0.775,3.730461939579065E8,4214f3c3954d05a920f970ebc6a910e54d165aa212212417de62ae5be5a531b0,6a34a8070ff4a4d9ddb5ad406074b36e5d2abbd4e071cb36a8080a8bddccb96a,165,0.932243143529681,GLOBAL_SIMILARITY,true,0.95,1.0,1.0,50,8,1.5246782959625993,0.8065511587433624,0.8505511857331784,0.775,3.7368464331473047E8,58e0f6d624672fe5741d7f2036c099fc5e8ae2abaaca02bec44c13dfce6a2427,1f12053ac696146599e974ad38737bc341bc6af970469a09d4e7e681d1f3cb09
DISTRICT,CHUNGBUK,충주시,TRADITION_HISTORY,WATERFRONT,2,31,1.0,NATIONWIDE_TYPE_VENUE,31,1,1.0,1.0,0.7992064534046559,0.7014705882352942,2.255627975754905E8,c0745607175cb18cadd7e1f4435374983eded73e4a37d3abefd288d57a8daaeb,c0745607175cb18cadd7e1f4435374983eded73e4a37d3abefd288d57a8daaeb,31,1.0,GLOBAL_SIMILARITY,true,0.95,1.0,1.0,31,1,1.0,1.0,0.7992064534046559,0.7014705882352942,2.255627975754905E8,c0745607175cb18cadd7e1f4435374983eded73e4a37d3abefd288d57a8daaeb,c0745607175cb18cadd7e1f4435374983eded73e4a37d3abefd288d57a8daaeb
DISTRICT,CHUNGBUK,충주시,TRADITION_HISTORY,GREEN,3,54,1.0,NATIONWIDE_TYPE_VENUE,50,1,1.0,1.0,0.818067460596486,0.75,3.2805607338191545E8,925fb91efbfb16db5e571b6b008cb99b6c0a3a167e39edb07bb4c1c2cafda7ae,0b10414e4df778077e09aff84aa24bce645844fb8cbe1d078b98c882156b859e,54,1.0,GLOBAL_SIMILARITY,true,0.95,1.0,1.0,50,1,1.0,1.0,0.818067460596486,0.75,3.2805607338191545E8,925fb91efbfb16db5e571b6b008cb99b6c0a3a167e39edb07bb4c1c2cafda7ae,0b10414e4df778077e09aff84aa24bce645844fb8cbe1d078b98c882156b859e
DISTRICT,CHUNGBUK,충주시,LOCAL_SPECIALTY,GREEN,2,95,1.0,NATIONWIDE_TYPE_VENUE,50,1,1.0,1.0,0.8431008893806776,0.7875000000000001,1.434791197796317E8,6f559ff7303a8c2962ebc48f630fcff4006b749cc57f1e138c456575624dd657,ef77889481cae85b271d70d5ba34257dc746e06bf624b67fcfbb7aab27546e71,150,0.5639143562295741,GLOBAL_SIMILARITY,true,0.9125000000000001,0.9625000000000001,1.0,50,9,6.122677026564566,0.08286656878545874,0.9351457952410631,0.9230769230769231,2.3826483394538337E8,1c768df535be0b6bf855786e5853cf74ae052c63da29fec5966b34ec8805dde8,6229ed159e6f7fa123319ea315a8160ee1e07c534e69d289db1af5b759db63f5
DISTRICT,CHUNGBUK,충주시,CULTURE_ART,WATERFRONT,3,90,1.0,NATIONWIDE_TYPE_VENUE,50,1,1.0,1.0,0.8286302278631898,0.7875000000000001,3.012690717937193E8,c348e29400ebe021db666e856fec31595170b0090866fe06d013a15bb05b35e1,00834a271dfc4bdeb03de55321406e9cfa9e76fc1279ec0615d27ea09907b08b,96,0.9066620089534918,GLOBAL_SIMILARITY,true,0.95,1.0,1.0,50,7,1.4099458238636482,0.8396151719488265,0.8574702554560126,0.7875000000000001,3.501036646151382E8,9ea0bc6acc1b22c36b633eb49d70e57f8068ae13f16579c33140dd7cf3638627,57c47a084d5b38a8aa78d6d7859f0f5571e892d46abfa117a59c6786264d3902
DISTRICT,CHUNGBUK,충주시,CULTURE_ART,GREEN,3,158,1.0,NATIONWIDE_TYPE_VENUE,50,1,1.0,1.0,0.8382185924311831,0.8250000000000001,3.866682652708944E8,4214f3c3954d05a920f970ebc6a910e54d165aa212212417de62ae5be5a531b0,c6378a1e18f3e4f2c66c4c644f87bc50ded16583c976619cb4c98277cac302a7,214,0.6734080562603398,GLOBAL_SIMILARITY,true,0.9,0.9500000000000001,1.0,50,9,7.981022922208601,0.0995566640015915,0.9338021707227466,0.9,3.8872396578030246E8,281e4c2773787659de938ce15d196ed1d78de83364eb244edc1bced21b4412b7,85a890881331bb2d2d81450aeaaba92ea351f2643dc0961d4f75ec864e648d0b
DISTRICT,CHUNGBUK,충주시,CULTURE_ART,INDEPENDENT,4,76,1.0,NATIONWIDE_TYPE_VENUE,50,1,1.0,1.0,0.8114873265958931,0.765,4.233163233141653E8,8d3227fce5057e121afb1463f7003206e6d03aae5ceffb834860623ae7d9b164,967ba8409cae4fb6f259f18c8df7a6912d206dc0966acb8ab2a766e156ce1996,83,0.8722385678182669,GLOBAL_SIMILARITY,true,0.95,1.0,1.0,50,8,1.532929192275485,0.804282976187767,0.852927015323208,0.765,4.328287936034152E8,0a4f21c60435ba578887781c024c1f0ac8847437ee22e268cc61d3293ef1a054,01e037631c381b4d49541b542e41e60e4ee50a04fe7b2102a9274692545e87ea
DISTRICT,CHUNGBUK,충주시,CULTURE_ART,WATERFRONT,2,90,1.0,NATIONWIDE_TYPE_VENUE,50,1,1.0,1.0,0.8223664546001558,0.7875000000000001,2.014797097509424E8,c348e29400ebe021db666e856fec31595170b0090866fe06d013a15bb05b35e1,0444627734c7d6ff63567b57460127dc11976d6c6ef4f59225cb0a9615ce496e,93,0.9483134812135795,GLOBAL_SIMILARITY,true,0.95,1.0,1.0,50,4,1.1950407308745896,0.9133955619380141,0.8396229254102331,0.7875000000000001,2.0858560913531217E8,63328cc6bfb4ff56ac28ba374aa563f7117818597a6442518627f56fed521f1b,b5a27089ffd75439ea5b6db28fd1c4cf6652a7552b8e2c6debec946d760791c9
DISTRICT,CHUNGBUK,제천시,LOCAL_SPECIALTY,GREEN,3,95,1.0,NATIONWIDE_TYPE_VENUE,50,1,1.0,1.0,0.8619490858825991,0.795,2.6519463840873617E8,6f559ff7303a8c2962ebc48f630fcff4006b749cc57f1e138c456575624dd657,7393618c7013832b7b9e9c0cfedb5cd2bf2935d72e05b15b3409ae298c033db4,95,1.0,GLOBAL_SIMILARITY,true,0.95,1.0,1.0,50,1,1.0,1.0,0.8619490858825991,0.795,2.6519463840873617E8,6f559ff7303a8c2962ebc48f630fcff4006b749cc57f1e138c456575624dd657,7393618c7013832b7b9e9c0cfedb5cd2bf2935d72e05b15b3409ae298c033db4
DISTRICT,CHUNGBUK,제천시,NATURE_ECOLOGY,OTHER,3,28,1.0,NATIONWIDE_TYPE_VENUE,28,1,1.0,1.0,0.7724478915430698,0.6990000000000001,9.3641686957149E7,bac84c25c579cb164a23d21f107620de9d5a19ddb2360cb94e2daef2a6ba747b,bac84c25c579cb164a23d21f107620de9d5a19ddb2360cb94e2daef2a6ba747b,61,0.41871637984113524,SAME_REGION_TYPE,true,0.775,0.8250000000000001,1.0,50,9,5.552805082570816,0.3306658592377233,0.889946583232447,0.75,8.60100927270561E7,13cd29ce7c408baab29123b78c4ffa1b9ee09ac233f2a1bcb443955aa93dff09,7bbbb2263aea62a45115338be9f858f7ca39b48c7f565c00dfe67a2e03278cf5
DISTRICT,CHUNGBUK,제천시,LOCAL_SPECIALTY,WATERFRONT,2,71,1.0,NATIONWIDE_TYPE_VENUE,50,1,1.0,1.0,0.8168462342620805,0.7875000000000001,1.0316394968959963E8,423ef67fb8d8ce3b4c72bcaeeff7f273fce5f5c7748615ef99cbb399498ea8e6,73bb00530c61ebf6dd896ab748bbedd2a67a4ea327e9885ca96817266a68d1da,124,0.4959249980941569,SAME_REGION_TYPE,true,0.9125000000000001,0.9625000000000001,1.0,50,9,5.763162024208893,0.021625352536598436,0.9257049314394081,0.9230769230769231,2.7786080006835544E8,5d096ad0642c28dc90412d731542d8ae109dbd24422875810463dcb971a2d578,27dd51aa48b3c83dc484e652996656551a3b4c346c130a825a097836bdaa831b
DISTRICT,CHUNGBUK,제천시,COMMUNITY,GREEN,3,41,1.0,NATIONWIDE_TYPE_VENUE,41,1,1.0,1.0,0.7868931244337506,0.6907894736842106,1.4775965363626945E8,2e791c1fbe39f5acd2e443473c32520423f6131ee59cef2b016af5dfdade83f7,2e791c1fbe39f5acd2e443473c32520423f6131ee59cef2b016af5dfdade83f7,121,0.35213509531241766,NATIONWIDE_TYPE,true,0.775,0.8250000000000001,1.0,50,8,2.075153555259241,0.6827926929202428,0.8366943118794046,0.78125,1.752333376814755E8,d3da06fc77e9cf01eb2ee3aaa06a0d74551e024485c102f5ec7143f1df57e7d1,a8d7cd4cc7b056adc49c0117fc82852049588f621873d8dbd6b6573fb7c7a0b7
DISTRICT,CHUNGBUK,제천시,LOCAL_SPECIALTY,INDEPENDENT,2,37,1.0,NATIONWIDE_TYPE_VENUE,37,1,1.0,1.0,0.8145954580189276,0.7159090909090909,1.0909892506212759E8,f48a1845e91ccd6df2e6cbb8eff45c61703b96b9de9c78eebb998bf15f66a0a2,f48a1845e91ccd6df2e6cbb8eff45c61703b96b9de9c78eebb998bf15f66a0a2,37,1.0,GLOBAL_SIMILARITY,true,0.95,1.0,1.0,37,1,1.0,1.0,0.8145954580189276,0.7159090909090909,1.0909892506212759E8,f48a1845e91ccd6df2e6cbb8eff45c61703b96b9de9c78eebb998bf15f66a0a2,f48a1845e91ccd6df2e6cbb8eff45c61703b96b9de9c78eebb998bf15f66a0a2
DISTRICT,CHUNGBUK,제천시,COMMUNITY,VILLAGE,3,30,0.5264514700802477,SAME_REGION_TYPE,30,8,3.2124448934506695,0.5264514700802478,0.8622200013917063,0.6907894736842106,1.4015030683155245E8,1bcd432edacd24acfac332e335f7fe81d40ba74221956ab6a744ad8a86e97d97,1bcd432edacd24acfac332e335f7fe81d40ba74221956ab6a744ad8a86e97d97,30,0.5264514700802477,GLOBAL_SIMILARITY,true,0.9,0.9500000000000001,0.5264514700802477,30,8,3.2124448934506695,0.5264514700802478,0.8622200013917063,0.6907894736842106,1.4015030683155245E8,1bcd432edacd24acfac332e335f7fe81d40ba74221956ab6a744ad8a86e97d97,1bcd432edacd24acfac332e335f7fe81d40ba74221956ab6a744ad8a86e97d97
DISTRICT,CHUNGBUK,제천시,CULTURE_ART,GREEN,2,158,1.0,NATIONWIDE_TYPE_VENUE,50,1,1.0,1.0,0.8375301130639196,0.8250000000000001,1.760773003731172E8,4214f3c3954d05a920f970ebc6a910e54d165aa212212417de62ae5be5a531b0,b58872c9f0033c767d381a736de000a4627216dfa4ff8702f36f404f379677b6,165,0.9333794950479896,GLOBAL_SIMILARITY,true,0.95,1.0,1.0,50,6,1.4971862551268629,0.8114739956150875,0.8697677195507352,0.8250000000000001,2.3085694658271262E8,16e1401a16339402770bb9c2653b13266baefd7fcba40b496ee63cc656095627,fbde1984bbe28f3660ccdbda00ad1903726a34b55cb086313b6ece511cfb8b8c
DISTRICT,CHUNGBUK,보은군,NATURE_ECOLOGY,INDEPENDENT,10,55,0.37913119910120163,SAME_REGION_TYPE,50,9,5.596647323481814,0.3343022258512362,0.8359354080775782,0.7159090909090909,1.2127242689903945E8,28c3d61dc8aacd3d67e36b395fee97f88dc0b276215847e653f63e7a62fdf9bf,d54f4983753c5b1f9512a91d4724bb7d1b7fbe3dcb0e5132f499dc9b9e4d95b6,55,0.37913119910120163,SAME_REGION_TYPE,false,-Infinity,NaN,NaN,50,9,5.596647323481814,0.3343022258512362,0.8359354080775782,0.7159090909090909,1.2127242689903945E8,28c3d61dc8aacd3d67e36b395fee97f88dc0b276215847e653f63e7a62fdf9bf,d54f4983753c5b1f9512a91d4724bb7d1b7fbe3dcb0e5132f499dc9b9e4d95b6
DISTRICT,CHUNGBUK,보은군,LOCAL_SPECIALTY,GREEN,10,95,1.0,NATIONWIDE_TYPE_VENUE,50,1,1.0,1.0,0.8128196005954105,0.7295454545454546,4.0790211925450975E8,6f559ff7303a8c2962ebc48f630fcff4006b749cc57f1e138c456575624dd657,a961fc20ebe28545b3a2b0bc4a777a5ce93478592ab4e76e7692af28ab33f32f,103,0.8747850560007385,GLOBAL_SIMILARITY,true,0.95,1.0,1.0,50,9,1.6346990077185093,0.7781925153853159,0.8636811043195296,0.7431818181818182,4.925544762371465E8,e921a2723ff81377441cf935cfd638a4f957e43d1914e76601fe441368297d68,f5e65c011328459ef4e3bfb2d6d41a30c0660aff1113f24db90ffd81d9db14d2
DISTRICT,CHUNGBUK,옥천군,LOCAL_SPECIALTY,GREEN,4,95,1.0,NATIONWIDE_TYPE_VENUE,50,1,1.0,1.0,0.8460668117359379,0.795,3.334644323446207E8,6f559ff7303a8c2962ebc48f630fcff4006b749cc57f1e138c456575624dd657,4ef5f05aa6747f933b086c44f3de86be75773b361b7d4bce064a12e4111c703b,171,0.47899904451733194,SAME_REGION_TYPE,true,0.92,0.9700000000000001,1.0,50,9,7.502232851729664,0.11843330829828354,0.9593813444635771,0.9230769230769231,3.344020769646769E8,e17ea3c48bd662ded418a32cc57c518c97b629c3a4976d1ec1e6e3d729ad36eb,fdfa56e16a3857d17d31ff6418a01e62288762399012fc13692a15b1eea30da8
DISTRICT,CHUNGBUK,옥천군,LOCAL_SPECIALTY,OTHER,2,30,1.0,NATIONWIDE_TYPE_VENUE,30,1,1.0,1.0,0.8060655364441526,0.6895161290322581,1.039415786093226E8,d7eb5f5a7795ed75ed648bbe71eacb81a6fe0bd8c57b502eb69efc2e8672ca56,d7eb5f5a7795ed75ed648bbe71eacb81a6fe0bd8c57b502eb69efc2e8672ca56,93,0.25804360498561096,SAME_REGION_TYPE,true,0.9,0.9500000000000001,1.0,50,9,6.624404859917764,0.020241405857584754,0.945752003187486,0.9230769230769231,2.3458268990851974E8,6527f9cd2f5c2437845250bf750627ce7cef3f1ba442bb2f5ddd06a3dabba648,34f5234bc7762a1056d438a00e199a3defaad42f38eaf9f51077254641235a65
DISTRICT,CHUNGBUK,옥천군,CULTURE_ART,INDEPENDENT,4,76,1.0,NATIONWIDE_TYPE_VENUE,50,1,1.0,1.0,0.8112970116220908,0.765,4.2216782022896993E8,8d3227fce5057e121afb1463f7003206e6d03aae5ceffb834860623ae7d9b164,967ba8409cae4fb6f259f18c8df7a6912d206dc0966acb8ab2a766e156ce1996,125,0.5206972420045014,GLOBAL_SIMILARITY,true,0.92,0.9700000000000001,1.0,50,9,8.191140737135047,0.06150825024606941,0.9462399230313459,0.9230769230769231,4.297440889314506E8,a0c130d91ded6d74dfdfd0d7429642ca3b88919b60b535557701f57ef1bd1b5b,83d1646cee3ed87713227d4feda37c0036556319692f4fa1123a56cac751839c
DISTRICT,CHUNGBUK,옥천군,LOCAL_SPECIALTY,WATERFRONT,3,71,1.0,NATIONWIDE_TYPE_VENUE,50,1,1.0,1.0,0.8192505756935965,0.7875000000000001,1.5825283712523565E8,423ef67fb8d8ce3b4c72bcaeeff7f273fce5f5c7748615ef99cbb399498ea8e6,b81e46091782f6a959614820fd263ea9d343c58e33aee45b8daafaf748656aed,89,0.7169863446809052,GLOBAL_SIMILARITY,true,0.95,1.0,1.0,50,9,2.976878312026584,0.5536149506146979,0.9057341726772351,0.7941176470588235,2.1155818329321405E8,8045ad887461ac9f80194970e4204ed5af9e8795dc1f0fe88ae2c8bfee13fbbe,2f6eddb7f9cccdd01ab7427708b2562e66f0eb526ecdbdd20f7745d5529bba17
DISTRICT,CHUNGBUK,옥천군,LOCAL_SPECIALTY,INDEPENDENT,2,37,1.0,NATIONWIDE_TYPE_VENUE,37,1,1.0,1.0,0.8145954580189276,0.7159090909090909,1.0932094907248332E8,f48a1845e91ccd6df2e6cbb8eff45c61703b96b9de9c78eebb998bf15f66a0a2,f48a1845e91ccd6df2e6cbb8eff45c61703b96b9de9c78eebb998bf15f66a0a2,52,0.6245498968605924,GLOBAL_SIMILARITY,true,0.95,1.0,1.0,50,9,2.5034910823251844,0.6142835335566538,0.8831038948617211,0.765,1.4090913995392755E8,e894e53b0eea4b944429072a6c68f6dec2cc4e6c66440687f48b4c61f67f2d6d,8707e86a07b6773a7402d8eaed16648a91f7de68c942b50cf044fafaf0c98d38
DISTRICT,CHUNGBUK,영동군,LOCAL_SPECIALTY,INDEPENDENT,3,37,1.0,NATIONWIDE_TYPE_VENUE,37,1,1.0,1.0,0.8152955689504464,0.7295454545454546,1.3704811722480312E8,f48a1845e91ccd6df2e6cbb8eff45c61703b96b9de9c78eebb998bf15f66a0a2,f48a1845e91ccd6df2e6cbb8eff45c61703b96b9de9c78eebb998bf15f66a0a2,134,0.22408533118538818,SAME_REGION_TYPE,true,0.8625,0.9125000000000001,1.0,50,8,7.016140926779353,0.06568502826502799,0.9571316726957695,0.9230769230769231,3.2183181604108965E8,746798ef4b987e4863674e0c9cbf186e853031f8d63206363e12bea86754ef96,d58574ea6ef5c9e6ec9c2582de4281e2d0a5556bcd4253a9f2d9d44a9fe147e8
DISTRICT,CHUNGBUK,증평군,LOCAL_SPECIALTY,GREEN,4,95,1.0,NATIONWIDE_TYPE_VENUE,50,1,1.0,1.0,0.8462397223905731,0.795,3.3329905463004273E8,6f559ff7303a8c2962ebc48f630fcff4006b749cc57f1e138c456575624dd657,4ef5f05aa6747f933b086c44f3de86be75773b361b7d4bce064a12e4111c703b,103,0.8861650761123337,GLOBAL_SIMILARITY,true,0.95,1.0,1.0,50,9,1.5853761404871962,0.7907541722450719,0.8851898002125844,0.795,3.5938629531681293E8,42844f20d98fa4135465a0f8df9c8d853a864c99b3d3544aff49c68c257623f6,509fc1dde360e4a843886060a3790fa250c8de576ecb24b1f7eff3c0fbec962f
DISTRICT,CHUNGBUK,증평군,TRADITION_HISTORY,INDEPENDENT,2,38,1.0,NATIONWIDE_TYPE_VENUE,38,1,1.0,1.0,0.796334245500429,0.7000000000000001,2.3422512759368888E8,8674a18a77fd59101747b5bfbca30d4351075de073f6e1726ea05249ad86bedb,8674a18a77fd59101747b5bfbca30d4351075de073f6e1726ea05249ad86bedb,46,0.748547461424354,GLOBAL_SIMILARITY,true,0.95,1.0,1.0,46,9,1.7598605223548311,0.7485474614243537,0.8475465164902702,0.7000000000000001,1.8710010001418924E8,9c2bc003b0eca096e0dda44ec491ded10fdcabd35762aa6cb90c23141c3b59c3,9c2bc003b0eca096e0dda44ec491ded10fdcabd35762aa6cb90c23141c3b59c3
DISTRICT,CHUNGBUK,진천군,COMMUNITY,WATERFRONT,3,29,1.0,NATIONWIDE_TYPE_VENUE,29,1,1.0,1.0,0.8016056817607122,0.7035714285714286,1.6513212670762056E8,d79174673ff7f3466f21cd9adef13feaf0fb2e943028627027b036405e0d7d39,d79174673ff7f3466f21cd9adef13feaf0fb2e943028627027b036405e0d7d39,40,0.6424653078490415,GLOBAL_SIMILARITY,true,0.9,0.9500000000000001,1.0,40,8,2.312434910215758,0.6424653078490412,0.8615173632100985,0.7035714285714286,2.0325020279077598E8,eadaad843e73a9d610a37b753ce16067bd6e24b31c6105cb0c075f1786c63d7a,eadaad843e73a9d610a37b753ce16067bd6e24b31c6105cb0c075f1786c63d7a
DISTRICT,CHUNGBUK,진천군,COMMUNITY,WATERFRONT,2,29,1.0,NATIONWIDE_TYPE_VENUE,29,1,1.0,1.0,0.8024261134385039,0.6964285714285715,1.3528316164681304E8,d79174673ff7f3466f21cd9adef13feaf0fb2e943028627027b036405e0d7d39,d79174673ff7f3466f21cd9adef13feaf0fb2e943028627027b036405e0d7d39,41,0.6358418547364797,GLOBAL_SIMILARITY,true,0.8625,0.9125000000000001,1.0,41,8,2.355831794747644,0.6358418547364796,0.8532301389374716,0.6964285714285715,1.713861691504871E8,c4aacde6bcede008884ff1dd4dd8b7a1e86bf1f334effae42c18613e64eefcb0,c4aacde6bcede008884ff1dd4dd8b7a1e86bf1f334effae42c18613e64eefcb0
DISTRICT,CHUNGBUK,괴산군,LOCAL_SPECIALTY,GREEN,3,95,1.0,NATIONWIDE_TYPE_VENUE,50,1,1.0,1.0,0.8602966061993392,0.795,2.721829457294219E8,6f559ff7303a8c2962ebc48f630fcff4006b749cc57f1e138c456575624dd657,7393618c7013832b7b9e9c0cfedb5cd2bf2935d72e05b15b3409ae298c033db4,116,0.7592344654847096,GLOBAL_SIMILARITY,true,0.95,1.0,1.0,50,8,3.2306504867845094,0.5259825318463189,0.9321100458452335,0.8250000000000001,2.242199259497707E8,eedb0ad4c25dde75c91015b02cdba0584c27b863f8384c5b8c00bdc040eff765,55c72aec33c7aa725c983ddfae7a0bb5ee336bb4706f978446390f73afc7c397
DISTRICT,CHUNGBUK,괴산군,LOCAL_SPECIALTY,GREEN,4,95,1.0,NATIONWIDE_TYPE_VENUE,50,1,1.0,1.0,0.8492847496356366,0.795,3.352845471114504E8,6f559ff7303a8c2962ebc48f630fcff4006b749cc57f1e138c456575624dd657,4ef5f05aa6747f933b086c44f3de86be75773b361b7d4bce064a12e4111c703b,111,0.8013516881326458,GLOBAL_SIMILARITY,true,0.95,1.0,1.0,50,8,2.445389029372504,0.6209357857043234,0.9139006010510964,0.795,4.041862214532125E8,ddab693d4236998ffa33ae962b5fc2275982b89b948a5856c4be2a6fecb190da,9afb2b50e29e6b15a8ba3b2f9f9b432bf5afc168c028bb504037b7ce6ce5adb8
DISTRICT,CHUNGBUK,음성군,CULTURE_ART,GREEN,5,158,1.0,NATIONWIDE_TYPE_VENUE,50,1,1.0,1.0,0.8122858062627476,0.775,3.737114321387384E8,4214f3c3954d05a920f970ebc6a910e54d165aa212212417de62ae5be5a531b0,6a34a8070ff4a4d9ddb5ad406074b36e5d2abbd4e071cb36a8080a8bddccb96a,168,0.904170153147337,GLOBAL_SIMILARITY,true,0.95,1.0,1.0,50,9,1.850059905611191,0.7281029038325217,0.868649182557609,0.775,3.953834376931054E8,505bc7458ac1615fa7b9e952bd751d964e13dac91f2d1aec3fe5c66a9d9ad80e,0c1c901310b96928c9bede82d74cbd9826d9b242458284f87690bdd6bf4c62ca
DISTRICT,CHUNGBUK,음성군,LOCAL_SPECIALTY,GREEN,4,95,1.0,NATIONWIDE_TYPE_VENUE,50,1,1.0,1.0,0.8462397223905731,0.795,3.339151891173607E8,6f559ff7303a8c2962ebc48f630fcff4006b749cc57f1e138c456575624dd657,4ef5f05aa6747f933b086c44f3de86be75773b361b7d4bce064a12e4111c703b,103,0.8886515866325955,GLOBAL_SIMILARITY,true,0.95,1.0,1.0,50,7,1.563415078111976,0.7948422676243587,0.8821408027313979,0.795,3.6819893855384433E8,7ba4528aec4651320f967c8f7ddd584ac9a8fe9c14c69009744513f0b5fbb6bb,ed8ff62f667fbfa3812d624046f159b006b9d023d1fca4fa5d8112b3e6b835a3
DISTRICT,CHUNGBUK,음성군,TRADITION_HISTORY,UNDECIDED,2,69,0.13377547655904098,SAME_REGION_TYPE,50,8,7.5147284690505805,0.16314695859507003,0.9252186199034581,0.8906250000000001,1.9917754499059254E8,b1f379416993f39f22e14f58868b646a94df18e97fe3a5c6a6de3efd3e2def6d,d11eb2f8287e71f185bc3a6f7686e6688ae8ec73f32426f132c5d0c9611b5e6f,69,0.13377547655904098,SAME_REGION_TYPE,false,-Infinity,NaN,NaN,50,8,7.5147284690505805,0.16314695859507003,0.9252186199034581,0.8906250000000001,1.9917754499059254E8,b1f379416993f39f22e14f58868b646a94df18e97fe3a5c6a6de3efd3e2def6d,d11eb2f8287e71f185bc3a6f7686e6688ae8ec73f32426f132c5d0c9611b5e6f
DISTRICT,CHUNGBUK,단양군,NATURE_ECOLOGY,OTHER,3,28,1.0,NATIONWIDE_TYPE_VENUE,28,1,1.0,1.0,0.7724478915430698,0.6990000000000001,9.3641686957149E7,bac84c25c579cb164a23d21f107620de9d5a19ddb2360cb94e2daef2a6ba747b,bac84c25c579cb164a23d21f107620de9d5a19ddb2360cb94e2daef2a6ba747b,62,0.43616014875033504,SAME_REGION_TYPE,true,0.775,0.8250000000000001,1.0,50,9,5.386853141527882,0.34007093169141306,0.8749002760383194,0.775,9.113848432272366E7,13b079a1c36bb3ac2d5a15781d2289c5720de79d7dbf4f27ce5bfca10ba05a42,9f69978cb6511b8acb2a96d62bc3b0ebd784cb0da7d8201714c72f23fe5c3a95
DISTRICT,CHUNGBUK,단양군,TRADITION_HISTORY,GREEN,3,54,1.0,NATIONWIDE_TYPE_VENUE,50,1,1.0,1.0,0.8178803676194928,0.75,3.2944969385346967E8,925fb91efbfb16db5e571b6b008cb99b6c0a3a167e39edb07bb4c1c2cafda7ae,0b10414e4df778077e09aff84aa24bce645844fb8cbe1d078b98c882156b859e,94,0.4996359290257334,SAME_REGION_TYPE,true,0.92,0.9700000000000001,1.0,50,9,8.097834118759009,0.18102730235381928,0.9312480295596773,0.8250000000000001,2.6510600024744755E8,f8aa087570b32c18d00a248f09852fe2088a9ddc23814d8fa8fc5cb206062644,cbd98828aa7e973e29c4d7eb6b953a715f612ac5d66f241acd16ce0492c93892
DISTRICT,CHUNGNAM,천안시,NATURE_ECOLOGY,WATERFRONT,2,70,1.0,NATIONWIDE_TYPE_VENUE,50,1,1.0,1.0,0.8250888871367686,0.75,9.082010676255512E7,0a635fe7c95464734d67fcf3eb34fbe1decb151168419235fa06b370eaf0e0c0,cdcc13633146adab08e202ec00db40bd8657e1b7d1ed80b2e03f5cedae29d2a3,205,0.2724789110107913,SAME_REGION_TYPE,true,0.9,0.9500000000000001,1.0,50,9,5.95041733561456,0.08058703400997964,0.9454112869731774,0.9230769230769231,4.962748709254962E7,5e95ba2d024548091b12f9b2b0d59eb7e884db1f98e9efe542fca5fc064ff6e2,9309ec44c563af13bafa7d0e46fc064f4ad3660c2a281ab1ac0f5b517ff9fe77
DISTRICT,CHUNGNAM,천안시,CULTURE_ART,OTHER,5,70,1.0,NATIONWIDE_TYPE_VENUE,50,1,1.0,1.0,0.7907168958937123,0.75,2.541262935790318E8,e2894551a9aade3371c9d134fd015763aa296c0fb24e8191f8fdd46932c4cd77,9b32e317f5549c523ea00c9483c9f343b0ba999dc900e8bdc724e04abe4f5f95,157,0.36820987126534477,SAME_REGION_TYPE,true,0.85,0.9,1.0,50,8,6.360317917693727,0.02285219283650518,0.9365209546423591,0.9230769230769231,1.8061379754506025E8,6e0c5b6a421695e1ba8df0b376e7244ce305775bc9293219e6a042e35eb507a5,a1616e4b28a53419cb8a6bc985ba9d0641ae07a712c925c6dac99d9e4fdbbe37
DISTRICT,CHUNGNAM,천안시,LOCAL_SPECIALTY,INDEPENDENT,2,37,1.0,NATIONWIDE_TYPE_VENUE,37,1,1.0,1.0,0.8076533885355138,0.6895161290322581,1.1113513822930123E8,f48a1845e91ccd6df2e6cbb8eff45c61703b96b9de9c78eebb998bf15f66a0a2,f48a1845e91ccd6df2e6cbb8eff45c61703b96b9de9c78eebb998bf15f66a0a2,278,0.16652943892353492,SAME_REGION_TYPE,true,0.9,0.9500000000000001,1.0,50,9,5.260634217276632,0.01985718807265983,0.9548371484117749,0.9230769230769231,5.9628427229436375E7,afcdba3576a4382c7a4b647b0b58f31179e3bf92927f3ca70d053fc2c384fafe,5b4bd9b9aee63110303bc52287fcd6745aeade7a57990772356f0f5ab78aa90e
DISTRICT,CHUNGNAM,천안시,CULTURE_ART,INDEPENDENT,5,76,1.0,NATIONWIDE_TYPE_VENUE,50,1,1.0,1.0,0.797027123094274,0.75,4.6719489226372033E8,8d3227fce5057e121afb1463f7003206e6d03aae5ceffb834860623ae7d9b164,8753494a92a803d3b07b5c6eb8640a97bb9f1e5a3fe670565209ca6440f7ac2a,150,0.416895765073953,SAME_REGION_TYPE,true,0.9,0.9500000000000001,1.0,50,9,6.43516802849515,0.02060036390577111,0.9370601045802549,0.9230769230769231,1.904724750584453E8,8a434e2bfd380abc10ceb1fa63b194775747976753ebf9fbb6d7b24552568f57,c9bab84ff06d5e331adce7af2b0372c572437e6ed55450bf96f4f52482db4aa2
DISTRICT,CHUNGNAM,천안시,LOCAL_SPECIALTY,VILLAGE,2,23,1.0,NATIONWIDE_TYPE_VENUE,23,1,1.0,1.0,0.84480102385408,0.7159090909090909,1.2324108038276438E8,3fbec895063fe63197622dd9e2f7c6edb414b8212fdbf14439a971c269a81dc0,3fbec895063fe63197622dd9e2f7c6edb414b8212fdbf14439a971c269a81dc0,37,0.5344806972068196,GLOBAL_SIMILARITY,true,0.95,1.0,1.0,37,9,3.1804934016239543,0.5344806972068196,0.9170491430237437,0.7159090909090909,9.516114989050749E7,e71d60084204aaebd672af05b3b70f038cfa88b4153005e11ee19167aa9fb058,e71d60084204aaebd672af05b3b70f038cfa88b4153005e11ee19167aa9fb058
DISTRICT,CHUNGNAM,천안시,CULTURE_ART,WATERFRONT,5,90,1.0,NATIONWIDE_TYPE_VENUE,50,1,1.0,1.0,0.8004296375221396,0.765,4.5042656561025E8,c348e29400ebe021db666e856fec31595170b0090866fe06d013a15bb05b35e1,6aa5752d3219bcada26dccf7a3d6712bb04b4667a2cfb87317b149c7bed31528,96,0.8994341548914202,GLOBAL_SIMILARITY,true,0.95,1.0,1.0,50,6,1.4572210392866232,0.8242408389777426,0.8385103642744481,0.775,5.13206434896022E8,67a0aed80021265b8aa25a97061442f66f914957573724cfff76eff2255c3462,af2f4ac846d43bbea2a85ef83f325f5a7ea26efcd34bd1bde95be8b84af3a5c3
DISTRICT,CHUNGNAM,천안시,LOCAL_SPECIALTY,WATERFRONT,2,71,1.0,NATIONWIDE_TYPE_VENUE,50,1,1.0,1.0,0.8528887318737017,0.7875000000000001,9.179240959783524E7,423ef67fb8d8ce3b4c72bcaeeff7f273fce5f5c7748615ef99cbb399498ea8e6,422dd068890022531199cbb3f1695d2c8f195b493de80495d7836f24c37f8eac,85,0.7745187940744227,GLOBAL_SIMILARITY,true,0.95,1.0,1.0,50,9,2.2250086122454875,0.6587803536401771,0.9164126655468188,0.7941176470588235,7.4267916288728E7,3afbf08bcb8ecc9a85f49e9c9a53827c99dd24f68b62a2be1fb870658576cf01,10bd0070af5622b31b5927436cc4abf09bf1348701afec2de2db7e45e92c136c
DISTRICT,CHUNGNAM,천안시,CULTURE_ART,VILLAGE,2,39,1.0,NATIONWIDE_TYPE_VENUE,39,1,1.0,1.0,0.7915679822410221,0.6817164179104478,1.39546003322399E8,35666bd283d687af38fec7347887732ca0983e78f887177a0dbce730a02f799c,35666bd283d687af38fec7347887732ca0983e78f887177a0dbce730a02f799c,135,0.27099804574168,SAME_REGION_TYPE,true,0.775,0.8250000000000001,1.0,50,8,6.860250031859189,0.022758602754405596,0.9385065998339388,0.9230769230769231,1.1250346231566189E8,c09c87a031d3ba7fba4f484c3eff76289dc09fef1c91011fec32d26253e48ef4,4921b8184001a7bef5f5cb2b904b94016f060ad6853927ccb23352844cf98adb
DISTRICT,CHUNGNAM,공주시,LOCAL_SPECIALTY,VILLAGE,5,23,1.0,NATIONWIDE_TYPE_VENUE,23,1,1.0,1.0,0.8022633994111256,0.75,1.9039046538980287E8,3fbec895063fe63197622dd9e2f7c6edb414b8212fdbf14439a971c269a81dc0,3fbec895063fe63197622dd9e2f7c6edb414b8212fdbf14439a971c269a81dc0,245,0.18821963843184147,SAME_REGION_TYPE,true,0.8911764705882352,0.9411764705882353,1.0,50,9,3.6411951133259177,0.020320721316562113,0.9345942851009476,0.9230769230769231,1.1805672797318313E8,4fd7eb8ecc4278e36fc9c9edc343cf9daeb4d2baf4b629a58369dbee4cbd602e,77e29c2406535051f755bd2fb126168724d8919bdb5fb48fc40565005a15642a
DISTRICT,CHUNGNAM,공주시,NATURE_ECOLOGY,OTHER,10,28,1.0,NATIONWIDE_TYPE_VENUE,28,1,1.0,1.0,0.776433041599776,0.7022727272727273,1.1831470469416837E8,bac84c25c579cb164a23d21f107620de9d5a19ddb2360cb94e2daef2a6ba747b,bac84c25c579cb164a23d21f107620de9d5a19ddb2360cb94e2daef2a6ba747b,144,0.1697844903865992,SAME_REGION_TYPE,true,0.8970588235294118,0.9470588235294118,1.0,50,9,5.55686518525116,0.019408913774609425,0.9634735470436094,0.9230769230769231,4.92950151673404E7,b34f2a5e8cd75c5bc006e4980cd9a7917158c151a52600dfbb808b7181fe8bc1,b569ae7c295fb476de873a5f547a29297676748be97eca9ebf6dacebc40339e9
DISTRICT,CHUNGNAM,공주시,TRADITION_HISTORY,OTHER,3,22,1.0,NATIONWIDE_TYPE_VENUE,22,1,1.0,1.0,0.8131784403975566,0.7295454545454546,2.2027611916503233E8,3d535e023c473017fdda8ada497fd3aeb9dbae27b046a7bdeb89e40249781229,3d535e023c473017fdda8ada497fd3aeb9dbae27b046a7bdeb89e40249781229,46,0.37455141077020243,SAME_REGION_TYPE,true,0.95,1.0,1.0,46,9,5.134592316266863,0.3745514107702026,0.9291175936595713,0.7295454545454546,2.0971805878452724E8,cb73243338d0168c890ca5f027cb0f2537a9c5d4e24c676390c5f19ff50e0533,cb73243338d0168c890ca5f027cb0f2537a9c5d4e24c676390c5f19ff50e0533
DISTRICT,CHUNGNAM,공주시,NATURE_ECOLOGY,OTHER,3,28,1.0,NATIONWIDE_TYPE_VENUE,28,1,1.0,1.0,0.7905745385292263,0.6990000000000001,9.369930152216123E7,bac84c25c579cb164a23d21f107620de9d5a19ddb2360cb94e2daef2a6ba747b,bac84c25c579cb164a23d21f107620de9d5a19ddb2360cb94e2daef2a6ba747b,51,0.4277082753642117,SAME_REGION_TYPE,true,0.95,1.0,1.0,50,7,4.2840139871414165,0.4206650150975496,0.9130290534970227,0.7000000000000001,4.2497272412888855E7,21d392324e75bba4d0d3f74f62ebc2334cc2520132ec7b0eb61ef05552d36009,5339d67fb1d8bebc52d8b05415df7aad1c4f0bb9a43cfe71706f3d7449f118ad
DISTRICT,CHUNGNAM,공주시,CULTURE_ART,OTHER,4,70,1.0,NATIONWIDE_TYPE_VENUE,50,1,1.0,1.0,0.7993167969526809,0.765,2.562650370852788E8,e2894551a9aade3371c9d134fd015763aa296c0fb24e8191f8fdd46932c4cd77,64ffc7a5b91930f8d617ad415d34d9b1a8dbd1355cb79c675c39cfff5bc37205,148,0.38651932880802375,SAME_REGION_TYPE,true,0.89,0.9400000000000001,1.0,50,9,7.64263998431989,0.019860315652014817,0.9450154187243847,0.9230769230769231,1.2669207453442837E8,96e62b14c5a196b8b776401faa19a53bedbfee05ee2ac04184f468fbdf31bfdf,d0fa589b63234ca87a023b7a637269accc43036dc27f570d73681ecc9c1f815e
DISTRICT,CHUNGNAM,공주시,TRADITION_HISTORY,VILLAGE,4,125,0.1513108771922434,SAME_REGION_TYPE,50,8,6.7069566857609635,0.06480332314748367,0.9644294361579029,0.9230769230769231,2.9052461461367947E8,40c348471fc186f7e3c52f69ab83a60a043d30c17ad4439039033d1ad48d6d98,1d37ffc8c15b65d7d3656aca9c7fcc3e24cdded3022a26eac1d11f0609025e19,125,0.1513108771922434,SAME_REGION_TYPE,false,-Infinity,NaN,NaN,50,8,6.7069566857609635,0.06480332314748367,0.9644294361579029,0.9230769230769231,2.9052461461367947E8,40c348471fc186f7e3c52f69ab83a60a043d30c17ad4439039033d1ad48d6d98,1d37ffc8c15b65d7d3656aca9c7fcc3e24cdded3022a26eac1d11f0609025e19
DISTRICT,CHUNGNAM,공주시,COMMUNITY,GREEN,3,41,1.0,NATIONWIDE_TYPE_VENUE,41,1,1.0,1.0,0.7909848032656501,0.6907894736842106,1.4719966557738668E8,2e791c1fbe39f5acd2e443473c32520423f6131ee59cef2b016af5dfdade83f7,2e791c1fbe39f5acd2e443473c32520423f6131ee59cef2b016af5dfdade83f7,73,0.487664887980426,SAME_REGION_TYPE,true,0.8625,0.9125000000000001,1.0,50,8,5.409228109623053,0.30806111027804306,0.8842053769355254,0.7875000000000001,8.680201156095216E7,10db91181b9b61d45b2fbe8b47665671b18a831fdffce4f31424c2d8c681aeea,15300e30a1475f7d1380eecc02f7b5cdce6021f2936d49e00f3faa6a8f8bde10
DISTRICT,CHUNGNAM,공주시,NATURE_ECOLOGY,INDEPENDENT,16,191,0.15382931018769813,SAME_REGION_TYPE,50,8,4.890130967407985,0.03833688146690608,0.9621194734094162,0.9230769230769231,3.975980947986621E7,8a3086cee74396591e802e8a7244dce54036d2c2aaf867e0c7d0cd9062bfa9d8,2b5c6f5ef0b434b41487cc8556a334663dfc26bb7e8cac6bf6ea340f8fc82c3a,191,0.15382931018769813,SAME_REGION_TYPE,false,-Infinity,NaN,NaN,50,8,4.890130967407985,0.03833688146690608,0.9621194734094162,0.9230769230769231,3.975980947986621E7,8a3086cee74396591e802e8a7244dce54036d2c2aaf867e0c7d0cd9062bfa9d8,2b5c6f5ef0b434b41487cc8556a334663dfc26bb7e8cac6bf6ea340f8fc82c3a
DISTRICT,CHUNGNAM,공주시,TRADITION_HISTORY,OTHER,9,22,1.0,NATIONWIDE_TYPE_VENUE,22,1,1.0,1.0,0.7755034053400208,0.7050000000000001,2.751490021587047E8,3d535e023c473017fdda8ada497fd3aeb9dbae27b046a7bdeb89e40249781229,3d535e023c473017fdda8ada497fd3aeb9dbae27b046a7bdeb89e40249781229,47,0.34163975725830426,SAME_REGION_TYPE,true,0.9363636363636364,0.9863636363636364,1.0,47,9,5.4877434646591645,0.34163975725830426,0.9213687748931518,0.7050000000000001,2.4108667013932875E8,7c0e4e695a7f30ffa0bea06157719c165fff0f92a63c8768844e78f7151a8667,7c0e4e695a7f30ffa0bea06157719c165fff0f92a63c8768844e78f7151a8667
DISTRICT,CHUNGNAM,보령시,LOCAL_SPECIALTY,WATERFRONT,24,71,1.0,NATIONWIDE_TYPE_VENUE,50,1,1.0,1.0,0.8059737449856015,0.6990000000000001,1.6126059754817832E8,423ef67fb8d8ce3b4c72bcaeeff7f273fce5f5c7748615ef99cbb399498ea8e6,618cfd303f292880cdc56db391b9c61b89af06c992dcf4a570ecd4d07b2c6530,116,0.4793860242821347,SAME_REGION_TYPE,true,0.95,1.0,1.0,50,9,8.205059331053677,0.09500621848429328,0.9970578818539169,0.902,5.385916306828398E7,1804e76ec334367302c8bdf16094698c9762363bc0037556f07dfc220d8884a3,07534eb8ee0c391d16334edba909b1baec737cde4e51e33533524c0e0b05e4a0
DISTRICT,CHUNGNAM,보령시,CULTURE_ART,GREEN,3,158,1.0,NATIONWIDE_TYPE_VENUE,50,1,1.0,1.0,0.8417952869372559,0.8250000000000001,4.421367634835893E8,4214f3c3954d05a920f970ebc6a910e54d165aa212212417de62ae5be5a531b0,c645d39cbaf2e2d6323027e08c682e9cd02b97e8ffc191a65821ccc15df1f118,168,0.9091841745490723,GLOBAL_SIMILARITY,true,0.95,1.0,1.0,50,7,1.7825645206783507,0.7408204090495504,0.8848763716301625,0.8250000000000001,3.155117078430976E8,0a5b2e16acaab6692461443ac5352b5eba31da9d8aa261e2a08de5d7957f9345,15f752d79ab81ca21d98addb2b447cc7a4255266488b86aa65cb431af07f9aa4
DISTRICT,CHUNGNAM,보령시,LOCAL_SPECIALTY,WATERFRONT,2,71,1.0,NATIONWIDE_TYPE_VENUE,50,1,1.0,1.0,0.8570220609537315,0.7875000000000001,9.109835635967733E7,423ef67fb8d8ce3b4c72bcaeeff7f273fce5f5c7748615ef99cbb399498ea8e6,422dd068890022531199cbb3f1695d2c8f195b493de80495d7836f24c37f8eac,115,0.5237563365198903,GLOBAL_SIMILARITY,true,0.95,1.0,1.0,50,9,8.059466927086433,0.11482170698586729,0.9972765679223454,0.9500000000000001,5.467701125066213E7,ab7152fcc6475f80dc741c191fe7388665369ecebf6e0b11cec5137363fe3bfb,6979ae778613a869ea2fc7545211b0450eb9a7818fef953f6ebc9ecb096f4253
DISTRICT,CHUNGNAM,보령시,CULTURE_ART,WATERFRONT,17,90,1.0,NATIONWIDE_TYPE_VENUE,50,1,1.0,1.0,0.7662007729931105,0.7083333333333334,4.471692674467559E8,c348e29400ebe021db666e856fec31595170b0090866fe06d013a15bb05b35e1,9699a75bb57cc615b8ae6271f491457558764af8347976ccf8ca7bca6fb865ac,99,0.8440875322189303,GLOBAL_SIMILARITY,true,0.95,1.0,1.0,50,6,1.8211523352873833,0.7306700552471093,0.8368421476383323,0.7166666666666667,3.4284472868045557E8,9c5e3010def4ef821c9606b3b3eeb15cc3c5f48a13a19ea556ab1d12a0f7c82e,d5f41907108d43f12d9764307555aacc549fcd7648ed464345123dffd6335bb5
DISTRICT,CHUNGNAM,보령시,COMMUNITY,OTHER,9,48,0.2693520908848714,SAME_REGION_TYPE,48,8,5.664741957656216,0.24448336555039762,0.8564375803589848,0.6800000000000002,8.567197985969307E7,8e05cf343e913fa88f0afe6da1b5eed6ce5d84780a44ada6cd38fe9afe4a6228,8e05cf343e913fa88f0afe6da1b5eed6ce5d84780a44ada6cd38fe9afe4a6228,48,0.2693520908848714,SAME_REGION_TYPE,false,-Infinity,NaN,NaN,48,8,5.664741957656216,0.24448336555039762,0.8564375803589848,0.6800000000000002,8.567197985969307E7,8e05cf343e913fa88f0afe6da1b5eed6ce5d84780a44ada6cd38fe9afe4a6228,8e05cf343e913fa88f0afe6da1b5eed6ce5d84780a44ada6cd38fe9afe4a6228
DISTRICT,CHUNGNAM,보령시,CULTURE_ART,OTHER,3,70,1.0,NATIONWIDE_TYPE_VENUE,50,1,1.0,1.0,0.8092745334700373,0.775,2.1361338695462966E8,e2894551a9aade3371c9d134fd015763aa296c0fb24e8191f8fdd46932c4cd77,77b73f6f2d46349ec6d962a6b2f2b66e41291e1a88dd22e66f596f0051060391,143,0.404588435315254,SAME_REGION_TYPE,true,0.9,0.9500000000000001,1.0,50,8,6.313245600498263,0.020322670571263857,0.9437468799621584,0.9230769230769231,1.2825220790237498E8,5f007eab6739bb2d6c33c3f82b8a478ec886b2f388f44130f7b7294cc5da4ee2,158753201a1b95eeebbd4e2367288a8d7f6935d52124f984792413cd3d093f87
DISTRICT,CHUNGNAM,보령시,TRADITION_HISTORY,OTHER,3,22,1.0,NATIONWIDE_TYPE_VENUE,22,1,1.0,1.0,0.805549990924423,0.7295454545454546,2.205062127331668E8,3d535e023c473017fdda8ada497fd3aeb9dbae27b046a7bdeb89e40249781229,3d535e023c473017fdda8ada497fd3aeb9dbae27b046a7bdeb89e40249781229,102,0.17125318636659478,SAME_REGION_TYPE,true,0.9,0.9500000000000001,1.0,50,7,6.16505578038476,0.02096082666581403,0.9280574956757285,0.9230769230769231,2.6273144689695778E8,87d172e54475ced1c125dba7fc24fc66fa09f352020732f27e16e1f06933be83,fef84e0ec76232d8ece5fe546565d27faf818fd097b0ea3f1aa14cd6529bae4a
DISTRICT,CHUNGNAM,보령시,NATURE_ECOLOGY,WATERFRONT,3,70,1.0,NATIONWIDE_TYPE_VENUE,50,1,1.0,1.0,0.8288782218241996,0.775,1.1556110261064248E8,0a635fe7c95464734d67fcf3eb34fbe1decb151168419235fa06b370eaf0e0c0,d3fa94b8a515e123fca5c772bc892a3e46918ebe0c4e228206189c3406c711e0,87,0.7236145770293186,GLOBAL_SIMILARITY,true,0.95,1.0,1.0,50,7,2.720324294178397,0.5800687472604554,0.9111797647954366,0.7875000000000001,8.086448118721229E7,948d666c9121bb1b0ce94d15dd81634d6823fc14879a5bb2faf19e8fec5c3b8c,712dac300965c5290ca1b649219938e3c5a632528d530fc011f714afc8652fd5
DISTRICT,CHUNGNAM,보령시,NATURE_ECOLOGY,GREEN,2,88,1.0,NATIONWIDE_TYPE_VENUE,50,1,1.0,1.0,0.8083494314124772,0.765,9.032211388656771E7,dc459aca48974424d1e63cba2ca3e5c0d723e32a3a4724a75d28d13eea8c5f69,72f9291013a9fc0f37ca0de23dadaf9bc796527ab7bd9b71e5e8a4ba6920e89a,226,0.3025560474540389,SAME_REGION_TYPE,true,0.9,0.9500000000000001,1.0,50,8,5.795867910890266,0.01979521316473823,0.9562561630092153,0.9230769230769231,4.419692228478736E7,80abcda0d25358b70d9452eb9b6cc049be2b3ab030ad208c3f769a9bbb692038,c5b2c0991cedd8b6deb12ea4a8061f5bb31f0de41f92363ed5d04d4ace22390b
DISTRICT,CHUNGNAM,보령시,COMMUNITY,OTHER,2,48,0.26091044289271603,SAME_REGION_TYPE,48,8,5.79104270206976,0.26091044289271603,0.9003833450665003,0.682258064516129,7.295180291415069E7,8e05cf343e913fa88f0afe6da1b5eed6ce5d84780a44ada6cd38fe9afe4a6228,8e05cf343e913fa88f0afe6da1b5eed6ce5d84780a44ada6cd38fe9afe4a6228,48,0.26091044289271603,SAME_REGION_TYPE,false,-Infinity,NaN,NaN,48,8,5.79104270206976,0.26091044289271603,0.9003833450665003,0.682258064516129,7.295180291415069E7,8e05cf343e913fa88f0afe6da1b5eed6ce5d84780a44ada6cd38fe9afe4a6228,8e05cf343e913fa88f0afe6da1b5eed6ce5d84780a44ada6cd38fe9afe4a6228
DISTRICT,CHUNGNAM,아산시,CULTURE_ART,WATERFRONT,6,90,1.0,NATIONWIDE_TYPE_VENUE,50,1,1.0,1.0,0.7944640037726627,0.7607142857142858,4.0732423621139324E8,c348e29400ebe021db666e856fec31595170b0090866fe06d013a15bb05b35e1,2f907eb5bbf0984e8bba181c2d91a3d61365ea2fc38b0f8a9d52e081aa179a47,156,0.47608530947496785,SAME_REGION_TYPE,true,0.8911764705882352,0.9411764705882353,1.0,50,9,7.888231960900341,0.05844565860760487,0.9494900269289193,0.9230769230769231,1.4874475985877618E8,36f847a6ae08bfed3464e392522d418bc0f3d1ba4164af7a0955d909ef907313,e0f81ab837e6922ae0d1ee84fb76c82f683e89fa9e898a01ebb68a5e00ffc916
DISTRICT,CHUNGNAM,아산시,CULTURE_ART,GREEN,3,158,1.0,NATIONWIDE_TYPE_VENUE,50,1,1.0,1.0,0.8417952869372559,0.8250000000000001,4.4010639068075556E8,4214f3c3954d05a920f970ebc6a910e54d165aa212212417de62ae5be5a531b0,c645d39cbaf2e2d6323027e08c682e9cd02b97e8ffc191a65821ccc15df1f118,176,0.8466469329295373,GLOBAL_SIMILARITY,true,0.95,1.0,1.0,50,8,2.8026159652117566,0.5602025294255584,0.9164007729577041,0.8250000000000001,2.878828390291802E8,46f3a11dd71a86e685d6e13232240e939156622d1c6b7dae75c7c1d0524f6dad,ccf1b7704572ea447b26a3d6b7032db6551a130db7ade00afae5ca0a9dfb799d
DISTRICT,CHUNGNAM,아산시,CULTURE_ART,WATERFRONT,2,90,1.0,NATIONWIDE_TYPE_VENUE,50,1,1.0,1.0,0.8181458096945765,0.7875000000000001,2.10126866200994E8,c348e29400ebe021db666e856fec31595170b0090866fe06d013a15bb05b35e1,d207d1221d12be68b82bbf42742a5bf03fb8165fbd0ba40b9d7c468344e4116c,154,0.48907711928984116,SAME_REGION_TYPE,true,0.9125000000000001,0.9625000000000001,1.0,50,9,7.839535794263013,0.05998390802742736,0.9532000497854545,0.9230769230769231,1.3019314385717459E8,56f3b7f5a76beb5a769758592a6d42935a8a4e71e0d43f7e9e34dc0875794e92,573eb1066b4205e05781880ed91d8411f0aa95e4f0635d4db8630a9ba5594f9b
DISTRICT,CHUNGNAM,아산시,CULTURE_ART,INDEPENDENT,2,76,1.0,NATIONWIDE_TYPE_VENUE,50,1,1.0,1.0,0.8188582136848467,0.775,2.265912677581565E8,8d3227fce5057e121afb1463f7003206e6d03aae5ceffb834860623ae7d9b164,5cb6c679d6d57291e2db5b1859a75d738ae142e54959a648eecf3c6dcea9af31,94,0.7278245208857613,GLOBAL_SIMILARITY,true,0.95,1.0,1.0,50,8,2.8300235614150937,0.5556760350450541,0.9054347064748889,0.7875000000000001,1.8291570595040762E8,917202c8f6eb7916bfd81c35bce7f3c7514b6ccf97ac2a4214bc1bb43afa38aa,4fc931ebde952b0751c56f57b9c5c5dac731e1b2289154ef312b340c2d7a42b9
DISTRICT,CHUNGNAM,아산시,TRADITION_HISTORY,VILLAGE,2,125,0.15245721170964904,SAME_REGION_TYPE,50,8,6.320147507954222,0.02281456894055411,0.9371462348493134,0.9230769230769231,1.8807694735910797E8,40c348471fc186f7e3c52f69ab83a60a043d30c17ad4439039033d1ad48d6d98,b183e158f2dcc1a50bde7d03b8a9a3a30f0bbbaffeb2ecf283ddc22275ffb407,125,0.15245721170964904,SAME_REGION_TYPE,false,-Infinity,NaN,NaN,50,8,6.320147507954222,0.02281456894055411,0.9371462348493134,0.9230769230769231,1.8807694735910797E8,40c348471fc186f7e3c52f69ab83a60a043d30c17ad4439039033d1ad48d6d98,b183e158f2dcc1a50bde7d03b8a9a3a30f0bbbaffeb2ecf283ddc22275ffb407
DISTRICT,CHUNGNAM,아산시,TRADITION_HISTORY,INDEPENDENT,3,38,1.0,NATIONWIDE_TYPE_VENUE,38,1,1.0,1.0,0.8233110516722316,0.7083333333333334,2.988510260002865E8,8674a18a77fd59101747b5bfbca30d4351075de073f6e1726ea05249ad86bedb,8674a18a77fd59101747b5bfbca30d4351075de073f6e1726ea05249ad86bedb,118,0.2672221861749684,SAME_REGION_TYPE,true,0.9,0.9500000000000001,1.0,50,9,6.922682586115189,0.04094013110191365,0.9401300779766214,0.9230769230769231,2.9934057229517084E8,486569a8166019ccb698c99e8bd844a2576b1badb2deb7fb1707716830183976,81d3713c0793dcbeca19162ce642b3a60d8c1425f06e2f24acdc32acaa6858c7
DISTRICT,CHUNGNAM,아산시,TRADITION_HISTORY,VILLAGE,3,125,0.15350097822805978,SAME_REGION_TYPE,50,8,6.6253052198983795,0.022733518540607303,0.9390644168567852,0.9230769230769231,2.7764452336130714E8,40c348471fc186f7e3c52f69ab83a60a043d30c17ad4439039033d1ad48d6d98,84926ef49fe3ee9a430f74600861aec637109730f3d5b920f34f8a912941e6dc,125,0.15350097822805978,SAME_REGION_TYPE,false,-Infinity,NaN,NaN,50,8,6.6253052198983795,0.022733518540607303,0.9390644168567852,0.9230769230769231,2.7764452336130714E8,40c348471fc186f7e3c52f69ab83a60a043d30c17ad4439039033d1ad48d6d98,84926ef49fe3ee9a430f74600861aec637109730f3d5b920f34f8a912941e6dc
DISTRICT,CHUNGNAM,아산시,NATURE_ECOLOGY,GREEN,2,88,1.0,NATIONWIDE_TYPE_VENUE,50,1,1.0,1.0,0.8083494314124772,0.765,9.032211388656771E7,dc459aca48974424d1e63cba2ca3e5c0d723e32a3a4724a75d28d13eea8c5f69,72f9291013a9fc0f37ca0de23dadaf9bc796527ab7bd9b71e5e8a4ba6920e89a,225,0.3073756230101404,SAME_REGION_TYPE,true,0.9,0.9500000000000001,1.0,50,6,4.399258092709038,0.02063596777349269,0.9356380682829881,0.9230769230769231,5.095245932116948E7,ec50cecd9a98391a116c7a4b68a1657ab02c99ec97b064c5bcb833ced068ea41,348c28fa5053e313725272eacaf25072b2ebf62fffed1d8a72160d72b12f4c04
DISTRICT,CHUNGNAM,아산시,CULTURE_ART,WATERFRONT,3,90,1.0,NATIONWIDE_TYPE_VENUE,50,1,1.0,1.0,0.823789003823961,0.7875000000000001,2.928385835480124E8,c348e29400ebe021db666e856fec31595170b0090866fe06d013a15bb05b35e1,1e5b5fba3bcc9f633b5eeeb793fba5d0ca29e2661be82233f6dd3141cbaac04f,108,0.7556669662399368,GLOBAL_SIMILARITY,true,0.95,1.0,1.0,50,8,2.8414133779055777,0.5548980069173737,0.9116622437344906,0.795,2.5606040813445616E8,8502765aafa86bf2670ccf14bc43fc1c3f0744af874b48109a409b12ef36a5f5,1a340af217148c4e0d9636a92d6432848f791e0ab2aa70574f02040738b33fde
DISTRICT,CHUNGNAM,아산시,CULTURE_ART,WATERFRONT,7,90,1.0,NATIONWIDE_TYPE_VENUE,50,1,1.0,1.0,0.7934393833253135,0.75,4.1538806124673736E8,c348e29400ebe021db666e856fec31595170b0090866fe06d013a15bb05b35e1,242fc62613e7a4bc23190284ef2d14c6c2cf4cdb3e7a618e187b45d351af36fa,152,0.48902372902381114,SAME_REGION_TYPE,true,0.8911764705882352,0.9411764705882353,1.0,50,9,7.931771042767968,0.038811887069543485,0.9492792467624848,0.9230769230769231,1.3995616888116232E8,69d12e83b3518583f6050a9336055b49892f27c895d35cbf444df222c8678ebf,316e81a6775f045312ce118fa77ba7b71a4cb0766a3ea86cef745fb3fccbeaa4
DISTRICT,CHUNGNAM,서산시,CULTURE_ART,INDEPENDENT,3,76,1.0,NATIONWIDE_TYPE_VENUE,50,1,1.0,1.0,0.8171147288901115,0.7875000000000001,3.299148443923429E8,8d3227fce5057e121afb1463f7003206e6d03aae5ceffb834860623ae7d9b164,5d52f8ed2481bae5c7b022099830aa6d91a0e7e2d38b3b6effea223bae1d7739,149,0.4337236709808534,SAME_REGION_TYPE,true,0.9,0.9500000000000001,1.0,50,8,6.398417126980808,0.04192480962619987,0.9280333664151716,0.9230769230769231,1.2730083816829963E8,45af25a77e82c33c057d5b03517f1703058ede87ffc1112e0da6f8a00b52509e,a96f8616e698ec5901ac8b518832c6825019a3e0edecdce5903b7afbbd29e455
DISTRICT,CHUNGNAM,서산시,LOCAL_SPECIALTY,INDEPENDENT,3,37,1.0,NATIONWIDE_TYPE_VENUE,37,1,1.0,1.0,0.816917158803345,0.6943548387096775,1.3911952612142336E8,f48a1845e91ccd6df2e6cbb8eff45c61703b96b9de9c78eebb998bf15f66a0a2,f48a1845e91ccd6df2e6cbb8eff45c61703b96b9de9c78eebb998bf15f66a0a2,70,0.42705139597625524,SAME_REGION_TYPE,true,0.95,1.0,1.0,50,9,6.551672508870252,0.2728657596538881,0.956732153214207,0.795,1.0664874502494597E8,67959e495b7dc3a91228865b4050bb0332abd2af7932a3c26231bc1af4c90ee3,68e0bd45d6140dea7b2033161f227a3dce91eea2f9a769368f1851f6744e2e4b
DISTRICT,CHUNGNAM,서산시,LOCAL_SPECIALTY,WATERFRONT,2,71,1.0,NATIONWIDE_TYPE_VENUE,50,1,1.0,1.0,0.8528887318737017,0.7875000000000001,9.134228888536257E7,423ef67fb8d8ce3b4c72bcaeeff7f273fce5f5c7748615ef99cbb399498ea8e6,422dd068890022531199cbb3f1695d2c8f195b493de80495d7836f24c37f8eac,103,0.6011338355075004,GLOBAL_SIMILARITY,true,0.95,1.0,1.0,50,9,5.872121843007866,0.31814844690732286,0.9721283638678384,0.8250000000000001,7.681174823964661E7,ed5b61710c7c9cd976b3c099617ba8ef3c9888557c59c076e7b7761e26dfa1fa,890b7ccd989d8ba21efc15f48cac00441ca5b0751265a9de5befe0766901e703
DISTRICT,CHUNGNAM,서산시,NATURE_ECOLOGY,OTHER,10,28,1.0,NATIONWIDE_TYPE_VENUE,28,1,1.0,1.0,0.7700947555620035,0.7022727272727273,1.1855873780895194E8,bac84c25c579cb164a23d21f107620de9d5a19ddb2360cb94e2daef2a6ba747b,bac84c25c579cb164a23d21f107620de9d5a19ddb2360cb94e2daef2a6ba747b,149,0.16350315302046733,SAME_REGION_TYPE,true,0.8470588235294118,0.8970588235294118,1.0,50,8,4.364283220105803,0.0441045668880356,0.9544494934595602,0.9230769230769231,6.608738198672929E7,1208121c6ee90dac10ca89fda576cf6ead8a1b2259a4738cf751a311fceb632a,4729ae3f19b6e3ab500f2bf33af6779e6bbca60ee4573a806905fe93a700598a
DISTRICT,CHUNGNAM,논산시,LOCAL_SPECIALTY,GREEN,4,95,1.0,NATIONWIDE_TYPE_VENUE,50,1,1.0,1.0,0.8194109114173528,0.795,3.45918736716977E8,6f559ff7303a8c2962ebc48f630fcff4006b749cc57f1e138c456575624dd657,751c7d93dd57dd4101398ee131cb9e4e93be4d987e136fe7185198f2777c2ea2,125,0.6727005529498739,GLOBAL_SIMILARITY,true,0.95,1.0,1.0,50,9,5.657911327503199,0.3275280394036313,0.9448759345256303,0.8,2.948336948427514E8,a352cba06e7ec10a69a99d87aa733f31ed1ea50a5c897dae9546193d3e05a0cc,f22497f766921164b96d3c4c5a6535d37e172f602139212f3c57d07752c5d017
DISTRICT,CHUNGNAM,논산시,LOCAL_SPECIALTY,OTHER,3,30,1.0,NATIONWIDE_TYPE_VENUE,30,1,1.0,1.0,0.7958644614954662,0.6943548387096775,1.2697070661294562E8,d7eb5f5a7795ed75ed648bbe71eacb81a6fe0bd8c57b502eb69efc2e8672ca56,d7eb5f5a7795ed75ed648bbe71eacb81a6fe0bd8c57b502eb69efc2e8672ca56,302,0.15519916898249492,SAME_REGION_TYPE,true,0.8625,0.9125000000000001,1.0,50,8,7.302678422235913,0.08500614821079283,0.9713672862005095,0.9375000000000001,1.2229827443320283E8,8159d906c3b4c53b27f13bb73efcfb868f6ba9d9708308f56ac31c921a41c4a3,c86e1754c5f1e754765190f318638aa2d23603a390e1075f4b79051b59e4d0c6
DISTRICT,CHUNGNAM,논산시,LOCAL_SPECIALTY,WATERFRONT,4,71,1.0,NATIONWIDE_TYPE_VENUE,50,1,1.0,1.0,0.8398505322456109,0.7941176470588235,1.5239062776777825E8,423ef67fb8d8ce3b4c72bcaeeff7f273fce5f5c7748615ef99cbb399498ea8e6,724e802dda666b40ca369c346ca5744f5397dd0e04f16fca6bd408659b99c735,101,0.6148001049417029,GLOBAL_SIMILARITY,true,0.95,1.0,1.0,50,9,5.357370262790304,0.3485057411099713,0.9556502729033364,0.8250000000000001,1.812792552366394E8,54a66bdb11d43285bcaaac1b00866eda08b73e676b41549b81dfd78174f83c9b,be1f5f657070c7ce2fb67bf87553102543288a444b11227b23b7eba7920666c8
DISTRICT,CHUNGNAM,논산시,LOCAL_SPECIALTY,GREEN,3,95,1.0,NATIONWIDE_TYPE_VENUE,50,1,1.0,1.0,0.8296884081789465,0.795,2.7223164363309056E8,6f559ff7303a8c2962ebc48f630fcff4006b749cc57f1e138c456575624dd657,2cb3b92e6efaf661093c7b42310dd59e918690c04352a366eb47eb360e3bbcae,339,0.22534007265526299,SAME_REGION_TYPE,true,0.92,0.9700000000000001,1.0,50,9,7.740040199918143,0.039103958545115884,0.9721937828278223,0.9375000000000001,1.290058474624292E8,6b00e7a06b219abdf8c4b794a3eabcfc6d32bee1eb818d25a930ed19ccb223b3,c8d62d1d8871bc9761a4abcfac16c7200cc3e8ceeab25a219b546f0959e8e385
DISTRICT,CHUNGNAM,계룡시,CULTURE_ART,INDEPENDENT,5,76,1.0,NATIONWIDE_TYPE_VENUE,50,1,1.0,1.0,0.7990804308668151,0.75,4.692947884880279E8,8d3227fce5057e121afb1463f7003206e6d03aae5ceffb834860623ae7d9b164,8753494a92a803d3b07b5c6eb8640a97bb9f1e5a3fe670565209ca6440f7ac2a,83,0.8676608699245055,GLOBAL_SIMILARITY,true,0.95,1.0,1.0,50,7,1.5522718716409158,0.7979463992014362,0.8449358352339871,0.765,6.270878084414009E8,c9dd4960d26a77bf24c4f872849ed58c9042c9d5587c4d06ad2dc6c182d3590c,9a4234a09ada73278e7dad0d8fc8cb785335d36f7c6e012714e221cbf3315cb5
DISTRICT,CHUNGNAM,계룡시,COMMUNITY,OTHER,3,48,0.2614714288955036,SAME_REGION_TYPE,48,8,5.852806221897796,0.2614714288955036,0.8775069739336891,0.6846774193548387,8.288290397825158E7,8e05cf343e913fa88f0afe6da1b5eed6ce5d84780a44ada6cd38fe9afe4a6228,8e05cf343e913fa88f0afe6da1b5eed6ce5d84780a44ada6cd38fe9afe4a6228,48,0.2614714288955036,SAME_REGION_TYPE,false,-Infinity,NaN,NaN,48,8,5.852806221897796,0.2614714288955036,0.8775069739336891,0.6846774193548387,8.288290397825158E7,8e05cf343e913fa88f0afe6da1b5eed6ce5d84780a44ada6cd38fe9afe4a6228,8e05cf343e913fa88f0afe6da1b5eed6ce5d84780a44ada6cd38fe9afe4a6228
DISTRICT,CHUNGNAM,계룡시,TRADITION_HISTORY,INDEPENDENT,2,38,1.0,NATIONWIDE_TYPE_VENUE,38,1,1.0,1.0,0.8213491538998842,0.7000000000000001,2.3716488227788165E8,8674a18a77fd59101747b5bfbca30d4351075de073f6e1726ea05249ad86bedb,8674a18a77fd59101747b5bfbca30d4351075de073f6e1726ea05249ad86bedb,38,1.0,GLOBAL_SIMILARITY,true,0.95,1.0,1.0,38,1,1.0,1.0,0.8213491538998842,0.7000000000000001,2.3716488227788165E8,8674a18a77fd59101747b5bfbca30d4351075de073f6e1726ea05249ad86bedb,8674a18a77fd59101747b5bfbca30d4351075de073f6e1726ea05249ad86bedb
DISTRICT,CHUNGNAM,당진시,NATURE_ECOLOGY,VILLAGE,2,191,0.1598753449348495,SAME_REGION_TYPE,50,8,5.421169767239291,0.019798447061235448,0.9564496349214565,0.9230769230769231,4.5079927233349204E7,487c12be2fcdc1597a210a20c220d360a3a51bb0c987825a4d4d04fa994a1e3b,720d31214d8f8caf9087d5ac97b354bb4aa292d14f697647e6adb7f662bec443,191,0.1598753449348495,SAME_REGION_TYPE,false,-Infinity,NaN,NaN,50,8,5.421169767239291,0.019798447061235448,0.9564496349214565,0.9230769230769231,4.5079927233349204E7,487c12be2fcdc1597a210a20c220d360a3a51bb0c987825a4d4d04fa994a1e3b,720d31214d8f8caf9087d5ac97b354bb4aa292d14f697647e6adb7f662bec443
DISTRICT,CHUNGNAM,당진시,NATURE_ECOLOGY,INDEPENDENT,2,191,0.15743560453773636,SAME_REGION_TYPE,50,8,6.043546674279618,0.10014437213719334,0.9593302143591229,0.9230769230769231,4.658346418144908E7,8a3086cee74396591e802e8a7244dce54036d2c2aaf867e0c7d0cd9062bfa9d8,1932651e7dcd531f37b16e44bdc8d520074c82b5c9c4355200cb216ccbfa7157,191,0.15743560453773636,SAME_REGION_TYPE,false,-Infinity,NaN,NaN,50,8,6.043546674279618,0.10014437213719334,0.9593302143591229,0.9230769230769231,4.658346418144908E7,8a3086cee74396591e802e8a7244dce54036d2c2aaf867e0c7d0cd9062bfa9d8,1932651e7dcd531f37b16e44bdc8d520074c82b5c9c4355200cb216ccbfa7157
DISTRICT,CHUNGNAM,당진시,TRADITION_HISTORY,WATERFRONT,2,31,1.0,NATIONWIDE_TYPE_VENUE,31,1,1.0,1.0,0.801064256202993,0.6826271186440679,2.244247314680209E8,c0745607175cb18cadd7e1f4435374983eded73e4a37d3abefd288d57a8daaeb,c0745607175cb18cadd7e1f4435374983eded73e4a37d3abefd288d57a8daaeb,47,0.5516602008517845,GLOBAL_SIMILARITY,true,0.95,1.0,1.0,47,9,2.991983932074485,0.5516602008517847,0.8890549591443452,0.6826271186440679,1.7068651313327485E8,6f02707f8eb8651d8fba18479809ae267c14063710da10a2888864f27cea4bc5,6f02707f8eb8651d8fba18479809ae267c14063710da10a2888864f27cea4bc5
DISTRICT,CHUNGNAM,당진시,CULTURE_ART,GREEN,18,158,1.0,NATIONWIDE_TYPE_VENUE,50,1,1.0,1.0,0.778762275214325,0.7144736842105264,5.254751603406822E8,4214f3c3954d05a920f970ebc6a910e54d165aa212212417de62ae5be5a531b0,1c9848c410431f276c9330ffacfd7641a49d1d324a297e4bc85476cc4545b5da,159,0.9881300891142929,GLOBAL_SIMILARITY,true,0.95,1.0,1.0,50,2,1.0678908710375294,0.9671323541475145,0.7871124745756514,0.7144736842105264,4.883689758274247E8,517595cd97d90f453c072988459947f939a424eaa478a01d7f1534ac5281fb85,6bd2659dde8e4f2c8870c333de1e03e3430b2fc83167034bf7d8d94d5c7e966b
DISTRICT,CHUNGNAM,당진시,TRADITION_HISTORY,INDEPENDENT,2,38,1.0,NATIONWIDE_TYPE_VENUE,38,1,1.0,1.0,0.8255151024498817,0.7000000000000001,2.3799231308831203E8,8674a18a77fd59101747b5bfbca30d4351075de073f6e1726ea05249ad86bedb,8674a18a77fd59101747b5bfbca30d4351075de073f6e1726ea05249ad86bedb,54,0.6137915198453979,GLOBAL_SIMILARITY,true,0.95,1.0,1.0,50,9,2.6509875481017664,0.5938732064459158,0.9012021967875441,0.75,1.7811065698605826E8,ea5c047f5bb442998eba3c4c8856d665e1c4f932fabc92ef58267ecd0d731470,5d11223f85dc5d09b895ff28d18d566e1c849f6ec197c48d817db9fbb2c35ad8
DISTRICT,CHUNGNAM,당진시,NATURE_ECOLOGY,WATERFRONT,3,70,1.0,NATIONWIDE_TYPE_VENUE,50,1,1.0,1.0,0.8288135145414917,0.775,1.1587353137038438E8,0a635fe7c95464734d67fcf3eb34fbe1decb151168419235fa06b370eaf0e0c0,d3fa94b8a515e123fca5c772bc892a3e46918ebe0c4e228206189c3406c711e0,86,0.7412221403863638,GLOBAL_SIMILARITY,true,0.95,1.0,1.0,50,8,2.500013235130609,0.6079924913983483,0.9005181418573608,0.7875000000000001,8.893954637936738E7,4778c77258d069b0c52f5f5a0fa5c3290755d450388f6dc7434f6ff90d105c87,29a4c2415c115364f065c559ffabac941d66c4afcec9af819efba3e16d50d3c7
DISTRICT,CHUNGNAM,당진시,CULTURE_ART,INDEPENDENT,3,76,1.0,NATIONWIDE_TYPE_VENUE,50,1,1.0,1.0,0.8171147288901115,0.7875000000000001,3.299148443923429E8,8d3227fce5057e121afb1463f7003206e6d03aae5ceffb834860623ae7d9b164,5d52f8ed2481bae5c7b022099830aa6d91a0e7e2d38b3b6effea223bae1d7739,149,0.4308159283067321,SAME_REGION_TYPE,true,0.9,0.9500000000000001,1.0,50,7,6.114170049979879,0.041291925108512775,0.9357984357458784,0.9230769230769231,1.2959500362727384E8,45af25a77e82c33c057d5b03517f1703058ede87ffc1112e0da6f8a00b52509e,8f9d6314e6cd53bf563cf809b11975cb0538756af8a8ca2fffa1013c0decc6d9
DISTRICT,CHUNGNAM,당진시,CULTURE_ART,WATERFRONT,2,90,1.0,NATIONWIDE_TYPE_VENUE,50,1,1.0,1.0,0.8164799186266389,0.7875000000000001,2.0887165279855087E8,c348e29400ebe021db666e856fec31595170b0090866fe06d013a15bb05b35e1,d207d1221d12be68b82bbf42742a5bf03fb8165fbd0ba40b9d7c468344e4116c,156,0.4902290150643598,SAME_REGION_TYPE,true,0.9,0.9500000000000001,1.0,50,8,7.282561330688741,0.041473681804252156,0.9289476739438962,0.9230769230769231,9.98143967664632E7,8b3bf12703d99ae174eaead7c61743d20a8388d607371ce3169c1f80b016ad77,e8ca31f717927341a6b2b028f45910a2f940371cbba395b943ee72ee4a7a33ae
DISTRICT,CHUNGNAM,당진시,TRADITION_HISTORY,INDEPENDENT,4,38,1.0,NATIONWIDE_TYPE_VENUE,38,1,1.0,1.0,0.8206872897751705,0.7166666666666667,3.400514925339539E8,8674a18a77fd59101747b5bfbca30d4351075de073f6e1726ea05249ad86bedb,8674a18a77fd59101747b5bfbca30d4351075de073f6e1726ea05249ad86bedb,52,0.6424265411823934,GLOBAL_SIMILARITY,true,0.95,1.0,1.0,50,9,2.374812891649706,0.6327060164774037,0.8884258734906317,0.735,2.932193695528934E8,1c61d3e3bc66634f85cfcf6a91d048d10c01f2b956557e63586843a7437f660e,7cb23beced799f71c8174df6e4c5e77d27a2f7d608e42f39d9f654546bdd9317
DISTRICT,CHUNGNAM,당진시,LOCAL_SPECIALTY,WATERFRONT,2,71,1.0,NATIONWIDE_TYPE_VENUE,50,1,1.0,1.0,0.8528887318737017,0.7875000000000001,9.072871412393849E7,423ef67fb8d8ce3b4c72bcaeeff7f273fce5f5c7748615ef99cbb399498ea8e6,422dd068890022531199cbb3f1695d2c8f195b493de80495d7836f24c37f8eac,98,0.6443569207709354,GLOBAL_SIMILARITY,true,0.95,1.0,1.0,50,8,4.464911273768007,0.40798443131785184,0.9538252675915521,0.8250000000000001,4.653241434776492E7,485648317b377f5deaeb9e7419e310fdbba517d7e171d4293e6ba72109c86d1f,e57b288843f9297733a6289b76ed3b764be6479bdd893754288368e6b99e7dd5
DISTRICT,CHUNGNAM,금산군,LOCAL_SPECIALTY,GREEN,3,95,1.0,NATIONWIDE_TYPE_VENUE,50,1,1.0,1.0,0.831122487078097,0.795,2.731713951823217E8,6f559ff7303a8c2962ebc48f630fcff4006b749cc57f1e138c456575624dd657,2cb3b92e6efaf661093c7b42310dd59e918690c04352a366eb47eb360e3bbcae,103,0.8867413364250739,GLOBAL_SIMILARITY,true,0.95,1.0,1.0,50,5,1.5801952977220488,0.7873673203607854,0.8707971021045383,0.795,3.182565896242281E8,3ab65f43602619e85e4da33b8603b1a13b15bc4bfe2ca53518e366a2e0706efa,4257879bdee40a9e58a93806c2141ccbeb8d0fa38036924dfc8a907c2fb86abe
DISTRICT,CHUNGNAM,금산군,LOCAL_SPECIALTY,GREEN,10,95,1.0,NATIONWIDE_TYPE_VENUE,50,1,1.0,1.0,0.7910082967789767,0.7295454545454546,4.2168960093806446E8,6f559ff7303a8c2962ebc48f630fcff4006b749cc57f1e138c456575624dd657,fcce43216822847ca80fddd3f35a6cb89e410d9a998c73ad6fc15363d77b30fb,106,0.8315565080656772,GLOBAL_SIMILARITY,true,0.95,1.0,1.0,50,8,2.0126914941738896,0.6931882292874837,0.864814787197084,0.7431818181818182,5.0892533708658606E8,178af46422c7b46f10f7b3354f6c6c693a9d55037488414265f17dfe04db2858,0cfc052951beca2d699a99ca807d02e1dc605432e54f9546b2df726617573ba8
DISTRICT,CHUNGNAM,부여군,LOCAL_SPECIALTY,WATERFRONT,3,71,1.0,NATIONWIDE_TYPE_VENUE,50,1,1.0,1.0,0.8513403435566331,0.7941176470588235,1.3344918790842293E8,423ef67fb8d8ce3b4c72bcaeeff7f273fce5f5c7748615ef99cbb399498ea8e6,186c7faa52c4b6f44e518c1e0f9e05343b2330959c4c503d74e395b2e07b851d,79,0.8581352222204066,GLOBAL_SIMILARITY,true,0.95,1.0,1.0,50,6,1.5608139490715394,0.7937618057637668,0.8894296334706635,0.795,1.3076373547324485E8,1875f6c3c43d4663f6877423587fdb268236507da261077bf37f3c9469161c64,642d3e7dfd33067c78f26d3d28d23c22916903d0500a12cdddd9b30797280396
DISTRICT,CHUNGNAM,부여군,NATURE_ECOLOGY,GREEN,10,88,1.0,NATIONWIDE_TYPE_VENUE,50,1,1.0,1.0,0.8000519567488182,0.7295454545454546,2.0209882365786022E8,dc459aca48974424d1e63cba2ca3e5c0d723e32a3a4724a75d28d13eea8c5f69,d4e342dad3009d5903f43a20d68d1adfe343175eda28184ecc9b3d101cd4ca3b,102,0.7868275414013172,GLOBAL_SIMILARITY,true,0.95,1.0,1.0,50,9,2.346158496848751,0.6322714528373081,0.8840107533877039,0.7666666666666667,2.12369609059643E8,b439fedbf61ce241fd0b4ca2a0a03f6f0c614cba42dcae425a83dbd46c317d48,9f2d830eb512d4c90ce94bbac37cc51594c7e0148b96162841777d17896df30e
DISTRICT,CHUNGNAM,서천군,LOCAL_SPECIALTY,WATERFRONT,16,71,1.0,NATIONWIDE_TYPE_VENUE,50,1,1.0,1.0,0.8142153523372642,0.7102941176470589,1.5283718204691574E8,423ef67fb8d8ce3b4c72bcaeeff7f273fce5f5c7748615ef99cbb399498ea8e6,62fd34f9b141d431e04fe8da5d7fc206ac2ae3bf9d8c38882dc024851ebcec37,107,0.5402461003123261,GLOBAL_SIMILARITY,true,0.95,1.0,1.0,50,9,7.528439454620553,0.24429746250564394,0.9800600846900618,0.8264705882352942,5.399595811624943E7,6480fd12f9b60e03162cedf38d1494f6412a0e9377311c59d725283c6ac58c8c,414982cd0231905d7a4cb948f178ac7ddfec5da51e34e0d3f0a6031c317358e6
DISTRICT,CHUNGNAM,서천군,LOCAL_SPECIALTY,WATERFRONT,10,71,1.0,NATIONWIDE_TYPE_VENUE,50,1,1.0,1.0,0.8185802652913916,0.7295454545454546,1.5019680704998252E8,423ef67fb8d8ce3b4c72bcaeeff7f273fce5f5c7748615ef99cbb399498ea8e6,c742bf425c7912ba9aad366c336ca122405a6ce21f70f6de77f34798e0615397,102,0.5832700208251586,GLOBAL_SIMILARITY,true,0.95,1.0,1.0,50,9,5.817067197630213,0.3276481882507721,0.9655244323662929,0.8409090909090909,5.943889356402002E7,54d245038890484b697b75ea85d8263d299321ee235cc60e71e5442f0f86211a,367b91e7b1d67bd7526f0467aaf1b16b06d3719f908a468f1c3b924473197d23
DISTRICT,CHUNGNAM,서천군,LOCAL_SPECIALTY,INDEPENDENT,2,37,1.0,NATIONWIDE_TYPE_VENUE,37,1,1.0,1.0,0.8076533885355138,0.6895161290322581,1.1113513822930123E8,f48a1845e91ccd6df2e6cbb8eff45c61703b96b9de9c78eebb998bf15f66a0a2,f48a1845e91ccd6df2e6cbb8eff45c61703b96b9de9c78eebb998bf15f66a0a2,283,0.1635696405397077,SAME_REGION_TYPE,true,0.9,0.9500000000000001,1.0,50,9,7.068747530813244,0.01893589669511067,0.9776728505536151,0.9375000000000001,5.361424509845439E7,d5329ca51b2442d23624aebdf9ce152fd0987123050d553c54c26d81ac1cfc5c,42dc8fb9c8088a78e78fdac075cd9dac53f3e0a1d161d3d59b165f33fe8f7b7c
DISTRICT,CHUNGNAM,서천군,TRADITION_HISTORY,INDEPENDENT,3,38,1.0,NATIONWIDE_TYPE_VENUE,38,1,1.0,1.0,0.8233110516722316,0.7083333333333334,2.988510260002865E8,8674a18a77fd59101747b5bfbca30d4351075de073f6e1726ea05249ad86bedb,8674a18a77fd59101747b5bfbca30d4351075de073f6e1726ea05249ad86bedb,118,0.2700205095123294,SAME_REGION_TYPE,true,0.9,0.9500000000000001,1.0,50,7,6.358105944637582,0.04187261095103656,0.9286153388759422,0.9230769230769231,2.819975304984434E8,486569a8166019ccb698c99e8bd844a2576b1badb2deb7fb1707716830183976,ca6062261b564fb080e96aaa4c60801936e74529097c4024a7ff1f6557a20ef6
DISTRICT,CHUNGNAM,서천군,CULTURE_ART,WATERFRONT,2,90,1.0,NATIONWIDE_TYPE_VENUE,50,1,1.0,1.0,0.8183773418234932,0.7875000000000001,2.0804383786111325E8,c348e29400ebe021db666e856fec31595170b0090866fe06d013a15bb05b35e1,d207d1221d12be68b82bbf42742a5bf03fb8165fbd0ba40b9d7c468344e4116c,97,0.8863513290133218,GLOBAL_SIMILARITY,true,0.95,1.0,1.0,50,7,1.5272032176896397,0.8048586153402066,0.8575561575893711,0.7875000000000001,1.6152164040830937E8,c229b1cbeafd58aeac159e38b00b362057b0bef5845885965526d9be64b0b6c9,1aafd1445ca6f5cc6c1932a8b3fed3dab6b6a6a9017c0f033cf38d40084546d2
DISTRICT,CHUNGNAM,서천군,NATURE_ECOLOGY,WATERFRONT,4,70,1.0,NATIONWIDE_TYPE_VENUE,50,1,1.0,1.0,0.8171657027876035,0.765,1.3311665834649128E8,0a635fe7c95464734d67fcf3eb34fbe1decb151168419235fa06b370eaf0e0c0,3b3f615d2bf895825b908a7b341d6a5eb88246498d5f8837273f80131ccd279d,81,0.8017753903510703,GLOBAL_SIMILARITY,true,0.95,1.0,1.0,50,8,1.9245287503207833,0.7107826569067948,0.8762584726498064,0.765,1.322429004461695E8,d55c873f5ddeb7937b0b90fd90ac6a56cc0a1ea156189c9316223279e80160bf,c9747a8a82db33ab4dd4e21a44157f87ad0f498dac8bd025992a77b729b459c2
DISTRICT,CHUNGNAM,서천군,LOCAL_SPECIALTY,VILLAGE,2,23,1.0,NATIONWIDE_TYPE_VENUE,23,1,1.0,1.0,0.84480102385408,0.7159090909090909,1.236812620084139E8,3fbec895063fe63197622dd9e2f7c6edb414b8212fdbf14439a971c269a81dc0,3fbec895063fe63197622dd9e2f7c6edb414b8212fdbf14439a971c269a81dc0,55,0.33563709539080616,SAME_REGION_TYPE,true,0.95,1.0,1.0,50,9,6.476029059514144,0.2924476299071178,0.9578451541325131,0.7875000000000001,6.558813923925523E7,35f282ec9b9bdc29b6daa71b470175246e69ebd86ac3d81df009adf4ae29bb4b,9b29a5c98224e6ba92c6e12545276991297c6aa6d5f1525a0f3bdc1fb587f7bc
DISTRICT,CHUNGNAM,서천군,COMMUNITY,GREEN,2,41,1.0,NATIONWIDE_TYPE_VENUE,41,1,1.0,1.0,0.8047470010177588,0.6868421052631579,1.2396219103211969E8,2e791c1fbe39f5acd2e443473c32520423f6131ee59cef2b016af5dfdade83f7,2e791c1fbe39f5acd2e443473c32520423f6131ee59cef2b016af5dfdade83f7,41,1.0,GLOBAL_SIMILARITY,true,0.95,1.0,1.0,41,1,1.0,1.0,0.8047470010177588,0.6868421052631579,1.2396219103211969E8,2e791c1fbe39f5acd2e443473c32520423f6131ee59cef2b016af5dfdade83f7,2e791c1fbe39f5acd2e443473c32520423f6131ee59cef2b016af5dfdade83f7
DISTRICT,CHUNGNAM,서천군,LOCAL_SPECIALTY,OTHER,2,30,1.0,NATIONWIDE_TYPE_VENUE,30,1,1.0,1.0,0.8093632226506053,0.6895161290322581,1.0338103586049196E8,d7eb5f5a7795ed75ed648bbe71eacb81a6fe0bd8c57b502eb69efc2e8672ca56,d7eb5f5a7795ed75ed648bbe71eacb81a6fe0bd8c57b502eb69efc2e8672ca56,62,0.3789963485100019,SAME_REGION_TYPE,true,0.95,1.0,1.0,50,9,6.692300857156824,0.27914158602699785,0.9509793356745091,0.7941176470588235,6.048961105934584E7,8b2286dc1f9ce16f6984d57a31954f5d9bced1075047246ba4344f782478c5e5,0c69c1f7ed7488866a60f386735fd691a73b65b2928adef5e9454250e000d56a
DISTRICT,CHUNGNAM,서천군,LOCAL_SPECIALTY,WATERFRONT,2,71,1.0,NATIONWIDE_TYPE_VENUE,50,1,1.0,1.0,0.8536814515413538,0.7875000000000001,9.022996927932043E7,423ef67fb8d8ce3b4c72bcaeeff7f273fce5f5c7748615ef99cbb399498ea8e6,422dd068890022531199cbb3f1695d2c8f195b493de80495d7836f24c37f8eac,317,0.18320517336446088,SAME_REGION_TYPE,true,0.9,0.9500000000000001,1.0,50,9,8.005254591452433,0.16917133053615804,0.9790941043498386,0.9375000000000001,5.555211342054685E7,518d6caa8495b5bcd08433df387ee7e24f3607aaf625a0e42924e2bb07e881f4,8848dad6a9356c83cde99d36d01ac6a9f4fd2f9e193ee2bbb6c7a4045d5c18c9
DISTRICT,CHUNGNAM,서천군,NATURE_ECOLOGY,INDEPENDENT,2,191,0.15593712924738548,SAME_REGION_TYPE,50,9,5.977083031469461,0.10122579875762243,0.9538884586510593,0.9230769230769231,5.452715091871451E7,8a3086cee74396591e802e8a7244dce54036d2c2aaf867e0c7d0cd9062bfa9d8,f8fd2d786add0ddd921d312ff4808b40f1b921dfbff9b0146185188d57980580,191,0.15593712924738548,SAME_REGION_TYPE,false,-Infinity,NaN,NaN,50,9,5.977083031469461,0.10122579875762243,0.9538884586510593,0.9230769230769231,5.452715091871451E7,8a3086cee74396591e802e8a7244dce54036d2c2aaf867e0c7d0cd9062bfa9d8,f8fd2d786add0ddd921d312ff4808b40f1b921dfbff9b0146185188d57980580
DISTRICT,CHUNGNAM,서천군,COMMUNITY,WATERFRONT,2,29,1.0,NATIONWIDE_TYPE_VENUE,29,1,1.0,1.0,0.8117988256445494,0.6964285714285715,1.3054985752111377E8,d79174673ff7f3466f21cd9adef13feaf0fb2e943028627027b036405e0d7d39,d79174673ff7f3466f21cd9adef13feaf0fb2e943028627027b036405e0d7d39,29,1.0,GLOBAL_SIMILARITY,true,0.95,1.0,1.0,29,1,1.0,1.0,0.8117988256445494,0.6964285714285715,1.3054985752111377E8,d79174673ff7f3466f21cd9adef13feaf0fb2e943028627027b036405e0d7d39,d79174673ff7f3466f21cd9adef13feaf0fb2e943028627027b036405e0d7d39
DISTRICT,CHUNGNAM,청양군,NATURE_ECOLOGY,VILLAGE,53,191,0.156942083729705,SAME_REGION_TYPE,50,4,3.222419808760166,0.162464224056106,0.9262502107230158,0.9230769230769231,5.3791096206820704E7,487c12be2fcdc1597a210a20c220d360a3a51bb0c987825a4d4d04fa994a1e3b,c2e24b14a14ef5af95f5b2273a16ce5c675b336fa106641c359b4eb07c2a63a9,191,0.156942083729705,SAME_REGION_TYPE,false,-Infinity,NaN,NaN,50,4,3.222419808760166,0.162464224056106,0.9262502107230158,0.9230769230769231,5.3791096206820704E7,487c12be2fcdc1597a210a20c220d360a3a51bb0c987825a4d4d04fa994a1e3b,c2e24b14a14ef5af95f5b2273a16ce5c675b336fa106641c359b4eb07c2a63a9
DISTRICT,CHUNGNAM,청양군,TRADITION_HISTORY,GREEN,2,54,1.0,NATIONWIDE_TYPE_VENUE,50,1,1.0,1.0,0.7979610095700628,0.75,2.49160953205623E8,925fb91efbfb16db5e571b6b008cb99b6c0a3a167e39edb07bb4c1c2cafda7ae,629b0d4dc3b42373f864c89399bdd4c8d07d01fb74c9a354eae111ad6bfab652,133,0.32948809206137736,SAME_REGION_TYPE,true,0.8911764705882352,0.9411764705882353,1.0,50,8,5.946304460240188,0.020094010839359605,0.9401008759326603,0.9230769230769231,1.9506823310075936E8,67bf5843dad30e83006d6bbeb5a7cafa7d19cb463da68464e234925a1b8f947f,01b7448b76760711da20cc0688238cde51d3c903bbaf6444fa4681231eeb35ba
DISTRICT,CHUNGNAM,청양군,LOCAL_SPECIALTY,GREEN,2,95,1.0,NATIONWIDE_TYPE_VENUE,50,1,1.0,1.0,0.8150660935622661,0.7875000000000001,1.2917600560859263E8,6f559ff7303a8c2962ebc48f630fcff4006b749cc57f1e138c456575624dd657,ea74484f43926c89f6d797b7831313a7273c31fbac467be50b77595ef962c1ee,360,0.20914866350156347,SAME_REGION_TYPE,true,0.8625,0.9125000000000001,1.0,50,8,5.0604580472619185,0.022431084244141926,0.9451509987308602,0.9230769230769231,7.89538172700387E7,a3c004c1ac256ec4484e46899dd11e5c21c0bb672c475553b8501d3b6a52a762,e3df3c5da4d44ae5b963feabb5409a6ee39767e22967f4712c6c00d89b8edd48
DISTRICT,CHUNGNAM,청양군,LOCAL_SPECIALTY,GREEN,3,95,1.0,NATIONWIDE_TYPE_VENUE,50,1,1.0,1.0,0.8280611512588244,0.795,2.7125341089410913E8,6f559ff7303a8c2962ebc48f630fcff4006b749cc57f1e138c456575624dd657,2cb3b92e6efaf661093c7b42310dd59e918690c04352a366eb47eb360e3bbcae,327,0.23670426901590963,SAME_REGION_TYPE,true,0.9,0.9500000000000001,1.0,50,9,4.017028915492617,0.020375399341182668,0.9423840812973017,0.9230769230769231,1.0394752879321639E8,789e846dd84f5b89ef959b41b2e0996aefd118ad2b84ea80f7f5be2e952ecf56,38edbfbbb72b4e1057bfe55e37b6273249edc9198ed6316dec22c3d6b70fb8a5
DISTRICT,CHUNGNAM,청양군,LOCAL_SPECIALTY,VILLAGE,2,23,1.0,NATIONWIDE_TYPE_VENUE,23,1,1.0,1.0,0.8410294141099899,0.7159090909090909,1.2400114808125567E8,3fbec895063fe63197622dd9e2f7c6edb414b8212fdbf14439a971c269a81dc0,3fbec895063fe63197622dd9e2f7c6edb414b8212fdbf14439a971c269a81dc0,265,0.17171650341587683,SAME_REGION_TYPE,true,0.9,0.9500000000000001,1.0,50,9,5.783933769238055,0.08026876217304256,0.947046246461734,0.9230769230769231,8.420622532872964E7,87e72f4fa02e5310d0485136077df8d8fac88587fb64b3b49e401c5740e32a06,53e9c4991ffc8a37305de5682a8a0ee76fcdc339735ae3b41d1e52733d89f361
DISTRICT,CHUNGNAM,홍성군,LOCAL_SPECIALTY,GREEN,37,95,1.0,NATIONWIDE_TYPE_VENUE,50,1,1.0,1.0,0.754490634743035,0.6907894736842106,3.938177481958839E8,6f559ff7303a8c2962ebc48f630fcff4006b749cc57f1e138c456575624dd657,fcce43216822847ca80fddd3f35a6cb89e410d9a998c73ad6fc15363d77b30fb,309,0.2100791546875792,SAME_REGION_TYPE,true,0.8934426229508197,0.9434426229508197,1.0,50,9,4.988813763822817,0.019637015812896435,0.9541917529478083,0.9230769230769231,6.709853831768693E7,d5644103a71ac5cb13a19e4ac8eeb44799bc1fdcf1a7d06e9e922672d986e6fb,b3f051e8310bdc526385c26b7741dc6bd98eaac51dd532a09543a9ab918e13b0
DISTRICT,CHUNGNAM,홍성군,LOCAL_SPECIALTY,GREEN,30,95,1.0,NATIONWIDE_TYPE_VENUE,50,1,1.0,1.0,0.7566513183735523,0.6943548387096775,3.959741359567671E8,6f559ff7303a8c2962ebc48f630fcff4006b749cc57f1e138c456575624dd657,fcce43216822847ca80fddd3f35a6cb89e410d9a998c73ad6fc15363d77b30fb,315,0.207104512693783,SAME_REGION_TYPE,true,0.8762295081967213,0.9262295081967213,1.0,50,9,5.041511770172913,0.018924176593021574,0.9543226357036233,0.9230769230769231,6.836565607993811E7,2533f7f33e863b3a0b05cf3672cf2e68f2258c1199bc584a8209e7182f642af5,e1e1e16d165ce7ee3b973a7a3d2cbb58c888753bd2de60004b8515f7c4972b30
DISTRICT,CHUNGNAM,홍성군,LOCAL_SPECIALTY,VILLAGE,3,23,1.0,NATIONWIDE_TYPE_VENUE,23,1,1.0,1.0,0.8351303150116476,0.7295454545454546,1.5680018312804577E8,3fbec895063fe63197622dd9e2f7c6edb414b8212fdbf14439a971c269a81dc0,3fbec895063fe63197622dd9e2f7c6edb414b8212fdbf14439a971c269a81dc0,45,0.4187777705887177,SAME_REGION_TYPE,true,0.95,1.0,1.0,45,9,4.290417565712081,0.41877777058871773,0.9291082593955228,0.7295454545454546,9.786667589102934E7,af6b8a746e36ca6b1b2371d0639ff79a53b93327269aedf3543a9a57c82c6d67,af6b8a746e36ca6b1b2371d0639ff79a53b93327269aedf3543a9a57c82c6d67
DISTRICT,CHUNGNAM,홍성군,LOCAL_SPECIALTY,INDEPENDENT,4,37,1.0,NATIONWIDE_TYPE_VENUE,37,1,1.0,1.0,0.7993871630175053,0.6991935483870968,1.59029496160144E8,f48a1845e91ccd6df2e6cbb8eff45c61703b96b9de9c78eebb998bf15f66a0a2,f48a1845e91ccd6df2e6cbb8eff45c61703b96b9de9c78eebb998bf15f66a0a2,59,0.5171309671705185,GLOBAL_SIMILARITY,true,0.95,1.0,1.0,50,9,3.8651413891454043,0.45597840564100217,0.911996684399154,0.765,1.0874142576676477E8,86b5e708114c5893db5026d83ead95511c95e17c8237a1552e9f15acc6dc48b3,be981d4b8ee2bcb5f69c3dff5e1a3b0a9a83d2c327422e65e19bc253a2455052
DISTRICT,CHUNGNAM,홍성군,CULTURE_ART,INDEPENDENT,2,76,1.0,NATIONWIDE_TYPE_VENUE,50,1,1.0,1.0,0.8169655891437516,0.775,2.264270132973826E8,8d3227fce5057e121afb1463f7003206e6d03aae5ceffb834860623ae7d9b164,5cb6c679d6d57291e2db5b1859a75d738ae142e54959a648eecf3c6dcea9af31,137,0.4752356594635901,SAME_REGION_TYPE,true,0.9,0.9500000000000001,1.0,50,9,8.099801511543873,0.021032761363966406,0.926617588231235,0.9230769230769231,1.1167944023945677E8,c9e1f7ae862976639b5e059c9bde9e248d0193f946d2c69b4a4605a5a5674d0e,4679a5a901bfa28689e1163bb48f96138b92e503d2758afb76179d79ba2dd4bb
DISTRICT,CHUNGNAM,홍성군,NATURE_ECOLOGY,WATERFRONT,2,70,1.0,NATIONWIDE_TYPE_VENUE,50,1,1.0,1.0,0.8269342280144005,0.75,9.047104178532141E7,0a635fe7c95464734d67fcf3eb34fbe1decb151168419235fa06b370eaf0e0c0,cdcc13633146adab08e202ec00db40bd8657e1b7d1ed80b2e03f5cedae29d2a3,72,0.9563832994333309,GLOBAL_SIMILARITY,true,0.95,1.0,1.0,50,2,1.1223509055448566,0.9421464355541883,0.8394503419240009,0.765,8.991189702944215E7,3753e86a2705e3c1bf15f9d2b572d08ef84886b0d4648a71abbf5cb83cd927f3,ad1a78cb5c18bc0bcb4dd00ad65aa0706e4f1d377ea424b464564340c6c224ca
DISTRICT,CHUNGNAM,홍성군,NATURE_ECOLOGY,INDEPENDENT,6,191,0.15446248718144703,SAME_REGION_TYPE,50,6,3.5682994943246253,0.04377358167749696,0.9288057035824013,0.9230769230769231,4.97321827959568E7,8a3086cee74396591e802e8a7244dce54036d2c2aaf867e0c7d0cd9062bfa9d8,e5133c758a9fbc4564eb78c44a6efa61f27f3f973c33af5f418a3cd15abb4efb,191,0.15446248718144703,SAME_REGION_TYPE,false,-Infinity,NaN,NaN,50,6,3.5682994943246253,0.04377358167749696,0.9288057035824013,0.9230769230769231,4.97321827959568E7,8a3086cee74396591e802e8a7244dce54036d2c2aaf867e0c7d0cd9062bfa9d8,e5133c758a9fbc4564eb78c44a6efa61f27f3f973c33af5f418a3cd15abb4efb
DISTRICT,CHUNGNAM,예산군,TRADITION_HISTORY,INDEPENDENT,2,38,1.0,NATIONWIDE_TYPE_VENUE,38,1,1.0,1.0,0.8213491538998842,0.7000000000000001,2.384455822086034E8,8674a18a77fd59101747b5bfbca30d4351075de073f6e1726ea05249ad86bedb,8674a18a77fd59101747b5bfbca30d4351075de073f6e1726ea05249ad86bedb,48,0.7188307932064022,GLOBAL_SIMILARITY,true,0.95,1.0,1.0,48,8,1.8883733851796933,0.7188307932064024,0.8691409738864968,0.7000000000000001,2.2223241504155266E8,4112be2049bfdeb3671ac7afdab0d3d0ec8dab93e56b3ea879090068dae66483,4112be2049bfdeb3671ac7afdab0d3d0ec8dab93e56b3ea879090068dae66483
DISTRICT,CHUNGNAM,예산군,NATURE_ECOLOGY,GREEN,2,88,1.0,NATIONWIDE_TYPE_VENUE,50,1,1.0,1.0,0.8103046222993062,0.765,9.034958364379703E7,dc459aca48974424d1e63cba2ca3e5c0d723e32a3a4724a75d28d13eea8c5f69,72f9291013a9fc0f37ca0de23dadaf9bc796527ab7bd9b71e5e8a4ba6920e89a,93,0.9128639010643915,GLOBAL_SIMILARITY,true,0.95,1.0,1.0,50,5,1.3551738165823566,0.8556140959347753,0.8407049944520878,0.7875000000000001,8.43421569170332E7,f67508bc3a40dfa4908fc6720f5705814945d5469414a98f6c40079bed1f7de7,aece8e33abf39784a6c46eaa1a78e663fecfba8a447144133f468d9bba87b394
DISTRICT,CHUNGNAM,예산군,TRADITION_HISTORY,OTHER,2,22,1.0,NATIONWIDE_TYPE_VENUE,22,1,1.0,1.0,0.8017771350694279,0.7159090909090909,1.9229041879020238E8,3d535e023c473017fdda8ada497fd3aeb9dbae27b046a7bdeb89e40249781229,3d535e023c473017fdda8ada497fd3aeb9dbae27b046a7bdeb89e40249781229,117,0.14730673730485813,SAME_REGION_TYPE,true,0.8625,0.9125000000000001,1.0,50,8,6.148947015673612,0.02264078123359523,0.9411158325450659,0.9230769230769231,1.9418845309617332E8,aea7b5bc521cbbeda75934be9ea319f410a7d133de2ab41acf867a9888951051,41f0bccdba566362c3e66872fccd7057ab5351fa13d72a727d957d493c7765b4
DISTRICT,CHUNGNAM,태안군,LOCAL_SPECIALTY,WATERFRONT,4,71,1.0,NATIONWIDE_TYPE_VENUE,50,1,1.0,1.0,0.8409542010607701,0.7941176470588235,1.511664739010194E8,423ef67fb8d8ce3b4c72bcaeeff7f273fce5f5c7748615ef99cbb399498ea8e6,724e802dda666b40ca369c346ca5744f5397dd0e04f16fca6bd408659b99c735,288,0.20044084575648785,SAME_REGION_TYPE,true,0.92,0.9700000000000001,1.0,50,9,4.302990652350888,0.07931823187718684,0.9566063717819319,0.9230769230769231,8.922379912828057E7,aa1d4e04e4f9ab2b29141da01aaa1204b81c3a66d6211795b8abcd806ecb2251,84c944799a00b0e6b3e8764d7a12ef3e8d0996f036391a54c3bc44c2d859d0bc
DISTRICT,CHUNGNAM,태안군,LOCAL_SPECIALTY,WATERFRONT,3,71,1.0,NATIONWIDE_TYPE_VENUE,50,1,1.0,1.0,0.8524869732526835,0.7941176470588235,1.3283920479781078E8,423ef67fb8d8ce3b4c72bcaeeff7f273fce5f5c7748615ef99cbb399498ea8e6,186c7faa52c4b6f44e518c1e0f9e05343b2330959c4c503d74e395b2e07b851d,90,0.7194098242206072,GLOBAL_SIMILARITY,true,0.95,1.0,1.0,50,9,2.9796894064106363,0.5545233239191766,0.9302178793564658,0.8250000000000001,9.906689575653844E7,2409e03aeb90675fa01836db8756febbe1c2d5ef9ba7f570de2c827790239924,eab1715e9f89bba9afa7b58eb8360cabd6a26594a50b72871af6bd3155775bdb
DISTRICT,CHUNGNAM,태안군,NATURE_ECOLOGY,INDEPENDENT,10,191,0.15283830874613472,SAME_REGION_TYPE,50,8,4.385680851686393,0.06277694585104691,0.93941830588549,0.9230769230769231,6.820130213019478E7,8a3086cee74396591e802e8a7244dce54036d2c2aaf867e0c7d0cd9062bfa9d8,608dba002ab690573c902a6a1fd39072d3a714c111e11824725902d06323ea76,191,0.15283830874613472,SAME_REGION_TYPE,false,-Infinity,NaN,NaN,50,8,4.385680851686393,0.06277694585104691,0.93941830588549,0.9230769230769231,6.820130213019478E7,8a3086cee74396591e802e8a7244dce54036d2c2aaf867e0c7d0cd9062bfa9d8,608dba002ab690573c902a6a1fd39072d3a714c111e11824725902d06323ea76
DISTRICT,CHUNGNAM,태안군,NATURE_ECOLOGY,WATERFRONT,2,70,1.0,NATIONWIDE_TYPE_VENUE,50,1,1.0,1.0,0.8267069642530418,0.75,9.090690298800217E7,0a635fe7c95464734d67fcf3eb34fbe1decb151168419235fa06b370eaf0e0c0,cdcc13633146adab08e202ec00db40bd8657e1b7d1ed80b2e03f5cedae29d2a3,205,0.27297234064973463,SAME_REGION_TYPE,true,0.9125000000000001,0.9625000000000001,1.0,50,8,6.669505887127682,0.10128683676619393,0.9456253272998358,0.9230769230769231,4.89528077137087E7,5e95ba2d024548091b12f9b2b0d59eb7e884db1f98e9efe542fca5fc064ff6e2,615019d719abd39ff69bb724ddd62c73bb97020129909f1882bd94f915bf00c2
DISTRICT,JEONBUK,전주시,COMMUNITY,INDEPENDENT,3,21,1.0,NATIONWIDE_TYPE_VENUE,21,1,1.0,1.0,0.8049859761902242,0.75,1.5602328461257824E8,eedf7791ca3d1393402cd8cd68579a82dd4c14bb23bf3bca6d0ba4c78b4feceb,eedf7791ca3d1393402cd8cd68579a82dd4c14bb23bf3bca6d0ba4c78b4feceb,65,0.29689709450995183,SAME_REGION_TYPE,true,0.8625,0.9125000000000001,1.0,50,9,6.429565682946326,0.14124068260775977,0.913763110099039,0.795,9.651044557569106E7,9b7641dea1c967d13a2e9eb9c0aa09116cfaba3a624ec0c5cfc9d0ee00dec619,e332d400a196e5fe9da80f57fff265cc87ae66f65d3d4f61fd94d83edc3a3a1c
DISTRICT,JEONBUK,전주시,CULTURE_ART,VILLAGE,2,39,1.0,NATIONWIDE_TYPE_VENUE,39,1,1.0,1.0,0.811190621902314,0.6817164179104478,1.430770370304297E8,35666bd283d687af38fec7347887732ca0983e78f887177a0dbce730a02f799c,35666bd283d687af38fec7347887732ca0983e78f887177a0dbce730a02f799c,66,0.4846972964564377,SAME_REGION_TYPE,true,0.95,1.0,1.0,50,9,4.664071244223087,0.37811976388263857,0.9377532747017286,0.7875000000000001,1.9509397120219997E8,361e0fc0ddddf677e8381c39515fd49c153ccf413ae23e9da8086fb33703c736,f33a0653c64468e64e959f20d8b46f0f47a966eec8a94ae9f100a2809691f0f0
DISTRICT,JEONBUK,전주시,NATURE_ECOLOGY,GREEN,5,88,1.0,NATIONWIDE_TYPE_VENUE,50,1,1.0,1.0,0.7986124430743863,0.7568181818181818,1.8981517428055462E8,dc459aca48974424d1e63cba2ca3e5c0d723e32a3a4724a75d28d13eea8c5f69,62dd12abb3423f3a77b7ec6e939aef0a34a457dd62c7ecf212c11db968a9dd8c,196,0.36844473378912485,SAME_REGION_TYPE,true,0.85,0.9,1.0,50,7,3.817273219170118,0.2396980366530444,0.9236712671161701,0.9230769230769231,8.165413690225859E7,75f46defb29bd2992c8ca413cdfd24b9ec1ddc4d57104b1bf0524fcc6cfdb8b6,04171229334ddc5d694dc6b0793c6546970b84d940c309b52c557d9b32b2fda7
DISTRICT,JEONBUK,전주시,LOCAL_SPECIALTY,UNDECIDED,2,198,0.13946950070890735,SAME_REGION_TYPE,50,9,6.395415473097909,0.021199504871459402,0.9354358930883703,0.9230769230769231,7.38774711077507E7,12a22ab485fa1fa38a63fddf84f364271f40d22ebbdf418e03ed4ad6d7b72653,7cdbb07e40ff7b4aa7fcf92faf10072434c33610654e357882751e56682b77d3,198,0.13946950070890735,SAME_REGION_TYPE,false,-Infinity,NaN,NaN,50,9,6.395415473097909,0.021199504871459402,0.9354358930883703,0.9230769230769231,7.38774711077507E7,12a22ab485fa1fa38a63fddf84f364271f40d22ebbdf418e03ed4ad6d7b72653,7cdbb07e40ff7b4aa7fcf92faf10072434c33610654e357882751e56682b77d3
DISTRICT,JEONBUK,전주시,CULTURE_ART,OTHER,3,70,1.0,NATIONWIDE_TYPE_VENUE,50,1,1.0,1.0,0.819543351463769,0.7875000000000001,2.0571693502778444E8,e2894551a9aade3371c9d134fd015763aa296c0fb24e8191f8fdd46932c4cd77,fcd28abf50924f00001332a796c1116e47df0d1da958be54411144ff54b2b8a7,100,0.5978997134887184,GLOBAL_SIMILARITY,true,0.95,1.0,1.0,50,9,5.4940701711796,0.32737875353471824,0.9506466836166965,0.795,2.6781317692793712E8,ce2c884a66f7b5168b2f27e6ac8088933ea82e3959b0147ebf86c1339a441ad5,7680786d152a680a2e87297372f4b2f3fbc758b263a454b06e9cffe1bcde9a72
DISTRICT,JEONBUK,전주시,NATURE_ECOLOGY,GREEN,9,88,1.0,NATIONWIDE_TYPE_VENUE,50,1,1.0,1.0,0.8050365938958086,0.7402173913043478,1.712444544175492E8,dc459aca48974424d1e63cba2ca3e5c0d723e32a3a4724a75d28d13eea8c5f69,ef71fc5870a5d089f0d28ecd62151c55b8bdeb1af39ffe3023ce56c1ed97eec7,186,0.3839394754604152,SAME_REGION_TYPE,true,0.8863636363636364,0.9363636363636364,1.0,50,8,4.306092600006056,0.020490578792202837,0.9251267052384575,0.9230769230769231,1.1517996889933051E8,381358888683c11b86753e9afdafaaf4d9756f1ac1af26cb5bc908edb37346d9,ffab25b66e5a054cd7a5909bb17a99c3aa84001a16e2a1fea1518f1465c58ac4
DISTRICT,JEONBUK,전주시,CULTURE_ART,INDEPENDENT,3,76,1.0,NATIONWIDE_TYPE_VENUE,50,1,1.0,1.0,0.8253847442026659,0.7875000000000001,3.1777778770371985E8,8d3227fce5057e121afb1463f7003206e6d03aae5ceffb834860623ae7d9b164,22c3f44c7c36e997ace5e85ffc3b6084471ffdfee3e12103b848a92bbe77c14d,106,0.6188248846780331,GLOBAL_SIMILARITY,true,0.95,1.0,1.0,50,9,5.429317242312327,0.3323348267259169,0.9532852740430504,0.8250000000000001,3.3556373314498186E8,fb0ecb80adbe13e794a229d1237dd49386560152f7fb16a9335e61784732aebb,c73603eff4f2de94afea97259f38f53d5a10ea91064ec6acffa15e45391ff0f4
DISTRICT,JEONBUK,전주시,COMMUNITY,UNDECIDED,3,56,0.2129861107425516,SAME_REGION_TYPE,50,9,6.434359471304791,0.1453117921589,0.916741414772175,0.8025000000000001,8.630364045567712E7,da7325a1f57e758fd4801222cf1c0c63fca4fd3c1982ac9e0c91ee905204d4ea,6ec6f744fa11140d37054fc60e24593b74fe2be2e22e0a678cda1237652b2b3b,56,0.2129861107425516,SAME_REGION_TYPE,false,-Infinity,NaN,NaN,50,9,6.434359471304791,0.1453117921589,0.916741414772175,0.8025000000000001,8.630364045567712E7,da7325a1f57e758fd4801222cf1c0c63fca4fd3c1982ac9e0c91ee905204d4ea,6ec6f744fa11140d37054fc60e24593b74fe2be2e22e0a678cda1237652b2b3b
DISTRICT,JEONBUK,전주시,LOCAL_SPECIALTY,UNDECIDED,3,198,0.13684679682898668,SAME_REGION_TYPE,50,9,5.618300601067934,0.02243862178068222,0.9446368651497621,0.9230769230769231,1.6867785429709798E8,12a22ab485fa1fa38a63fddf84f364271f40d22ebbdf418e03ed4ad6d7b72653,06b1995040340c35fc0026679f5eb3979b2f0105295318dd5f6b078a2d083dd7,198,0.13684679682898668,SAME_REGION_TYPE,false,-Infinity,NaN,NaN,50,9,5.618300601067934,0.02243862178068222,0.9446368651497621,0.9230769230769231,1.6867785429709798E8,12a22ab485fa1fa38a63fddf84f364271f40d22ebbdf418e03ed4ad6d7b72653,06b1995040340c35fc0026679f5eb3979b2f0105295318dd5f6b078a2d083dd7
DISTRICT,JEONBUK,전주시,TRADITION_HISTORY,GREEN,2,54,1.0,NATIONWIDE_TYPE_VENUE,50,1,1.0,1.0,0.8089984847134694,0.75,2.5160070290574357E8,925fb91efbfb16db5e571b6b008cb99b6c0a3a167e39edb07bb4c1c2cafda7ae,629b0d4dc3b42373f864c89399bdd4c8d07d01fb74c9a354eae111ad6bfab652,62,0.8117124518713511,GLOBAL_SIMILARITY,true,0.95,1.0,1.0,50,7,1.6351661373459137,0.7759827332490482,0.857523242246325,0.775,1.9319034321365148E8,3dc6eef1d95bc87ded8aaad9a82f35268de19d7a71f7efbe130ea850f2130ae8,9e1b5832c4130cbc81f1dc61ba76f5404cce1a35f9ff0aeebf5c568f1dee1c24
DISTRICT,JEONBUK,군산시,TRADITION_HISTORY,VILLAGE,4,89,0.1761994120468988,SAME_REGION_TYPE,50,8,7.085689076245886,0.14080261697952046,0.9327615821100651,0.9062500000000001,3.340752995331056E8,b0328bbe739f5908081b64f8f6c4665e560e0c688ed7e108d3256c395fd27017,a54e261c7904ff802cd5a7852dc66867110af8c7ce7ea88d12293d3efd936f7c,89,0.1761994120468988,SAME_REGION_TYPE,false,-Infinity,NaN,NaN,50,8,7.085689076245886,0.14080261697952046,0.9327615821100651,0.9062500000000001,3.340752995331056E8,b0328bbe739f5908081b64f8f6c4665e560e0c688ed7e108d3256c395fd27017,a54e261c7904ff802cd5a7852dc66867110af8c7ce7ea88d12293d3efd936f7c
DISTRICT,JEONBUK,군산시,CULTURE_ART,GREEN,2,158,1.0,NATIONWIDE_TYPE_VENUE,50,1,1.0,1.0,0.8391451892171852,0.8250000000000001,1.761704551099394E8,4214f3c3954d05a920f970ebc6a910e54d165aa212212417de62ae5be5a531b0,ed9f8f3a1a34b530e80a2fc4585315b31d4c771068742ff17297802cacf5d568,246,0.5628455908829022,GLOBAL_SIMILARITY,true,0.9,0.9500000000000001,1.0,50,8,4.585522589982504,0.04106510534590479,0.9387401314443528,0.9230769230769231,2.0287838579399413E8,b140c83d84611debe7328933af0200a71cfcb53b3b7c550392e0a23351b345de,c4bbf423712d1b41d48e14128178c403b93a13deeed702c7e37a92d5437e6052
DISTRICT,JEONBUK,군산시,LOCAL_SPECIALTY,INDEPENDENT,3,37,1.0,NATIONWIDE_TYPE_VENUE,37,1,1.0,1.0,0.8300621102381098,0.6943548387096775,1.3614405979246247E8,f48a1845e91ccd6df2e6cbb8eff45c61703b96b9de9c78eebb998bf15f66a0a2,f48a1845e91ccd6df2e6cbb8eff45c61703b96b9de9c78eebb998bf15f66a0a2,50,0.6620024215684507,GLOBAL_SIMILARITY,true,0.95,1.0,1.0,50,8,2.1827324597433932,0.6620024215684511,0.8845325550493355,0.6943548387096775,1.3618551713139874E8,668496dc30f28cee35d5a5b8e326ef3750cb2909041f3d101acc7673021505ed,668496dc30f28cee35d5a5b8e326ef3750cb2909041f3d101acc7673021505ed
DISTRICT,JEONBUK,군산시,CULTURE_ART,VILLAGE,2,39,1.0,NATIONWIDE_TYPE_VENUE,39,1,1.0,1.0,0.8086446241460615,0.6817164179104478,1.424063255757618E8,35666bd283d687af38fec7347887732ca0983e78f887177a0dbce730a02f799c,35666bd283d687af38fec7347887732ca0983e78f887177a0dbce730a02f799c,46,0.7809380193976955,GLOBAL_SIMILARITY,true,0.95,1.0,1.0,46,4,1.5961357155737212,0.7809380193976952,0.8505633117795235,0.6817164179104478,1.710330533734793E8,5ed1be3209f4c1268cdbaef13d208a0c96b83ee0007fd4a8cad910a5568f5daf,5ed1be3209f4c1268cdbaef13d208a0c96b83ee0007fd4a8cad910a5568f5daf
DISTRICT,JEONBUK,익산시,TRADITION_HISTORY,INDEPENDENT,3,38,1.0,NATIONWIDE_TYPE_VENUE,38,1,1.0,1.0,0.8048780009560342,0.7083333333333334,3.053333421347422E8,8674a18a77fd59101747b5bfbca30d4351075de073f6e1726ea05249ad86bedb,8674a18a77fd59101747b5bfbca30d4351075de073f6e1726ea05249ad86bedb,46,0.7577681624355581,GLOBAL_SIMILARITY,true,0.95,1.0,1.0,46,8,1.713807343532068,0.757768162435558,0.8488975032632521,0.7083333333333334,3.743988216544993E8,76143bb9e15525422b70f39269ee0208c766f6f51dae25a148d5b8ef3772aaff,76143bb9e15525422b70f39269ee0208c766f6f51dae25a148d5b8ef3772aaff
DISTRICT,JEONBUK,익산시,CULTURE_ART,GREEN,3,158,1.0,NATIONWIDE_TYPE_VENUE,50,1,1.0,1.0,0.8410538277142049,0.8250000000000001,3.7002928425471336E8,4214f3c3954d05a920f970ebc6a910e54d165aa212212417de62ae5be5a531b0,2874d99555930b3d0bb5aba384212c5ed1bd59bfe82991fe7d56283fa6bf32aa,254,0.5478023848392437,GLOBAL_SIMILARITY,true,0.9,0.9500000000000001,1.0,50,8,4.478841869746064,0.06271553947902637,0.9294835819835435,0.9230769230769231,2.5103555393994278E8,af85f3cf3737ef0f29251c49875a7f2527d213691aa7f99de20a78da8990e0fa,0330ab7e6cf552f8d726e796d7b759c1dfd8b9e22eef7b83cd94e12955429ad0
DISTRICT,JEONBUK,익산시,CULTURE_ART,VILLAGE,2,39,1.0,NATIONWIDE_TYPE_VENUE,39,1,1.0,1.0,0.8060786533026844,0.6817164179104478,1.4217640176803288E8,35666bd283d687af38fec7347887732ca0983e78f887177a0dbce730a02f799c,35666bd283d687af38fec7347887732ca0983e78f887177a0dbce730a02f799c,127,0.24806869861473946,SAME_REGION_TYPE,true,0.9,0.9500000000000001,1.0,50,7,3.8004553239978085,0.06279360471150164,0.928903556554803,0.9230769230769231,2.0580173404348496E8,153514c7b5a698290c0521751341931d75d8826b32d2f6d9e32e852afe6f0cd9,9e69d7c7354c41ad235be2f5af0315b17232d5d9962ff8d1ffb71ae1c04cf064
DISTRICT,JEONBUK,익산시,LOCAL_SPECIALTY,OTHER,2,30,1.0,NATIONWIDE_TYPE_VENUE,30,1,1.0,1.0,0.8111921525600158,0.6895161290322581,1.0518611981433277E8,d7eb5f5a7795ed75ed648bbe71eacb81a6fe0bd8c57b502eb69efc2e8672ca56,d7eb5f5a7795ed75ed648bbe71eacb81a6fe0bd8c57b502eb69efc2e8672ca56,139,0.19584385056329126,SAME_REGION_TYPE,true,0.9,0.9500000000000001,1.0,50,7,5.437251556148136,0.02081149931789499,0.9315497591436613,0.9230769230769231,6.802771239612715E7,d62ad16906413a074946f627e53bb9ea4f2df05f48f8ba13b00e52b6990ca07f,a6da8017cf4f3c1a1652ee8bc8869422a8b1db5646a07c8c01fea362c93c32a6
DISTRICT,JEONBUK,익산시,CULTURE_ART,GREEN,11,158,1.0,NATIONWIDE_TYPE_VENUE,50,1,1.0,1.0,0.7865217824866942,0.7375,4.5412628455048263E8,4214f3c3954d05a920f970ebc6a910e54d165aa212212417de62ae5be5a531b0,29abf0392e82fa99db83691bc43d0b59107d0bf9ea41f4dc3d1ba67233eb8af0,265,0.4968583723424689,SAME_REGION_TYPE,true,0.8125,0.8625,1.0,50,6,3.6263365443163265,0.242629757785467,0.9248762310354001,0.9230769230769231,2.8216684440599656E8,a0b09af90cb1f13a8fa3e6c89d3f42ca7f4605f0d5b2b5ec8dfaaeeb29dbc2e5,989f7c61f40f3780e92527c91af460b635d8eed9bcdbb3b62218efc23caa6e68
DISTRICT,JEONBUK,익산시,CULTURE_ART,INDEPENDENT,22,76,1.0,NATIONWIDE_TYPE_VENUE,50,1,1.0,1.0,0.7441917089007004,0.7010869565217391,5.3656205966620344E8,8d3227fce5057e121afb1463f7003206e6d03aae5ceffb834860623ae7d9b164,d87f2603d7fe3f6e64b9f73b1f9fedf2f1c3ae5c8405278adbf9d4ebbaa97261,174,0.33791559323412884,SAME_REGION_TYPE,true,0.7891304347826087,0.8391304347826087,1.0,50,6,3.6263365443163265,0.242629757785467,0.9248762310354001,0.9230769230769231,2.8216684440599656E8,c5e6567aca8f76fb721afae92abb3d352fbd584e3196c26eb72ad7c50b1d23e4,989f7c61f40f3780e92527c91af460b635d8eed9bcdbb3b62218efc23caa6e68
DISTRICT,JEONBUK,익산시,LOCAL_SPECIALTY,INDEPENDENT,2,37,1.0,NATIONWIDE_TYPE_VENUE,37,1,1.0,1.0,0.8205474582295624,0.6895161290322581,1.0828120884695849E8,f48a1845e91ccd6df2e6cbb8eff45c61703b96b9de9c78eebb998bf15f66a0a2,f48a1845e91ccd6df2e6cbb8eff45c61703b96b9de9c78eebb998bf15f66a0a2,146,0.20765874921041944,SAME_REGION_TYPE,true,0.9,0.9500000000000001,1.0,50,7,5.734400381902734,0.041574652130377004,0.9320995764397894,0.9230769230769231,6.6178184244017735E7,a0fc0f897ff3621c908046829653ee410698c1b8ab32b78f11ee92df7427de57,2cdc4b19b537ae21af6341deb77d77c8d0c8d10c756726c99e6710fb321cd9bc
DISTRICT,JEONBUK,익산시,CULTURE_ART,INDEPENDENT,2,76,1.0,NATIONWIDE_TYPE_VENUE,50,1,1.0,1.0,0.8223523225791582,0.775,2.2729479462693375E8,8d3227fce5057e121afb1463f7003206e6d03aae5ceffb834860623ae7d9b164,be48329f206b4a57b43a816ad3dfbe52ddf91c40dc05efef51976898c51f45fb,164,0.3877690577298916,SAME_REGION_TYPE,true,0.9,0.9500000000000001,1.0,50,7,3.7842720254708855,0.020980277493735634,0.9277875106048186,0.9230769230769231,2.1368761132681146E8,815a22ff111ebc550ff38a2680002eab5e8bbb9e40fb17855098989db898e825,245e8ac8858ce5f2e1b446213c1a03f5791f81d808c57e1dc395e5f828503dc8
DISTRICT,JEONBUK,익산시,COMMUNITY,GREEN,2,41,1.0,NATIONWIDE_TYPE_VENUE,41,1,1.0,1.0,0.8163046798529793,0.6868421052631579,1.2525537683360192E8,2e791c1fbe39f5acd2e443473c32520423f6131ee59cef2b016af5dfdade83f7,2e791c1fbe39f5acd2e443473c32520423f6131ee59cef2b016af5dfdade83f7,78,0.4585316065290411,SAME_REGION_TYPE,true,0.9,0.9500000000000001,1.0,50,8,5.5698251713275875,0.2311603597070013,0.9123389688169696,0.8250000000000001,8.744532528377482E7,6967be358c74007e37e9f05dbcbbd3d62d0d573c1a42438f466ee8d25640271b,64d1a295d968f2c9599831065da1f4801d70605dcafd2f32135238fb9aea2e40
DISTRICT,JEONBUK,정읍시,NATURE_ECOLOGY,GREEN,11,88,1.0,NATIONWIDE_TYPE_VENUE,50,1,1.0,1.0,0.8030925747278661,0.7375,1.8063934350291234E8,dc459aca48974424d1e63cba2ca3e5c0d723e32a3a4724a75d28d13eea8c5f69,ef71fc5870a5d089f0d28ecd62151c55b8bdeb1af39ffe3023ce56c1ed97eec7,191,0.36535016699284917,SAME_REGION_TYPE,true,0.9,0.9500000000000001,1.0,50,9,4.584673200606868,0.03997946958798012,0.9455843511089285,0.9230769230769231,1.3368029489338961E8,391bb3633e4fd8082289284c612126042035cef445bc47f881da80b2ccd049b1,0fbe2afcaa91a402db15ef3101336fba413df79ef86d5c8b3b171b5c1939d6e6
DISTRICT,JEONBUK,정읍시,NATURE_ECOLOGY,WATERFRONT,3,70,1.0,NATIONWIDE_TYPE_VENUE,50,1,1.0,1.0,0.8227767049646151,0.775,1.1177249939881907E8,0a635fe7c95464734d67fcf3eb34fbe1decb151168419235fa06b370eaf0e0c0,d3fa94b8a515e123fca5c772bc892a3e46918ebe0c4e228206189c3406c711e0,168,0.33998814486351364,SAME_REGION_TYPE,true,0.9,0.9500000000000001,1.0,50,9,6.084522999061214,0.08102725745804602,0.9453692588963163,0.9230769230769231,1.1104301051998271E8,9e6e71af5034b565380095d1db351a4be03aca7e51d53611925c457520c5fd50,b1d5aa166c5b90068a2f8c770f424be57a18ecbe74094670200647a176c564f9
DISTRICT,JEONBUK,정읍시,COMMUNITY,INDEPENDENT,3,21,1.0,NATIONWIDE_TYPE_VENUE,21,1,1.0,1.0,0.8091352368792117,0.75,1.544964928366697E8,eedf7791ca3d1393402cd8cd68579a82dd4c14bb23bf3bca6d0ba4c78b4feceb,eedf7791ca3d1393402cd8cd68579a82dd4c14bb23bf3bca6d0ba4c78b4feceb,56,0.31250718610898137,SAME_REGION_TYPE,true,0.9125000000000001,0.9625000000000001,1.0,50,9,5.281439070259112,0.2511439190386858,0.8987892909373114,0.7875000000000001,1.0764655502438013E8,22c6594285a5cfb4ee5631f6533121e158df8ce5644963211f6aa6440a950c97,15c50d429b9907da11c5ebd40713ec4bc7daf293c872967a0020717ab5bec79e
DISTRICT,JEONBUK,정읍시,COMMUNITY,GREEN,4,41,1.0,NATIONWIDE_TYPE_VENUE,41,1,1.0,1.0,0.7912300032213917,0.6947368421052632,1.674378976414828E8,2e791c1fbe39f5acd2e443473c32520423f6131ee59cef2b016af5dfdade83f7,2e791c1fbe39f5acd2e443473c32520423f6131ee59cef2b016af5dfdade83f7,78,0.4462310224795827,SAME_REGION_TYPE,true,0.9,0.9500000000000001,1.0,50,9,5.68100402871675,0.22459051046366313,0.9042873819406988,0.7941176470588235,1.0219971963696966E8,72f37a4d5dcac892390574ed1baaeded56afa4d2cf430fee1c54ae11b71d9494,d125f8919a2810e891f67ca7f7a9732bdf0a42648cab8ac3cc52694db5af5c02
DISTRICT,JEONBUK,정읍시,CULTURE_ART,GREEN,2,158,1.0,NATIONWIDE_TYPE_VENUE,50,1,1.0,1.0,0.8391451892171852,0.8250000000000001,1.761704551099394E8,4214f3c3954d05a920f970ebc6a910e54d165aa212212417de62ae5be5a531b0,ed9f8f3a1a34b530e80a2fc4585315b31d4c771068742ff17297802cacf5d568,247,0.5614131891621786,GLOBAL_SIMILARITY,true,0.9,0.9500000000000001,1.0,50,7,3.8701230481328492,0.04141976445008213,0.9344723883517964,0.9230769230769231,1.9169858630120912E8,ba4870a018df1e2b2db4920a89195b2134534951904bbde72af444b9223e76d1,fa1347aaec277ea9deca1c5e2b40158f175619af94cb158de6eb995d735979c5
DISTRICT,JEONBUK,남원시,CULTURE_ART,INDEPENDENT,7,76,1.0,NATIONWIDE_TYPE_VENUE,50,1,1.0,1.0,0.7875771578752236,0.7312500000000001,4.857045639137556E8,8d3227fce5057e121afb1463f7003206e6d03aae5ceffb834860623ae7d9b164,66cca39c28ca8af7481ce475830d6deaa425927ab5f5febb5e1c215e99dfa24d,174,0.34575374954832017,SAME_REGION_TYPE,true,0.8625,0.9125000000000001,1.0,50,7,4.148935075710101,0.06770565674907947,0.9429495810350503,0.9230769230769231,2.906653552113982E8,8d9da9010c54e269d975464d1fa7af933e99abfabd9070031eee4564573b2dc6,3a0859608efa267111a7b7e22925a06f8bcf4f2c5e6224d08ac78834626aefc7
DISTRICT,JEONBUK,남원시,CULTURE_ART,GREEN,3,158,1.0,NATIONWIDE_TYPE_VENUE,50,1,1.0,1.0,0.8427729147857754,0.8250000000000001,3.701806018346101E8,4214f3c3954d05a920f970ebc6a910e54d165aa212212417de62ae5be5a531b0,2874d99555930b3d0bb5aba384212c5ed1bd59bfe82991fe7d56283fa6bf32aa,171,0.8856316077963505,GLOBAL_SIMILARITY,true,0.95,1.0,1.0,50,6,2.092374416687517,0.6730052023334755,0.8962218213550687,0.8250000000000001,3.1984485150474125E8,9aef3717e251dac6f501f11cea03fe3da1e07a6c1187ea6c0f8b273095778858,4bb1f64af68fbf30ab0d1473243019f435c8a27267f7b5141b223355fab559c1
DISTRICT,JEONBUK,남원시,CULTURE_ART,WATERFRONT,2,90,1.0,NATIONWIDE_TYPE_VENUE,50,1,1.0,1.0,0.8184454198474485,0.7875000000000001,2.0623917124413767E8,c348e29400ebe021db666e856fec31595170b0090866fe06d013a15bb05b35e1,adf469a23634e25d19893b7c7f8d4de913bbd1bf21b5b495693fb6cdc97be6a7,102,0.8210400414667792,GLOBAL_SIMILARITY,true,0.95,1.0,1.0,50,5,2.0225179933989086,0.6840595865095541,0.880785901677486,0.7875000000000001,1.916267215476498E8,0daa8fc674e756429ac59f0a9ad21284b13eb43b3dafb0e2b0d1907951a18cc9,691f00969359c95765937ab6bfc018876f9acc9408a1c9ebc371613aa277d528
DISTRICT,JEONBUK,남원시,COMMUNITY,WATERFRONT,3,29,1.0,NATIONWIDE_TYPE_VENUE,29,1,1.0,1.0,0.8040078546462731,0.7035714285714286,1.657354640009246E8,d79174673ff7f3466f21cd9adef13feaf0fb2e943028627027b036405e0d7d39,d79174673ff7f3466f21cd9adef13feaf0fb2e943028627027b036405e0d7d39,64,0.38313016623443796,SAME_REGION_TYPE,true,0.92,0.9700000000000001,1.0,50,9,5.2654497381277725,0.25454168891645385,0.8999524861832592,0.7875000000000001,1.1959931644764836E8,2b7f5b9d15c277bf0d694d02f7c425fc3d75d23937940656345fe863ce4253ce,d24fe0ee25d4c92ef66156ab222c2c1739df504a1152deaedc973c231ba83874
DISTRICT,JEONBUK,남원시,NATURE_ECOLOGY,GREEN,30,88,1.0,NATIONWIDE_TYPE_VENUE,50,1,1.0,1.0,0.7655897314595235,0.6991935483870968,1.9101278559195724E8,dc459aca48974424d1e63cba2ca3e5c0d723e32a3a4724a75d28d13eea8c5f69,791f75ba253bbc715dd46ceb543bdeef677322027b94485202c68cf016117603,110,0.6817624634110677,GLOBAL_SIMILARITY,true,0.95,1.0,1.0,50,8,3.7587590683134096,0.44348670154320435,0.908955047125191,0.728225806451613,5.411443656086375E7,569acb64f71e1f3425ac91dabbe03506e6ddc34be42f0cbd1e486bd9306c90c9,f9ee7ae228a3b3f22107674d0bee01ec7ac4d676fe64cdfa6b90c2a5b57841b9
DISTRICT,JEONBUK,남원시,LOCAL_SPECIALTY,INDEPENDENT,2,37,1.0,NATIONWIDE_TYPE_VENUE,37,1,1.0,1.0,0.8205474582295624,0.6895161290322581,1.0828120884695849E8,f48a1845e91ccd6df2e6cbb8eff45c61703b96b9de9c78eebb998bf15f66a0a2,f48a1845e91ccd6df2e6cbb8eff45c61703b96b9de9c78eebb998bf15f66a0a2,147,0.2055628185210723,SAME_REGION_TYPE,true,0.9,0.9500000000000001,1.0,50,9,6.389924376876741,0.04124007026766666,0.9361656682341821,0.9230769230769231,6.3244451004956335E7,998943e2f568c076e9535effff4583f203d8443f6741d327d4ae8a1c7e4fbf37,b5f383b8163b723d1108d0421ec6fc9e69a70dff49da0b5d6d084f88f76e3943
DISTRICT,JEONBUK,남원시,CULTURE_ART,OTHER,2,70,1.0,NATIONWIDE_TYPE_VENUE,50,1,1.0,1.0,0.8197298477611508,0.775,1.8289127571200246E8,e2894551a9aade3371c9d134fd015763aa296c0fb24e8191f8fdd46932c4cd77,c6cba0ede7099f0444e7d83fc0449048d2c1a30000ea2212f83e84a22253e8b7,82,0.787883584890744,GLOBAL_SIMILARITY,true,0.95,1.0,1.0,50,5,2.017972006586338,0.6849865717430322,0.8819176110656837,0.7941176470588235,1.9581103698343354E8,b1a61e5372b205d77ef6e76b9965eb7eaa13dbcbaa29ea827a1ef9a7bdc9d2a6,c41fa943fa2a6b6fc3bcccfedb974b0a902f1e5cf6856a3f89ae99cd30641c8e
DISTRICT,JEONBUK,김제시,CULTURE_ART,OTHER,5,70,1.0,NATIONWIDE_TYPE_VENUE,50,1,1.0,1.0,0.8018824728308964,0.75,2.507208067853071E8,e2894551a9aade3371c9d134fd015763aa296c0fb24e8191f8fdd46932c4cd77,c5529ccca40cfbaac0d26523a1eb7cd3d502f5c0c4dc812577b55cff32bdd238,77,0.8587724087053031,GLOBAL_SIMILARITY,true,0.95,1.0,1.0,50,4,1.5281538391021403,0.7992202428380799,0.8475199963668987,0.7568181818181818,2.834602181730975E8,df58dc7c0d49427e8314d921337bc442b482834d82eda85a19da904aae15e658,77b07085c5fa8514517c54085dee8f2a7e4a33ad3f68855839ea4d561124a4cc
DISTRICT,JEONBUK,김제시,CULTURE_ART,GREEN,2,158,1.0,NATIONWIDE_TYPE_VENUE,50,1,1.0,1.0,0.8423808779420191,0.8250000000000001,1.762918774256608E8,4214f3c3954d05a920f970ebc6a910e54d165aa212212417de62ae5be5a531b0,ed9f8f3a1a34b530e80a2fc4585315b31d4c771068742ff17297802cacf5d568,165,0.9335498519109188,GLOBAL_SIMILARITY,true,0.95,1.0,1.0,50,4,1.481927883037013,0.8131811070720796,0.874037149187062,0.8250000000000001,2.023592000677872E8,d968eaf1ba307cc6631785a8c262823081c4950ffcc464108da5971203e2feca,965f35b7068648b72ede48fd068e0b351a249a89a931ba2d72d3a5fcec099a81
DISTRICT,JEONBUK,김제시,CULTURE_ART,GREEN,3,158,1.0,NATIONWIDE_TYPE_VENUE,50,1,1.0,1.0,0.8442678319982373,0.8250000000000001,3.69245160011146E8,4214f3c3954d05a920f970ebc6a910e54d165aa212212417de62ae5be5a531b0,2874d99555930b3d0bb5aba384212c5ed1bd59bfe82991fe7d56283fa6bf32aa,165,0.9342616085648527,GLOBAL_SIMILARITY,true,0.95,1.0,1.0,50,4,1.4799222788940927,0.8137980313796871,0.8757073521847302,0.8250000000000001,3.690237953242688E8,d968eaf1ba307cc6631785a8c262823081c4950ffcc464108da5971203e2feca,f53a7f0d61b2ba6be7477d5185525e7fc1d20f28b4d572c10cffa095a616416d
DISTRICT,JEONBUK,김제시,LOCAL_SPECIALTY,INDEPENDENT,2,37,1.0,NATIONWIDE_TYPE_VENUE,37,1,1.0,1.0,0.8230904614267092,0.6895161290322581,1.0809434418541914E8,f48a1845e91ccd6df2e6cbb8eff45c61703b96b9de9c78eebb998bf15f66a0a2,f48a1845e91ccd6df2e6cbb8eff45c61703b96b9de9c78eebb998bf15f66a0a2,49,0.6757338463958472,GLOBAL_SIMILARITY,true,0.95,1.0,1.0,49,6,2.0891332062845147,0.6757338463958477,0.8781191802814614,0.6895161290322581,9.62013401344163E7,d5f4c0d46f87acf724be66f01bd10e494468cda3abcfc813a823a2e8e55b2322,d5f4c0d46f87acf724be66f01bd10e494468cda3abcfc813a823a2e8e55b2322
DISTRICT,JEONBUK,김제시,NATURE_ECOLOGY,VILLAGE,3,169,0.17814616764132346,SAME_REGION_TYPE,50,9,4.513397712134023,0.02255820463512341,0.9430907340804607,0.9230769230769231,9.231233456213382E7,c140fd5e998b007de76b05c50ed416e8906e61610322f6913d2037537189ed07,ec1c9d8c322bcc4403192b6d93df2a49db93599e083e70585557d57cd4b8d393,169,0.17814616764132346,SAME_REGION_TYPE,false,-Infinity,NaN,NaN,50,9,4.513397712134023,0.02255820463512341,0.9430907340804607,0.9230769230769231,9.231233456213382E7,c140fd5e998b007de76b05c50ed416e8906e61610322f6913d2037537189ed07,ec1c9d8c322bcc4403192b6d93df2a49db93599e083e70585557d57cd4b8d393
DISTRICT,JEONBUK,김제시,NATURE_ECOLOGY,GREEN,2,88,1.0,NATIONWIDE_TYPE_VENUE,50,1,1.0,1.0,0.8201785331280353,0.775,9.443813633568147E7,dc459aca48974424d1e63cba2ca3e5c0d723e32a3a4724a75d28d13eea8c5f69,ca22bcdacf1a4a1e113bb0d4da5110ebb83e673c60c6e17f8aaa2d56aaca9619,99,0.8322506726124855,GLOBAL_SIMILARITY,true,0.95,1.0,1.0,50,9,1.9260090332209983,0.7123846787268148,0.8750028025955816,0.7875000000000001,9.351502602670936E7,2f9526bf2a47fe5099dc57dfc5025018015c36858811d7ec6f1187aab485e5c0,1fca7e523a870872c2f06b27cd5a947832be9ecb9d975fbdabcf5bd117ce436b
DISTRICT,JEONBUK,완주군,COMMUNITY,GREEN,2,41,1.0,NATIONWIDE_TYPE_VENUE,41,1,1.0,1.0,0.820951315474408,0.6868421052631579,1.2542963872758271E8,2e791c1fbe39f5acd2e443473c32520423f6131ee59cef2b016af5dfdade83f7,2e791c1fbe39f5acd2e443473c32520423f6131ee59cef2b016af5dfdade83f7,49,0.7743025092593644,GLOBAL_SIMILARITY,true,0.95,1.0,1.0,49,5,1.6241905190525228,0.7743025092593651,0.8601468738453043,0.6868421052631579,1.1615323457103984E8,308e67f7e670d03dc3e562fe13b6ec5288a7b1d26f3f9579dfd28a4264881208,308e67f7e670d03dc3e562fe13b6ec5288a7b1d26f3f9579dfd28a4264881208
DISTRICT,JEONBUK,완주군,NATURE_ECOLOGY,GREEN,2,88,1.0,NATIONWIDE_TYPE_VENUE,50,1,1.0,1.0,0.8182930089713679,0.775,9.412777767149742E7,dc459aca48974424d1e63cba2ca3e5c0d723e32a3a4724a75d28d13eea8c5f69,ca22bcdacf1a4a1e113bb0d4da5110ebb83e673c60c6e17f8aaa2d56aaca9619,187,0.38464127364919304,SAME_REGION_TYPE,true,0.9,0.9500000000000001,1.0,50,8,4.325733801285802,0.0416644649505431,0.9312611788873405,0.9230769230769231,6.6553835195664205E7,b315095f42219900a6cac4b61d594ca9c708a36f99a871d33152d95b79859455,65397cc50137ebafc94f46b6546c9e20fd03005bed85cab7b3c3218c8f134235
DISTRICT,JEONBUK,완주군,LOCAL_SPECIALTY,GREEN,3,95,1.0,NATIONWIDE_TYPE_VENUE,50,1,1.0,1.0,0.8418679459847942,0.795,2.883620569286958E8,6f559ff7303a8c2962ebc48f630fcff4006b749cc57f1e138c456575624dd657,15cc4c0ef176c5b63325257f5d82af07fc030b277d838200860b26b81d0f22b3,117,0.7385675759549309,GLOBAL_SIMILARITY,true,0.95,1.0,1.0,50,9,3.7254436694346342,0.4840732533900935,0.9340554311989694,0.8250000000000001,2.0429045378336868E8,0fd5a6ca8f73991e7dd534cf2678160430725ba4b06b6fe4139140f5ba1eedbb,87b48aa3104b7baf51736914db84472fba0ce5cb0ee8321fe5d68266de34691e
DISTRICT,JEONBUK,완주군,COMMUNITY,VILLAGE,2,68,0.30949433392097986,SAME_REGION_TYPE,50,9,6.32506014584534,0.13633413073902642,0.9256112904216973,0.8025,7.959023839111081E7,6af8bcbeb2a42fa2ec99f4da0937757930dbe1a4a91cce53290fe3b76d77ae31,8ff015e7efb16224db092c61f24bf17824d8809e02afbe74750a1d64f97158c3,68,0.30949433392097986,SAME_REGION_TYPE,false,-Infinity,NaN,NaN,50,9,6.32506014584534,0.13633413073902642,0.9256112904216973,0.8025,7.959023839111081E7,6af8bcbeb2a42fa2ec99f4da0937757930dbe1a4a91cce53290fe3b76d77ae31,8ff015e7efb16224db092c61f24bf17824d8809e02afbe74750a1d64f97158c3
DISTRICT,JEONBUK,완주군,LOCAL_SPECIALTY,INDEPENDENT,3,37,1.0,NATIONWIDE_TYPE_VENUE,37,1,1.0,1.0,0.8278313969220978,0.6943548387096775,1.3519700951237273E8,f48a1845e91ccd6df2e6cbb8eff45c61703b96b9de9c78eebb998bf15f66a0a2,f48a1845e91ccd6df2e6cbb8eff45c61703b96b9de9c78eebb998bf15f66a0a2,59,0.5309140152013689,GLOBAL_SIMILARITY,true,0.95,1.0,1.0,50,9,3.8662054381609847,0.472192278344043,0.9267560555385248,0.7875000000000001,1.571405631679908E8,04ef231f055430063a5f461202a159d123900001afb7939eb75c2066b690138a,059cfa51376a181e2769e2d4288cc900672c4a2115a4349cc7764e20542ea3fd
DISTRICT,JEONBUK,완주군,NATURE_ECOLOGY,UNDECIDED,2,159,0.1867716200042635,SAME_REGION_TYPE,50,8,4.051307890881206,0.02313667021046753,0.9301559238106392,0.9230769230769231,6.708934929578048E7,614c2bae410e1a1847baa157e54a1c741c137aeba922aba0ae95575ec8ca1e66,1c78fc56e7fc0fe75d3fc300878bdee5c62291f6b2f2cdc33f672be202e5da2f,159,0.1867716200042635,SAME_REGION_TYPE,false,-Infinity,NaN,NaN,50,8,4.051307890881206,0.02313667021046753,0.9301559238106392,0.9230769230769231,6.708934929578048E7,614c2bae410e1a1847baa157e54a1c741c137aeba922aba0ae95575ec8ca1e66,1c78fc56e7fc0fe75d3fc300878bdee5c62291f6b2f2cdc33f672be202e5da2f
DISTRICT,JEONBUK,완주군,LOCAL_SPECIALTY,OTHER,2,30,1.0,NATIONWIDE_TYPE_VENUE,30,1,1.0,1.0,0.8111921525600158,0.6895161290322581,1.0518611981433277E8,d7eb5f5a7795ed75ed648bbe71eacb81a6fe0bd8c57b502eb69efc2e8672ca56,d7eb5f5a7795ed75ed648bbe71eacb81a6fe0bd8c57b502eb69efc2e8672ca56,148,0.18361442497162805,SAME_REGION_TYPE,true,0.9,0.9500000000000001,1.0,50,9,7.176574293188563,0.019770862743338072,0.9567296500588615,0.9230769230769231,8.071652080971225E7,e51047c140c3724245e0a652919327413ce452ae869562dd17d38ec787e1d029,5b34353dde0b31d3cec092a183b226aaaddb51767eb0d6170abe7d734913d41d
DISTRICT,JEONBUK,진안군,LOCAL_SPECIALTY,WATERFRONT,2,71,1.0,NATIONWIDE_TYPE_VENUE,50,1,1.0,1.0,0.8175835765081292,0.7875000000000001,9.809569328519128E7,423ef67fb8d8ce3b4c72bcaeeff7f273fce5f5c7748615ef99cbb399498ea8e6,f1bf5c5ef599137e4ec4b591b6012872542fb7f242ccd6680e79fb88f259c4c0,96,0.6433492632840259,GLOBAL_SIMILARITY,true,0.95,1.0,1.0,50,9,4.582209503864284,0.41567550172557804,0.9313567938443339,0.7941176470588235,7.226463849052252E7,e81c43cf3fccf6ad69865d99ce43c2952e96cff35f375a6abaf8a75bd9162789,3d398c57759e99640fb2de10dc5d9a831f4565f133f762bc6db8b8df2abc46a5
DISTRICT,JEONBUK,무주군,NATURE_ECOLOGY,OTHER,9,28,1.0,NATIONWIDE_TYPE_VENUE,28,1,1.0,1.0,0.7885463873261944,0.7050000000000001,1.2201653838499007E8,bac84c25c579cb164a23d21f107620de9d5a19ddb2360cb94e2daef2a6ba747b,bac84c25c579cb164a23d21f107620de9d5a19ddb2360cb94e2daef2a6ba747b,37,0.6542080605422483,GLOBAL_SIMILARITY,true,0.95,1.0,1.0,37,8,2.2362421441892653,0.6542080605422481,0.8616653421580178,0.7050000000000001,1.9575278815296388E8,739ca145f9e47b2ecc67f98d80221e85b5cef87379c4fd91a227770073de9516,739ca145f9e47b2ecc67f98d80221e85b5cef87379c4fd91a227770073de9516
DISTRICT,JEONBUK,무주군,TRADITION_HISTORY,VILLAGE,2,89,0.18091666349815963,SAME_REGION_TYPE,50,9,7.4881169069599265,0.023364639131618913,0.9263340335985676,0.8906250000000001,2.1965193076104638E8,b0328bbe739f5908081b64f8f6c4665e560e0c688ed7e108d3256c395fd27017,1bd76c39e54a1601897c6aa1da7868c04fa66d87200af897303078110b42b85e,89,0.18091666349815963,SAME_REGION_TYPE,false,-Infinity,NaN,NaN,50,9,7.4881169069599265,0.023364639131618913,0.9263340335985676,0.8906250000000001,2.1965193076104638E8,b0328bbe739f5908081b64f8f6c4665e560e0c688ed7e108d3256c395fd27017,1bd76c39e54a1601897c6aa1da7868c04fa66d87200af897303078110b42b85e
DISTRICT,JEONBUK,무주군,CULTURE_ART,OTHER,5,70,1.0,NATIONWIDE_TYPE_VENUE,50,1,1.0,1.0,0.7998498803618216,0.75,2.4912478447673085E8,e2894551a9aade3371c9d134fd015763aa296c0fb24e8191f8fdd46932c4cd77,c5529ccca40cfbaac0d26523a1eb7cd3d502f5c0c4dc812577b55cff32bdd238,163,0.3466821578307154,SAME_REGION_TYPE,true,0.9,0.9500000000000001,1.0,50,7,4.057578610498241,0.02067635425604445,0.935369162725253,0.9230769230769231,3.168889898963615E8,ec332079c654f6b8288282dff9fc80cdcc6c22cc025e94fb32e0eff117ba3670,9f22f5501366100ea7a84b25843bf7fc9014221d88b905bb7f283af6c0e23621
DISTRICT,JEONBUK,무주군,NATURE_ECOLOGY,GREEN,3,88,1.0,NATIONWIDE_TYPE_VENUE,50,1,1.0,1.0,0.8195791106099674,0.7875000000000001,1.2896319282993343E8,dc459aca48974424d1e63cba2ca3e5c0d723e32a3a4724a75d28d13eea8c5f69,e43b1b49e93e0076e7544d15d3adaa98c8e478abcb4313669054ca160d65505b,184,0.39449826995652026,SAME_REGION_TYPE,true,0.9,0.9500000000000001,1.0,50,8,4.418698435316726,0.04134338732988391,0.9353224403952982,0.9230769230769231,9.813775935508032E7,fc29c139bdb3fa4f8707bf0a736e3dbac62ca71a5c521dec4c606d094270d89e,618b0e0855c490e34a9b83af17c5b49730b06656d1e720d329812f78156d58d8
DISTRICT,JEONBUK,장수군,LOCAL_SPECIALTY,GREEN,4,95,1.0,NATIONWIDE_TYPE_VENUE,50,1,1.0,1.0,0.8288580480708844,0.795,3.6812310525393385E8,6f559ff7303a8c2962ebc48f630fcff4006b749cc57f1e138c456575624dd657,58bded7ff6cc2eb6a27af0850969d0b8805fea72d4749759843483f111f056ce,105,0.8622481203561032,GLOBAL_SIMILARITY,true,0.95,1.0,1.0,50,8,1.7838416083480424,0.7403449938702092,0.8753032039444688,0.795,3.918796497695824E8,d7d21d4a8d0674df7f8b6a5f22835fd6920a2d3205176f6cfbaa37bc83d89e72,e175c51cbfac954c208e18b47478f369915de4bff243b08672f5b16ddba814c8
DISTRICT,JEONBUK,장수군,NATURE_ECOLOGY,GREEN,3,88,1.0,NATIONWIDE_TYPE_VENUE,50,1,1.0,1.0,0.8230901628603613,0.7875000000000001,1.2855720278347208E8,dc459aca48974424d1e63cba2ca3e5c0d723e32a3a4724a75d28d13eea8c5f69,e43b1b49e93e0076e7544d15d3adaa98c8e478abcb4313669054ca160d65505b,93,0.9153681481380451,GLOBAL_SIMILARITY,true,0.95,1.0,1.0,50,4,1.3425084159710254,0.8588986153017036,0.8511666996890521,0.7875000000000001,1.1388069922593002E8,4010d2c9d91c7b2d606cca17f3b58f46f971fa81efe0eb0ec6fdbfd267263d38,1fedf997e39790e66ba6918f609be68d791235879d16e76351b7b85957e27b2c
DISTRICT,JEONBUK,장수군,NATURE_ECOLOGY,WATERFRONT,2,70,1.0,NATIONWIDE_TYPE_VENUE,50,1,1.0,1.0,0.8212346761180693,0.75,8.812536603864568E7,0a635fe7c95464734d67fcf3eb34fbe1decb151168419235fa06b370eaf0e0c0,bca7cbbe19f32677c6dec84d8b8782c0951a01704d7849153cbda87f82a7c1c7,169,0.337414633490055,SAME_REGION_TYPE,true,0.9,0.9500000000000001,1.0,50,9,5.586462933368443,0.0617917834622146,0.9369901277548838,0.9230769230769231,5.480002769885768E7,04b85d5461e24a793e180f04310f985b81438379552c4091ea739ade763430c8,a8ba97c6643a41327ee934710db8bdaac583d63d5848e5cde621ec70953eee4d
DISTRICT,JEONBUK,장수군,LOCAL_SPECIALTY,INDEPENDENT,2,37,1.0,NATIONWIDE_TYPE_VENUE,37,1,1.0,1.0,0.8205474582295624,0.6895161290322581,1.0828120884695849E8,f48a1845e91ccd6df2e6cbb8eff45c61703b96b9de9c78eebb998bf15f66a0a2,f48a1845e91ccd6df2e6cbb8eff45c61703b96b9de9c78eebb998bf15f66a0a2,150,0.2002443062506813,SAME_REGION_TYPE,true,0.9,0.9500000000000001,1.0,50,9,7.2618521789262385,0.04067053209920851,0.9430298223621255,0.9230769230769231,8.607760982857235E7,3a687d3df25374a4db09b69035f32b833f5c5f00c292015ab046010464afd63c,989606bbbf4886941c42b2da1b9d75bb8ebe83b03dd77957f8ca8fefef0e9cd1
DISTRICT,JEONBUK,임실군,NATURE_ECOLOGY,WATERFRONT,2,70,1.0,NATIONWIDE_TYPE_VENUE,50,1,1.0,1.0,0.8231055468493668,0.75,8.833622309276913E7,0a635fe7c95464734d67fcf3eb34fbe1decb151168419235fa06b370eaf0e0c0,bca7cbbe19f32677c6dec84d8b8782c0951a01704d7849153cbda87f82a7c1c7,72,0.9561355944589022,GLOBAL_SIMILARITY,true,0.95,1.0,1.0,50,3,1.1255611172027788,0.9416711916063917,0.8356146146299789,0.765,8.240216705968933E7,9383ecad9fa4d86b0b49fb4a2786557d6573b24aba744c45cc912936375e08f8,0705cb22fc761bfe2bd4483835ff592defb0ae0c9e12165ff8f53a20fdead9d0
DISTRICT,JEONBUK,임실군,CULTURE_ART,INDEPENDENT,3,76,1.0,NATIONWIDE_TYPE_VENUE,50,1,1.0,1.0,0.8253847442026659,0.7875000000000001,3.1738687158186835E8,8d3227fce5057e121afb1463f7003206e6d03aae5ceffb834860623ae7d9b164,22c3f44c7c36e997ace5e85ffc3b6084471ffdfee3e12103b848a92bbe77c14d,90,0.7754450894459867,GLOBAL_SIMILARITY,true,0.95,1.0,1.0,50,8,2.2939482506035564,0.6410538054118919,0.8964954731210019,0.7875000000000001,2.599186364545674E8,add73d4c2103ecb062cdf30f5a6e5de98f6e801f7c773a27eebb124c014156a9,98b34a523ab20c50653a3ebd591af3abdc18432c170d7fbd5b656a5252a1d8e7
DISTRICT,JEONBUK,임실군,COMMUNITY,GREEN,4,41,1.0,NATIONWIDE_TYPE_VENUE,41,1,1.0,1.0,0.7955824674739126,0.6947368421052632,1.681344726514803E8,2e791c1fbe39f5acd2e443473c32520423f6131ee59cef2b016af5dfdade83f7,2e791c1fbe39f5acd2e443473c32520423f6131ee59cef2b016af5dfdade83f7,50,0.7393640818822615,GLOBAL_SIMILARITY,true,0.95,1.0,1.0,50,5,1.766945793206122,0.739364081882261,0.8488610187432121,0.6947368421052632,1.713604130013058E8,e59a73230df7464b96b95afac64431100037489016692d20551b118c3d3f3dbb,e59a73230df7464b96b95afac64431100037489016692d20551b118c3d3f3dbb
DISTRICT,JEONBUK,임실군,CULTURE_ART,GREEN,4,158,1.0,NATIONWIDE_TYPE_VENUE,50,1,1.0,1.0,0.8225895313411022,0.795,4.1038753523120284E8,4214f3c3954d05a920f970ebc6a910e54d165aa212212417de62ae5be5a531b0,a05d7f8c335af574e882c36c9982eac6f131446b5cdd94b82fcfd6025a9782e2,172,0.8737489250618191,GLOBAL_SIMILARITY,true,0.95,1.0,1.0,50,8,2.306083805713645,0.6388907480932261,0.8920833207060495,0.795,2.5770032784314162E8,f9c13b7c00ff7d3027d3081a612c4fc1574a6376b430087cb05813a8b1db9ede,6a5f86357f9847d8d3838c929fe5fcc2d18b18104e43ac670e8713044ede71cb
DISTRICT,JEONBUK,임실군,LOCAL_SPECIALTY,GREEN,4,95,1.0,NATIONWIDE_TYPE_VENUE,50,1,1.0,1.0,0.828706637482514,0.795,3.6807900405284745E8,6f559ff7303a8c2962ebc48f630fcff4006b749cc57f1e138c456575624dd657,58bded7ff6cc2eb6a27af0850969d0b8805fea72d4749759843483f111f056ce,113,0.7817739214869811,GLOBAL_SIMILARITY,true,0.925,0.9750000000000001,1.0,50,8,2.79367603589573,0.5714761336106534,0.8998171260610138,0.795,4.092812522319119E8,379ae942d78bc09589abc61ee17bf1d51ca96dc57880f0ac96516f14d6408f10,a037b8542090fce475c4408a3f2bd70ce03730eb6647a6cca6db71dfce940050
DISTRICT,JEONBUK,임실군,CULTURE_ART,INDEPENDENT,2,76,1.0,NATIONWIDE_TYPE_VENUE,50,1,1.0,1.0,0.8239789489401436,0.775,2.2700621593437713E8,8d3227fce5057e121afb1463f7003206e6d03aae5ceffb834860623ae7d9b164,be48329f206b4a57b43a816ad3dfbe52ddf91c40dc05efef51976898c51f45fb,165,0.37995602688273555,SAME_REGION_TYPE,true,0.9125000000000001,0.9625000000000001,1.0,50,9,5.166501876902043,0.040712522657527866,0.9495565390253978,0.9230769230769231,1.73377548265251E8,b68cfe5fa568ccb2d9bed45c7c260873cf02e673ea899857ce967f421e107c94,8cc6c5c8d030d640671063b41f2f3652efd4553eabe8782aef691cde23327542
DISTRICT,JEONBUK,임실군,COMMUNITY,GREEN,3,41,1.0,NATIONWIDE_TYPE_VENUE,41,1,1.0,1.0,0.8101170868953775,0.6907894736842106,1.4904123346154243E8,2e791c1fbe39f5acd2e443473c32520423f6131ee59cef2b016af5dfdade83f7,2e791c1fbe39f5acd2e443473c32520423f6131ee59cef2b016af5dfdade83f7,76,0.45893445584330517,SAME_REGION_TYPE,true,0.92,0.9700000000000001,1.0,50,9,5.215397084686166,0.25969875284907906,0.924113199058998,0.7941176470588235,1.0492772332988448E8,ec2fc8c76debe1d064fd5c1bbd34c78ede4fa97e3ca0e0c019a17ab4bf6870e2,08fa62f0eaeb3da5634684a924a6652487135c86daaa938d0fcfcf86369babb6
DISTRICT,JEONBUK,순창군,NATURE_ECOLOGY,WATERFRONT,3,70,1.0,NATIONWIDE_TYPE_VENUE,50,1,1.0,1.0,0.8247105225665265,0.775,1.1060486181841996E8,0a635fe7c95464734d67fcf3eb34fbe1decb151168419235fa06b370eaf0e0c0,d3fa94b8a515e123fca5c772bc892a3e46918ebe0c4e228206189c3406c711e0,78,0.8476219731812433,GLOBAL_SIMILARITY,true,0.95,1.0,1.0,50,6,1.5976609135135045,0.7836254079867186,0.8670811543518508,0.7875000000000001,8.785734005354455E7,d4ca3cf5f17a4fa007468389eed5218050a15031c84037e6565e8ca5ad230622,72acf96a3784336f9f79cc161c7468959ffe7e64123eaf34b42e999e42ee6d6f
DISTRICT,JEONBUK,순창군,NATURE_ECOLOGY,OTHER,2,28,1.0,NATIONWIDE_TYPE_VENUE,28,1,1.0,1.0,0.802116242934105,0.6930000000000001,8.360723646602477E7,bac84c25c579cb164a23d21f107620de9d5a19ddb2360cb94e2daef2a6ba747b,bac84c25c579cb164a23d21f107620de9d5a19ddb2360cb94e2daef2a6ba747b,36,0.6876943215288728,GLOBAL_SIMILARITY,true,0.95,1.0,1.0,36,6,2.0108295676991186,0.6876943215288728,0.8639164639429848,0.6930000000000001,6.4408645082701474E7,278e2a5c768a6fdeaed4b46f48c5cc62ef09a0b0ae69eea957e5dc0220d0915a,278e2a5c768a6fdeaed4b46f48c5cc62ef09a0b0ae69eea957e5dc0220d0915a
DISTRICT,JEONBUK,순창군,LOCAL_SPECIALTY,INDEPENDENT,3,37,1.0,NATIONWIDE_TYPE_VENUE,37,1,1.0,1.0,0.8253351911007374,0.6943548387096775,1.3547616459918267E8,f48a1845e91ccd6df2e6cbb8eff45c61703b96b9de9c78eebb998bf15f66a0a2,f48a1845e91ccd6df2e6cbb8eff45c61703b96b9de9c78eebb998bf15f66a0a2,178,0.1689342167127302,SAME_REGION_TYPE,true,0.9,0.9500000000000001,1.0,50,9,6.358557251390506,0.05993576644152386,0.9515406816756333,0.9230769230769231,1.6521649371351126E8,e4ee5729771c018540e7300b9a2310ccdba807f1d11119ae706cfb1b3f7ca3b4,c389d079c8cc1a9e48adda2247d7a8383806229aaf8d5e9b63261197949052fb
DISTRICT,JEONBUK,순창군,TRADITION_HISTORY,OTHER,2,22,1.0,NATIONWIDE_TYPE_VENUE,22,1,1.0,1.0,0.8024709368765546,0.7159090909090909,1.8606874065718734E8,3d535e023c473017fdda8ada497fd3aeb9dbae27b046a7bdeb89e40249781229,3d535e023c473017fdda8ada497fd3aeb9dbae27b046a7bdeb89e40249781229,23,0.9331698467399883,GLOBAL_SIMILARITY,true,0.95,1.0,1.0,23,2,1.1425016847957739,0.9331698467399883,0.8156718344384011,0.7159090909090909,1.7151397061642137E8,4dc54c743bc664d451e6862ad904ac60015d190b78d156fa25b5232185fbbf68,4dc54c743bc664d451e6862ad904ac60015d190b78d156fa25b5232185fbbf68
DISTRICT,JEONBUK,순창군,LOCAL_SPECIALTY,INDEPENDENT,2,37,1.0,NATIONWIDE_TYPE_VENUE,37,1,1.0,1.0,0.8205474582295624,0.6895161290322581,1.0828120884695849E8,f48a1845e91ccd6df2e6cbb8eff45c61703b96b9de9c78eebb998bf15f66a0a2,f48a1845e91ccd6df2e6cbb8eff45c61703b96b9de9c78eebb998bf15f66a0a2,151,0.1990086792654166,SAME_REGION_TYPE,true,0.9,0.9500000000000001,1.0,50,9,6.774636316088235,0.04075460395712012,0.9419505763005388,0.9230769230769231,8.832908067198901E7,8553284324055eb72007c1f14f5b2a860d78ac518db9dc5a7573994c037a511e,ed673d9f9d7aade5480e863a742f61d933809255b28e464611b1623b0e0c5c08
DISTRICT,JEONBUK,순창군,CULTURE_ART,INDEPENDENT,2,76,1.0,NATIONWIDE_TYPE_VENUE,50,1,1.0,1.0,0.8223523225791582,0.775,2.2729479462693375E8,8d3227fce5057e121afb1463f7003206e6d03aae5ceffb834860623ae7d9b164,be48329f206b4a57b43a816ad3dfbe52ddf91c40dc05efef51976898c51f45fb,164,0.388235728341179,SAME_REGION_TYPE,true,0.9,0.9500000000000001,1.0,50,7,3.764279911805802,0.021052675167357007,0.9260093761299126,0.9230769230769231,2.094562706606923E8,815a22ff111ebc550ff38a2680002eab5e8bbb9e40fb17855098989db898e825,33c9a711b254eff6df1f3ed58d61cc9d83b369986fb666f17b23b27cee95e3f7
DISTRICT,JEONBUK,고창군,CULTURE_ART,OTHER,3,70,1.0,NATIONWIDE_TYPE_VENUE,50,1,1.0,1.0,0.814976035068485,0.7875000000000001,2.0624815886130738E8,e2894551a9aade3371c9d134fd015763aa296c0fb24e8191f8fdd46932c4cd77,fcd28abf50924f00001332a796c1116e47df0d1da958be54411144ff54b2b8a7,166,0.3497548121750993,SAME_REGION_TYPE,true,0.9,0.9500000000000001,1.0,50,8,3.9415291542699067,0.02102635070389326,0.926596382420135,0.9230769230769231,2.4777675854339254E8,5397c478b3edf6858051820869956ee74c8afc6eb04f61479d67a20736e0f3f8,e8468cc86d56f34287e59355447446e7f58d66dd15b61572d5622f743df9ce55
DISTRICT,JEONBUK,고창군,NATURE_ECOLOGY,INDEPENDENT,23,177,0.1787451436886288,SAME_REGION_TYPE,50,8,4.532481971414326,0.08940348931612789,0.9477880923965359,0.9230769230769231,1.0617574861534482E8,70fcb7536b269c8b778650a3408a24f3bc728e24c6992f452c13dff391eb43cf,5b79b1258b54235ae648ede53b289199955c74e1e20b248385fb6458076385d0,177,0.1787451436886288,SAME_REGION_TYPE,false,-Infinity,NaN,NaN,50,8,4.532481971414326,0.08940348931612789,0.9477880923965359,0.9230769230769231,1.0617574861534482E8,70fcb7536b269c8b778650a3408a24f3bc728e24c6992f452c13dff391eb43cf,5b79b1258b54235ae648ede53b289199955c74e1e20b248385fb6458076385d0
DISTRICT,JEONBUK,고창군,NATURE_ECOLOGY,VILLAGE,3,169,0.1790366948763089,SAME_REGION_TYPE,50,9,5.175619197766024,0.020218363395082064,0.9465387252242684,0.9230769230769231,1.0111530094817501E8,c140fd5e998b007de76b05c50ed416e8906e61610322f6913d2037537189ed07,218320100f127387edd36f650f057daf4f83d36f5d7b53a48d6ba9c86571a024,169,0.1790366948763089,SAME_REGION_TYPE,false,-Infinity,NaN,NaN,50,9,5.175619197766024,0.020218363395082064,0.9465387252242684,0.9230769230769231,1.0111530094817501E8,c140fd5e998b007de76b05c50ed416e8906e61610322f6913d2037537189ed07,218320100f127387edd36f650f057daf4f83d36f5d7b53a48d6ba9c86571a024
DISTRICT,JEONBUK,고창군,NATURE_ECOLOGY,OTHER,3,28,1.0,NATIONWIDE_TYPE_VENUE,28,1,1.0,1.0,0.7960925248065673,0.6990000000000001,9.5432592343838E7,bac84c25c579cb164a23d21f107620de9d5a19ddb2360cb94e2daef2a6ba747b,bac84c25c579cb164a23d21f107620de9d5a19ddb2360cb94e2daef2a6ba747b,138,0.2100873304455291,SAME_REGION_TYPE,true,0.8625,0.9125000000000001,1.0,50,8,4.813764794984176,0.08971182605659911,0.9460203047623813,0.9230769230769231,1.0474694594001058E8,b6e86fe32f0136bfd2f0554b647a6cbe0714a701761f1664686239b5f39797b3,4cfabb4c57c3324389e44ad68bab819de5c9fa51f39c49cf32719e82e87bc925
DISTRICT,JEONBUK,고창군,LOCAL_SPECIALTY,GREEN,3,95,1.0,NATIONWIDE_TYPE_VENUE,50,1,1.0,1.0,0.8418679459847942,0.795,2.873146083199792E8,6f559ff7303a8c2962ebc48f630fcff4006b749cc57f1e138c456575624dd657,15cc4c0ef176c5b63325257f5d82af07fc030b277d838200860b26b81d0f22b3,115,0.7607873781482937,GLOBAL_SIMILARITY,true,0.95,1.0,1.0,50,9,3.2333749370408436,0.5296150486853511,0.9214560162503825,0.8250000000000001,1.7031149708879325E8,85ba945631199780da611883dc8424916c3aae9b352c771673fe124b314eccf0,672e5fa7dcd3923f296c1da60f34d73111e19ff0f62137fb9decd35ae93b6063
DISTRICT,JEONBUK,고창군,TRADITION_HISTORY,INDEPENDENT,5,38,1.0,NATIONWIDE_TYPE_VENUE,38,1,1.0,1.0,0.7832350576584862,0.7250000000000001,3.66784511608145E8,8674a18a77fd59101747b5bfbca30d4351075de073f6e1726ea05249ad86bedb,8674a18a77fd59101747b5bfbca30d4351075de073f6e1726ea05249ad86bedb,46,0.7420668685917517,GLOBAL_SIMILARITY,true,0.95,1.0,1.0,46,9,1.7889746120916208,0.7420668685917517,0.8391459180161612,0.7250000000000001,4.624622931128798E8,e73ff0942a73105629b9c83d99d5446ad6d7206f5d462f452868a5f975111743,e73ff0942a73105629b9c83d99d5446ad6d7206f5d462f452868a5f975111743
DISTRICT,JEONBUK,부안군,NATURE_ECOLOGY,OTHER,2,28,1.0,NATIONWIDE_TYPE_VENUE,28,1,1.0,1.0,0.802116242934105,0.6930000000000001,8.34516800797203E7,bac84c25c579cb164a23d21f107620de9d5a19ddb2360cb94e2daef2a6ba747b,bac84c25c579cb164a23d21f107620de9d5a19ddb2360cb94e2daef2a6ba747b,44,0.5240351640709625,GLOBAL_SIMILARITY,true,0.95,1.0,1.0,44,8,3.101744986263891,0.5240351640709626,0.8963019528989952,0.6930000000000001,8.789222658204009E7,e7d9ed626a925d0ca05a4b026addf2520abeebd2714270589cff212f97319a7c,e7d9ed626a925d0ca05a4b026addf2520abeebd2714270589cff212f97319a7c
DISTRICT,JEONBUK,부안군,CULTURE_ART,INDEPENDENT,4,76,1.0,NATIONWIDE_TYPE_VENUE,50,1,1.0,1.0,0.8156982770524612,0.765,4.1117243959097123E8,8d3227fce5057e121afb1463f7003206e6d03aae5ceffb834860623ae7d9b164,c4192e7b7eb707dfa328b76533b9faeb76dee778c56e77e768c62ad4d10d113d,87,0.8137437643363611,GLOBAL_SIMILARITY,true,0.95,1.0,1.0,50,8,1.9279365593152435,0.7087519400263503,0.8760243523292403,0.7821428571428571,4.333688285030425E8,80936e72f28228e4b4f45ad5c02e7fb6459bf4a86dfc791b02d44425ce761a59,6b3ae8139ef0d76147597affc949ba2cb5080e55769553c75a5ee05fb858f52e
DISTRICT,JEONBUK,부안군,NATURE_ECOLOGY,WATERFRONT,3,70,1.0,NATIONWIDE_TYPE_VENUE,50,1,1.0,1.0,0.8247105225665265,0.775,1.1140040720988916E8,0a635fe7c95464734d67fcf3eb34fbe1decb151168419235fa06b370eaf0e0c0,d3fa94b8a515e123fca5c772bc892a3e46918ebe0c4e228206189c3406c711e0,86,0.7378003886825214,GLOBAL_SIMILARITY,true,0.95,1.0,1.0,50,8,2.517036621476754,0.6023341924771787,0.8999935723636805,0.7875000000000001,1.1122874712652753E8,832086e163a06562ae06797fc5e6cb266849913c015fd284e51151f860d48d62,7eba64067f70282e7a6ed6de09706494dd9c22d19f888b0e1969c551dc35c86f
DISTRICT,JEONBUK,부안군,NATURE_ECOLOGY,WATERFRONT,2,70,1.0,NATIONWIDE_TYPE_VENUE,50,1,1.0,1.0,0.8247369601731739,0.75,8.797687918961695E7,0a635fe7c95464734d67fcf3eb34fbe1decb151168419235fa06b370eaf0e0c0,bca7cbbe19f32677c6dec84d8b8782c0951a01704d7849153cbda87f82a7c1c7,86,0.7319430352598731,GLOBAL_SIMILARITY,true,0.95,1.0,1.0,50,8,2.5477880306105423,0.5987835523382378,0.9066235917016486,0.7875000000000001,7.522176083241041E7,832086e163a06562ae06797fc5e6cb266849913c015fd284e51151f860d48d62,b48c00a6a05ad022214afd59fcb5cd67c455b5910c57b1667110f20f9d3f4061
DISTRICT,JEONBUK,부안군,NATURE_ECOLOGY,GREEN,3,88,1.0,NATIONWIDE_TYPE_VENUE,50,1,1.0,1.0,0.8214544474744717,0.7875000000000001,1.281568004710008E8,dc459aca48974424d1e63cba2ca3e5c0d723e32a3a4724a75d28d13eea8c5f69,e43b1b49e93e0076e7544d15d3adaa98c8e478abcb4313669054ca160d65505b,104,0.7754393500391839,GLOBAL_SIMILARITY,true,0.95,1.0,1.0,50,8,2.529083848708334,0.6004950087783296,0.8968459188068354,0.7941176470588235,1.2868671198885365E8,fbc15fa07a4f300069db032551bb50eb3bfa9338801f5b8ff4c42756a1438582,d801fdeb6ead46e662e7b8f4b01caeb9362e7752d9aad9e144f7df98d5b726a4
DISTRICT,JEONBUK,부안군,LOCAL_SPECIALTY,WATERFRONT,3,71,1.0,NATIONWIDE_TYPE_VENUE,50,1,1.0,1.0,0.818746811629208,0.7875000000000001,1.5484643959269795E8,423ef67fb8d8ce3b4c72bcaeeff7f273fce5f5c7748615ef99cbb399498ea8e6,5510eef625728b00cb41ace0cf5ce5b06113c80a56ecd14cbaf64a0b606dbbc1,94,0.6655084892650416,GLOBAL_SIMILARITY,true,0.95,1.0,1.0,50,9,3.964681876915041,0.45473290800696514,0.9231799755893869,0.795,9.460336376795489E7,bb263b9100397f433373eba38e59bd0238485d1c046540c05a19c241a1381bed,f5b96d7a3c0ea2354c0f09a26ccccf0fa16eefe39f3ba46b49782c3eff9ff7e7
DISTRICT,JEONBUK,부안군,CULTURE_ART,WATERFRONT,3,90,1.0,NATIONWIDE_TYPE_VENUE,50,1,1.0,1.0,0.82283227325732,0.7875000000000001,2.955603075396723E8,c348e29400ebe021db666e856fec31595170b0090866fe06d013a15bb05b35e1,dfa7650f61eb4d5385ab57bba0d4231d057f8a416b77b7296c60e7e8752fd38a,102,0.8245784712287824,GLOBAL_SIMILARITY,true,0.95,1.0,1.0,50,8,2.0342238271380717,0.6884127609939098,0.8829223265697974,0.7941176470588235,3.600446877823541E8,77ff1634bf1f2966ef51a793d8a51c4f6096bdee112f126442c6e08c1fbf060e,26e066242db14983d2fd34f47fb1cbdc7c970276c1485433ce035b8fea7f97eb
DISTRICT,JEONBUK,부안군,LOCAL_SPECIALTY,VILLAGE,2,23,1.0,NATIONWIDE_TYPE_VENUE,23,1,1.0,1.0,0.8313936845759271,0.7159090909090909,1.1965341703707416E8,3fbec895063fe63197622dd9e2f7c6edb414b8212fdbf14439a971c269a81dc0,3fbec895063fe63197622dd9e2f7c6edb414b8212fdbf14439a971c269a81dc0,46,0.411065291414505,SAME_REGION_TYPE,true,0.95,1.0,1.0,46,9,4.485340248131993,0.411065291414505,0.9228403204015705,0.7159090909090909,7.149447410856867E7,6155169a71d6c95bdbd2ec334699fb3a9df43381e3f74e0ace01ef407255f7b2,6155169a71d6c95bdbd2ec334699fb3a9df43381e3f74e0ace01ef407255f7b2
DISTRICT,JEONNAM,강진군,TRADITION_HISTORY,INDEPENDENT,10,38,1.0,NATIONWIDE_TYPE_VENUE,38,1,1.0,1.0,0.754177270735733,0.7022727272727273,3.748063217184332E8,8674a18a77fd59101747b5bfbca30d4351075de073f6e1726ea05249ad86bedb,8674a18a77fd59101747b5bfbca30d4351075de073f6e1726ea05249ad86bedb,83,0.3511383123697768,SAME_REGION_TYPE,true,0.8911764705882352,0.9411764705882353,1.0,50,6,4.056534113130678,0.08490147369964873,0.9301058125846776,0.7941176470588235,3.5234799367844087E8,02f9639712505b508f41ce14cb275cc7d793a4d0e6c70820b9bdbc666ce5287f,f2a62e4969a5ac0815392c28ce6fd204351ddc3b3c01bab3c1ca80cdaac51b34
DISTRICT,JEONNAM,강진군,TRADITION_HISTORY,INDEPENDENT,3,38,1.0,NATIONWIDE_TYPE_VENUE,38,1,1.0,1.0,0.8062120694686314,0.7083333333333334,3.0192979299848586E8,8674a18a77fd59101747b5bfbca30d4351075de073f6e1726ea05249ad86bedb,8674a18a77fd59101747b5bfbca30d4351075de073f6e1726ea05249ad86bedb,47,0.7303884759619454,GLOBAL_SIMILARITY,true,0.95,1.0,1.0,47,7,1.8283925389169784,0.7303884759619454,0.8584595287593744,0.7083333333333334,2.9556992205946267E8,45425d6b6c5a132020317bdd0686e84c9b656ee604af6d2d0e89750a94b43a8a,45425d6b6c5a132020317bdd0686e84c9b656ee604af6d2d0e89750a94b43a8a
DISTRICT,JEONNAM,강진군,NATURE_ECOLOGY,GREEN,3,24,1.0,SAME_REGION_TYPE_VENUE,24,1,1.0,1.0,0.8962000965924283,0.8133333333333334,1.102712221025069E8,2776e62582e59c8ef3457e8c5ea75263f1a7a3ea4fa2bc0c6b6cfb08181a7ee5,2776e62582e59c8ef3457e8c5ea75263f1a7a3ea4fa2bc0c6b6cfb08181a7ee5,42,0.5205439118382881,GLOBAL_SIMILARITY,true,0.95,1.0,1.0,42,9,3.2288713908936266,0.520543911838288,0.9413362786205914,0.8133333333333334,1.0419250980864474E8,5ef10887daba3bd5fff028796ee6dca0a07e8e08066b5ce5fb520ba03ffd306e,5ef10887daba3bd5fff028796ee6dca0a07e8e08066b5ce5fb520ba03ffd306e
DISTRICT,JEONNAM,강진군,COMMUNITY,WATERFRONT,3,29,1.0,NATIONWIDE_TYPE_VENUE,29,1,1.0,1.0,0.8118415636458629,0.7035714285714286,1.6708396332826784E8,d79174673ff7f3466f21cd9adef13feaf0fb2e943028627027b036405e0d7d39,d79174673ff7f3466f21cd9adef13feaf0fb2e943028627027b036405e0d7d39,30,0.9495918587102977,GLOBAL_SIMILARITY,true,0.95,1.0,1.0,30,2,1.1058696834385544,0.9495918587102976,0.8213262806904517,0.7035714285714286,1.5722538923836917E8,b71bcb527f267b1f80cfe42ee8c241c16d6043ddc03d3724a5511bec4587d3a2,b71bcb527f267b1f80cfe42ee8c241c16d6043ddc03d3724a5511bec4587d3a2
DISTRICT,JEONNAM,강진군,NATURE_ECOLOGY,GREEN,9,24,1.0,SAME_REGION_TYPE_VENUE,24,1,1.0,1.0,0.9034332634348179,0.8300000000000001,1.4233476123385605E8,2776e62582e59c8ef3457e8c5ea75263f1a7a3ea4fa2bc0c6b6cfb08181a7ee5,2776e62582e59c8ef3457e8c5ea75263f1a7a3ea4fa2bc0c6b6cfb08181a7ee5,38,0.5816156924350064,GLOBAL_SIMILARITY,true,0.95,1.0,1.0,38,7,2.6480045614973893,0.5816156924350063,0.9433419008047352,0.8300000000000001,1.473347780456686E8,617919a2c576deaed73ae4d27b751751f97220db0182a58983a139b59cb8f5ca,617919a2c576deaed73ae4d27b751751f97220db0182a58983a139b59cb8f5ca
DISTRICT,JEONNAM,고흥군,COMMUNITY,INDEPENDENT,4,21,1.0,NATIONWIDE_TYPE_VENUE,21,1,1.0,1.0,0.8147620602005899,0.735,1.7668000353390285E8,eedf7791ca3d1393402cd8cd68579a82dd4c14bb23bf3bca6d0ba4c78b4feceb,eedf7791ca3d1393402cd8cd68579a82dd4c14bb23bf3bca6d0ba4c78b4feceb,21,1.0,GLOBAL_SIMILARITY,true,0.95,1.0,1.0,21,1,1.0,1.0,0.8147620602005899,0.735,1.7668000353390285E8,eedf7791ca3d1393402cd8cd68579a82dd4c14bb23bf3bca6d0ba4c78b4feceb,eedf7791ca3d1393402cd8cd68579a82dd4c14bb23bf3bca6d0ba4c78b4feceb
DISTRICT,JEONNAM,고흥군,LOCAL_SPECIALTY,VILLAGE,3,23,1.0,NATIONWIDE_TYPE_VENUE,23,1,1.0,1.0,0.8159112876801914,0.7295454545454546,1.5728634887856737E8,3fbec895063fe63197622dd9e2f7c6edb414b8212fdbf14439a971c269a81dc0,3fbec895063fe63197622dd9e2f7c6edb414b8212fdbf14439a971c269a81dc0,222,0.16232476543560756,SAME_REGION_TYPE,true,0.8625,0.9125000000000001,1.0,50,8,5.662980938876049,0.022275973643868525,0.948233346289582,0.9375000000000001,1.2459221269232029E8,c0c026750db76bbef0c377ee05023a207357bdd74ff98ec97c013c254e4f7b45,0fd1fd119c18fba85b76ebf995b0f1bf111d2db7227a49ae9199a6a902450abd
DISTRICT,JEONNAM,곡성군,CULTURE_ART,VILLAGE,10,39,1.0,NATIONWIDE_TYPE_VENUE,39,1,1.0,1.0,0.7726476888562601,0.6996268656716418,2.2254519447684938E8,35666bd283d687af38fec7347887732ca0983e78f887177a0dbce730a02f799c,35666bd283d687af38fec7347887732ca0983e78f887177a0dbce730a02f799c,44,0.818520789579711,GLOBAL_SIMILARITY,true,0.95,1.0,1.0,44,6,1.478058465070387,0.8185207895797104,0.8139074067698535,0.6996268656716418,2.4556339762641135E8,1d14595fa6db12c6712ee6a0bdc6ba884f9e8b7ffdcb3355d460a057f5370ccd,1d14595fa6db12c6712ee6a0bdc6ba884f9e8b7ffdcb3355d460a057f5370ccd
DISTRICT,JEONNAM,곡성군,CULTURE_ART,VILLAGE,4,39,1.0,NATIONWIDE_TYPE_VENUE,39,1,1.0,1.0,0.7979836772776835,0.6861940298507463,1.9250163434295332E8,35666bd283d687af38fec7347887732ca0983e78f887177a0dbce730a02f799c,35666bd283d687af38fec7347887732ca0983e78f887177a0dbce730a02f799c,58,0.5826977381398543,GLOBAL_SIMILARITY,true,0.925,0.9750000000000001,1.0,50,8,3.0474480988713406,0.536242867960582,0.8804415451183011,0.765,2.1942001342469913E8,b00dd61dd431a913229675950298258dece7599cd62ea70d52a87f909f1c14fa,0a79278c292f7c03cddfe32552dd47053b062b737900ec86b0fab724f2d6a379
DISTRICT,JEONNAM,광양시,NATURE_ECOLOGY,VILLAGE,10,405,0.141830429507344,SAME_REGION_TYPE,50,9,4.706304140324324,0.022330874618727688,0.9479530643033691,0.9230769230769231,1.6612961486178735E8,55ac296673fef81051c9b989325207332b5e525841a7f883ba2af9155a8c7d0f,21afaf87845b7e899ab5da8c05e7c95318006589a7dd2c13eb5a09a94fd429b0,405,0.141830429507344,SAME_REGION_TYPE,false,-Infinity,NaN,NaN,50,9,4.706304140324324,0.022330874618727688,0.9479530643033691,0.9230769230769231,1.6612961486178735E8,55ac296673fef81051c9b989325207332b5e525841a7f883ba2af9155a8c7d0f,21afaf87845b7e899ab5da8c05e7c95318006589a7dd2c13eb5a09a94fd429b0
DISTRICT,JEONNAM,광양시,NATURE_ECOLOGY,GREEN,2,24,1.0,SAME_REGION_TYPE_VENUE,24,1,1.0,1.0,0.8967943438331114,0.81,9.597900724908215E7,2776e62582e59c8ef3457e8c5ea75263f1a7a3ea4fa2bc0c6b6cfb08181a7ee5,2776e62582e59c8ef3457e8c5ea75263f1a7a3ea4fa2bc0c6b6cfb08181a7ee5,37,0.5998629660724824,GLOBAL_SIMILARITY,true,0.95,1.0,1.0,37,8,2.5785856256921957,0.5998629660724825,0.9340737515827284,0.81,8.209221999090602E7,352ccbfd8dc140b12c8a2ed57a23e232b976b59deb0b403569b17b9d3505e741,352ccbfd8dc140b12c8a2ed57a23e232b976b59deb0b403569b17b9d3505e741
DISTRICT,JEONNAM,광양시,LOCAL_SPECIALTY,WATERFRONT,3,71,1.0,NATIONWIDE_TYPE_VENUE,50,1,1.0,1.0,0.8429146228306156,0.7875000000000001,1.4243457148042798E8,423ef67fb8d8ce3b4c72bcaeeff7f273fce5f5c7748615ef99cbb399498ea8e6,ae62433c823591c4766165e311a5607be120770721aac815827496200e308db7,85,0.7736173202794886,GLOBAL_SIMILARITY,true,0.95,1.0,1.0,50,8,2.229260587169711,0.6570965531158319,0.9045311830854134,0.7941176470588235,1.2193765419269133E8,240587260b759c6a77fa0c08b1af5cf5024a6c7d6b48aa93c9c595740119f6cf,97040949888525882746ed55925301d9e069b8bde827e3c1d83773e41c7786d5
DISTRICT,JEONNAM,광양시,CULTURE_ART,UNDECIDED,2,233,0.17341505952373817,SAME_REGION_TYPE,50,8,5.40674818740441,0.022842446087911607,0.9362484501074254,0.9230769230769231,1.5928613188173687E8,26d0aa26e3f3da5233c4c8fa8534c705b55f734f1fee0399dd82ba71a2a573b2,e8429fbd013a25539b77eef28de01aeb2c14ce9e863ce21ef3fcf7e9ca33b5a4,233,0.17341505952373817,SAME_REGION_TYPE,false,-Infinity,NaN,NaN,50,8,5.40674818740441,0.022842446087911607,0.9362484501074254,0.9230769230769231,1.5928613188173687E8,26d0aa26e3f3da5233c4c8fa8534c705b55f734f1fee0399dd82ba71a2a573b2,e8429fbd013a25539b77eef28de01aeb2c14ce9e863ce21ef3fcf7e9ca33b5a4
DISTRICT,JEONNAM,구례군,NATURE_ECOLOGY,OTHER,9,28,1.0,NATIONWIDE_TYPE_VENUE,28,1,1.0,1.0,0.8057097919192819,0.7200000000000001,1.1857257701227339E8,bac84c25c579cb164a23d21f107620de9d5a19ddb2360cb94e2daef2a6ba747b,bac84c25c579cb164a23d21f107620de9d5a19ddb2360cb94e2daef2a6ba747b,45,0.5112128022396091,GLOBAL_SIMILARITY,true,0.95,1.0,1.0,45,9,3.3311915964563554,0.5112128022396089,0.9006763582793392,0.7200000000000001,1.567916457735535E8,ab56cbb1d84950f10d5238f0f6b78fd34b6aa3b6edeaedfac4252dee6cde2bd2,ab56cbb1d84950f10d5238f0f6b78fd34b6aa3b6edeaedfac4252dee6cde2bd2
DISTRICT,JEONNAM,구례군,NATURE_ECOLOGY,OTHER,3,28,1.0,NATIONWIDE_TYPE_VENUE,28,1,1.0,1.0,0.8206221314874059,0.6990000000000001,9.346482037344089E7,bac84c25c579cb164a23d21f107620de9d5a19ddb2360cb94e2daef2a6ba747b,bac84c25c579cb164a23d21f107620de9d5a19ddb2360cb94e2daef2a6ba747b,46,0.5123106254718557,GLOBAL_SIMILARITY,true,0.95,1.0,1.0,46,8,3.3347162795986147,0.5123106254718556,0.9009624027593766,0.6990000000000001,1.0631149021991524E8,b39403ea74a7ca22a4ad1457f6e67d2e30833a57728527f7f2eef86d2cf7fc77,b39403ea74a7ca22a4ad1457f6e67d2e30833a57728527f7f2eef86d2cf7fc77
DISTRICT,JEONNAM,구례군,TRADITION_HISTORY,OTHER,3,22,1.0,NATIONWIDE_TYPE_VENUE,22,1,1.0,1.0,0.8106233086093289,0.7295454545454546,2.1991238622271064E8,3d535e023c473017fdda8ada497fd3aeb9dbae27b046a7bdeb89e40249781229,3d535e023c473017fdda8ada497fd3aeb9dbae27b046a7bdeb89e40249781229,29,0.6705191720809318,GLOBAL_SIMILARITY,true,0.95,1.0,1.0,29,8,2.150055878645273,0.6705191720809317,0.8730192976773007,0.7295454545454546,2.499505202764687E8,4ad82ca70cd665f2c7ba459469be47363219ec48f16e7a264b9a6be181ca3952,4ad82ca70cd665f2c7ba459469be47363219ec48f16e7a264b9a6be181ca3952
DISTRICT,JEONNAM,구례군,CULTURE_ART,GREEN,3,158,1.0,NATIONWIDE_TYPE_VENUE,50,1,1.0,1.0,0.8466492131745667,0.8250000000000001,3.9764966910685956E8,4214f3c3954d05a920f970ebc6a910e54d165aa212212417de62ae5be5a531b0,c9b84b9c5e4530409b0305e3676beb2dc62fba68c672cec2a2bd5da97cc1ca86,171,0.8864459313728829,GLOBAL_SIMILARITY,true,0.95,1.0,1.0,50,8,2.1133117833250887,0.6744289594066841,0.9003330799298389,0.8250000000000001,3.183579513238363E8,ff3620c6cfa61a5065e8bf2aa16882aa778f17b09ac02651301e270c10afa918,898b6a944188c20615878411f2f51cda361da3a7354b0dc9400c2fb3b393b277
DISTRICT,JEONNAM,구례군,CULTURE_ART,INDEPENDENT,3,76,1.0,NATIONWIDE_TYPE_VENUE,50,1,1.0,1.0,0.8350174516455983,0.7875000000000001,2.9351029666753453E8,8d3227fce5057e121afb1463f7003206e6d03aae5ceffb834860623ae7d9b164,6f04df07cfa09ec48a75484b297358dd7a83250294474089e75885745e9f3923,89,0.7921144187519152,GLOBAL_SIMILARITY,true,0.95,1.0,1.0,50,8,2.1314997538246305,0.671152586167156,0.8979459926257084,0.7941176470588235,2.779381972017872E8,043f0de88c82006a49a73f63e323ac2c23212a815b10bb7162994d0f6a516496,0e74a8cff367802d731d3fbe40a805dd0bb89ed220553ee267aeba8e09417d11
DISTRICT,JEONNAM,구례군,NATURE_ECOLOGY,OTHER,2,28,1.0,NATIONWIDE_TYPE_VENUE,28,1,1.0,1.0,0.8236898773530837,0.6930000000000001,8.255646979128924E7,bac84c25c579cb164a23d21f107620de9d5a19ddb2360cb94e2daef2a6ba747b,bac84c25c579cb164a23d21f107620de9d5a19ddb2360cb94e2daef2a6ba747b,264,0.19216691205237,SAME_REGION_TYPE,true,0.9125000000000001,0.9625000000000001,1.0,50,8,4.380129265484426,0.0590961643780045,0.9628295234038525,0.9375000000000001,6.846569892910102E7,144ea7e0143ac0c8774c03896b37a1d378fd1ad519505f7a9b84048148a2a344,041ce5660e8e6bbf311a58a8f7955bdd7ac6c1e2ac12727e52b15dbb6f7a717c
DISTRICT,JEONNAM,나주시,CULTURE_ART,INDEPENDENT,3,76,1.0,NATIONWIDE_TYPE_VENUE,50,1,1.0,1.0,0.8332333843439996,0.7875000000000001,2.9440976861277163E8,8d3227fce5057e121afb1463f7003206e6d03aae5ceffb834860623ae7d9b164,6f04df07cfa09ec48a75484b297358dd7a83250294474089e75885745e9f3923,202,0.3106410644578948,SAME_REGION_TYPE,true,0.9,0.9500000000000001,1.0,50,9,6.879321328449278,0.08020598888074325,0.9499312535028551,0.9230769230769231,2.337539506089085E8,388cc588379a9c24e8ac875064f1bc1fe428ba552068770768f1a6802770d6cd,78b25d408cfbc897e80f87e6a510aa1cc72619427d90d57046eda20acac461a3
DISTRICT,JEONNAM,나주시,LOCAL_SPECIALTY,GREEN,3,95,1.0,NATIONWIDE_TYPE_VENUE,50,1,1.0,1.0,0.8415226944929111,0.795,2.599758295188822E8,6f559ff7303a8c2962ebc48f630fcff4006b749cc57f1e138c456575624dd657,2ea804cb1df065d662c483d107acf1d8d15e2aa8623dcd62536c5b0e9a78f785,102,0.8988084048542977,GLOBAL_SIMILARITY,true,0.95,1.0,1.0,50,8,1.4974665683483852,0.8141626974568781,0.8764379577005633,0.795,2.3183295645066544E8,88d567fc851bc9550b720293f38f2ad0ba3a2461774fb2bdde9789af79bc91e6,a9d25388d7badb6e1a2d2b68589eda64cf38bd184a8357d66a3378284588666e
DISTRICT,JEONNAM,나주시,CULTURE_ART,GREEN,3,158,1.0,NATIONWIDE_TYPE_VENUE,50,1,1.0,1.0,0.8472493209849312,0.8250000000000001,3.8155323979345685E8,4214f3c3954d05a920f970ebc6a910e54d165aa212212417de62ae5be5a531b0,147b464cf8bc565dbee39759698e20d524bc8f8a62706eba2b9cfc93cc8ff314,284,0.4807272266446094,SAME_REGION_TYPE,true,0.9,0.9500000000000001,1.0,50,9,6.634422887405675,0.06022196540721451,0.9494209217791335,0.9230769230769231,2.4079591663636845E8,c9cb696fc923a99eefa2a014d6e066cb23bf58946973240700083ca0460fcbd6,18db08daf909c659d536c05fd11a7e8859f829593ca4bb6908640c002917e569
DISTRICT,JEONNAM,나주시,TRADITION_HISTORY,GREEN,2,54,1.0,NATIONWIDE_TYPE_VENUE,50,1,1.0,1.0,0.8069309309506668,0.75,2.4706570384095877E8,925fb91efbfb16db5e571b6b008cb99b6c0a3a167e39edb07bb4c1c2cafda7ae,629b0d4dc3b42373f864c89399bdd4c8d07d01fb74c9a354eae111ad6bfab652,104,0.44505873946589164,SAME_REGION_TYPE,true,0.9,0.9500000000000001,1.0,50,9,4.569159728800154,0.02102237502910053,0.9267315665799299,0.9230769230769231,3.230719192359286E8,e39caa8361e2eaed7516e72256426be2b5e027cf580e7021cb725ca265e847ed,b00c43cbfc8bcd621167599518e965e0fbbbef888f298241320766309fb873b6
DISTRICT,JEONNAM,나주시,CULTURE_ART,GREEN,5,158,1.0,NATIONWIDE_TYPE_VENUE,50,1,1.0,1.0,0.8270739496014362,0.775,3.548272313840936E8,4214f3c3954d05a920f970ebc6a910e54d165aa212212417de62ae5be5a531b0,04cb9418d068a4161dc18d2bfd5cf6adfa37e130ab24fab0b08b03dccb7f21f7,168,0.905134759124581,GLOBAL_SIMILARITY,true,0.95,1.0,1.0,50,6,1.801609988275844,0.7355782173383156,0.8810696619958923,0.7875000000000001,3.081034809255215E8,78c8d1931d558b2eed6199e25a780e72cd567c93f939338ebd018a1a58b691f6,ff93c129bb33b9ca3af26ba4ea8bb8b961ab074ece7ef66a29cada40b9fb4332
DISTRICT,JEONNAM,나주시,TRADITION_HISTORY,GREEN,3,54,1.0,NATIONWIDE_TYPE_VENUE,50,1,1.0,1.0,0.8127743440599732,0.75,3.171178077476805E8,925fb91efbfb16db5e571b6b008cb99b6c0a3a167e39edb07bb4c1c2cafda7ae,59a00d55c545687e333aade19bbea91c1325a74c086fffaff316b958ea646700,128,0.3531868880737778,SAME_REGION_TYPE,true,0.9,0.9500000000000001,1.0,50,8,7.017646550459974,0.04121734703821888,0.9364035341038756,0.9230769230769231,3.74817625483559E8,63a61f36842216ef22bc44d5c361a8b242451f5885f20f8f662967fb1abe3089,12d2b99cc338682b01a5c80b28042a175b0c290ec60cf473b7cfdc640b0736e9
DISTRICT,JEONNAM,담양군,NATURE_ECOLOGY,INDEPENDENT,5,410,0.1379774617904472,SAME_REGION_TYPE,50,8,4.034603581625564,0.019784516038882066,0.9346483961063204,0.9230769230769231,1.3248964017249547E8,c7b0b3af995cb56262a62c0b8c2120905550549713dada0de323a2f0f79a03b8,de17a1ead698390511fee0d98569338bd33e2be25761188d731b750e36850268,410,0.1379774617904472,SAME_REGION_TYPE,false,-Infinity,NaN,NaN,50,8,4.034603581625564,0.019784516038882066,0.9346483961063204,0.9230769230769231,1.3248964017249547E8,c7b0b3af995cb56262a62c0b8c2120905550549713dada0de323a2f0f79a03b8,de17a1ead698390511fee0d98569338bd33e2be25761188d731b750e36850268
DISTRICT,JEONNAM,담양군,CULTURE_ART,INDEPENDENT,2,76,1.0,NATIONWIDE_TYPE_VENUE,50,1,1.0,1.0,0.8337116988952618,0.775,2.2272320402480844E8,8d3227fce5057e121afb1463f7003206e6d03aae5ceffb834860623ae7d9b164,53fb76b8a653310c4a9e8f93523b3fec39e26a960e0b85ddfa006df14869a4f0,185,0.34074087641260453,SAME_REGION_TYPE,true,0.9,0.9500000000000001,1.0,50,8,5.941402388153571,0.061717130786684386,0.9372228945828625,0.9230769230769231,1.4620373576843303E8,335bf0cee13066f99cf451d89adf70f4243d8e794ee3ac79a82403c5ab0c793f,a1f169aea29046d30236f8531573b34b5ecd007dd5250108140d11e32b54c0bf
DISTRICT,JEONNAM,담양군,CULTURE_ART,OTHER,2,70,1.0,NATIONWIDE_TYPE_VENUE,50,1,1.0,1.0,0.8096145942305358,0.775,1.7078132823360348E8,e2894551a9aade3371c9d134fd015763aa296c0fb24e8191f8fdd46932c4cd77,20527dbab40e147534db859712a80c94cbce05d38cc933563b1bcf00191f5cc8,179,0.3154949563006673,SAME_REGION_TYPE,true,0.9,0.9500000000000001,1.0,50,8,5.52376013433309,0.020619782747290146,0.936145195763064,0.9230769230769231,1.4984801272041425E8,ac12d7975e93674f26d308010e3b78d9e099e771376cef58c3c2d04dee697339,6d66ca54fe5d809fe36f66ce9fa4346562a305c0f7ad8d02136e658103850a7e
DISTRICT,JEONNAM,목포시,NATURE_ECOLOGY,GREEN,2,24,1.0,SAME_REGION_TYPE_VENUE,24,1,1.0,1.0,0.8909488605580735,0.81,9.673275084288618E7,2776e62582e59c8ef3457e8c5ea75263f1a7a3ea4fa2bc0c6b6cfb08181a7ee5,2776e62582e59c8ef3457e8c5ea75263f1a7a3ea4fa2bc0c6b6cfb08181a7ee5,261,0.19100747430697967,SAME_REGION_TYPE,true,0.9,0.9500000000000001,1.0,50,8,4.121942136961379,0.14020052335505245,0.9488134823212573,0.9375000000000001,7.08597996375222E7,f7323c9ac7c2af38b2edc14959aae0426603833e753d9aa7d98806c8445d85f7,ab4fabc5575137bd4712a36c9e5311db52648eea96314456c0b1f967608be467
DISTRICT,JEONNAM,목포시,CULTURE_ART,WATERFRONT,3,90,1.0,NATIONWIDE_TYPE_VENUE,50,1,1.0,1.0,0.8245816781164874,0.7875000000000001,2.706590630640592E8,c348e29400ebe021db666e856fec31595170b0090866fe06d013a15bb05b35e1,227061932e1a100f1fb99e6344d745f21dec4c717988cdd249c1fc16dbb6f75f,93,0.9505162233808084,GLOBAL_SIMILARITY,true,0.95,1.0,1.0,50,4,1.1876301993948692,0.9163379322003709,0.8400171068641248,0.7875000000000001,2.749581398700817E8,3ddef35f71ce009f7d31562927b9a46af282cbe403bc0011ba22a98cc112d028,cff1f37af44cec1ac82f46c3b06597c2fe1bb8ccc7b1d8ff91fd46fb139fe5a6
DISTRICT,JEONNAM,무안군,LOCAL_SPECIALTY,VILLAGE,2,23,1.0,NATIONWIDE_TYPE_VENUE,23,1,1.0,1.0,0.8353140292990984,0.7159090909090909,1.2440945113428235E8,3fbec895063fe63197622dd9e2f7c6edb414b8212fdbf14439a971c269a81dc0,3fbec895063fe63197622dd9e2f7c6edb414b8212fdbf14439a971c269a81dc0,26,0.8396043624621788,GLOBAL_SIMILARITY,true,0.95,1.0,1.0,26,3,1.3903794331670107,0.8396043624621784,0.861728940563204,0.7159090909090909,1.213839302743216E8,534daaa101e3b1eb55027ec50e6654df281768d60d2b82723bd1abda516580a5,534daaa101e3b1eb55027ec50e6654df281768d60d2b82723bd1abda516580a5
DISTRICT,JEONNAM,무안군,NATURE_ECOLOGY,WATERFRONT,2,70,1.0,NATIONWIDE_TYPE_VENUE,50,1,1.0,1.0,0.8157496517196747,0.765,9.593184910334784E7,0a635fe7c95464734d67fcf3eb34fbe1decb151168419235fa06b370eaf0e0c0,fe1a32963a2987c684e28bfa708cf9e2d3dcdaf47cff087f07e8a7643d5fa04a,315,0.16975377176151152,SAME_REGION_TYPE,true,0.9,0.9500000000000001,1.0,50,9,3.9298281331033396,0.05995728954655258,0.9476813091616039,0.9375000000000001,8.417257879860474E7,0b2d60fc87ed10efef07a1360ff36cb18770239baef2ef424235b3c0b9e94572,853fc6ffcc48cac63cd2579208f749e8d6013ca88ab6e04cd67874b041b31c90
DISTRICT,JEONNAM,무안군,LOCAL_SPECIALTY,INDEPENDENT,2,37,1.0,NATIONWIDE_TYPE_VENUE,37,1,1.0,1.0,0.8162216030960157,0.6895161290322581,1.0493782522363922E8,f48a1845e91ccd6df2e6cbb8eff45c61703b96b9de9c78eebb998bf15f66a0a2,f48a1845e91ccd6df2e6cbb8eff45c61703b96b9de9c78eebb998bf15f66a0a2,169,0.1758049856896352,SAME_REGION_TYPE,true,0.9,0.9500000000000001,1.0,50,8,5.6719353271596145,0.061193080259121985,0.941113868308858,0.9230769230769231,5.263514838814087E7,01214d837391c30c17dff8c68c925c264721f18acb5071b02c3e708b738334ae,5ff627e43eef3d56011a31c015d3cacef51c45e849d170352682bbee5ef443ed
DISTRICT,JEONNAM,무안군,NATURE_ECOLOGY,WATERFRONT,4,70,1.0,NATIONWIDE_TYPE_VENUE,50,1,1.0,1.0,0.8078077491853723,0.765,1.4237081962588513E8,0a635fe7c95464734d67fcf3eb34fbe1decb151168419235fa06b370eaf0e0c0,0b37de870e68ec5456075aac170d88408fb125bbdddec20f209e3a655e6ec29c,85,0.7456179171537861,GLOBAL_SIMILARITY,true,0.95,1.0,1.0,50,9,2.522218001652178,0.6142624837942842,0.8870488282569272,0.7941176470588235,2.5656087355915108E8,fa12f901e1616f926782d32626fc914012bc59632898493f0ae0746fb83d47cf,0e326c089532df246066add5e6f06c823d94e0beb7ae1981918270f98f9d5c7a
DISTRICT,JEONNAM,무안군,NATURE_ECOLOGY,INDEPENDENT,9,410,0.13965450419622152,SAME_REGION_TYPE,50,9,5.192402151929118,0.04077415626777058,0.9377049201160119,0.9230769230769231,2.171100182268241E8,c7b0b3af995cb56262a62c0b8c2120905550549713dada0de323a2f0f79a03b8,14bf826432d90be8686009401885449701e6ab8e64b8525f608b31e524c16626,410,0.13965450419622152,SAME_REGION_TYPE,false,-Infinity,NaN,NaN,50,9,5.192402151929118,0.04077415626777058,0.9377049201160119,0.9230769230769231,2.171100182268241E8,c7b0b3af995cb56262a62c0b8c2120905550549713dada0de323a2f0f79a03b8,14bf826432d90be8686009401885449701e6ab8e64b8525f608b31e524c16626
DISTRICT,JEONNAM,무안군,LOCAL_SPECIALTY,OTHER,2,30,1.0,NATIONWIDE_TYPE_VENUE,30,1,1.0,1.0,0.8210685470262138,0.6895161290322581,1.0358083852019766E8,d7eb5f5a7795ed75ed648bbe71eacb81a6fe0bd8c57b502eb69efc2e8672ca56,d7eb5f5a7795ed75ed648bbe71eacb81a6fe0bd8c57b502eb69efc2e8672ca56,162,0.16759947044406828,SAME_REGION_TYPE,true,0.8911764705882352,0.9411764705882353,1.0,50,8,5.205324175762808,0.02007387816241406,0.9398733477083152,0.9230769230769231,5.392104346569617E7,02a0d4899d2b2d86a50cdf89bb68850ab768da5cd9e056130f192b086ff8e470,365908877db4e1ed8350f3d896d94304c5f20a620482ef8ee3230b5741859aeb
DISTRICT,JEONNAM,무안군,CULTURE_ART,GREEN,3,158,1.0,NATIONWIDE_TYPE_VENUE,50,1,1.0,1.0,0.8466492131745667,0.8250000000000001,3.988175477606663E8,4214f3c3954d05a920f970ebc6a910e54d165aa212212417de62ae5be5a531b0,c9b84b9c5e4530409b0305e3676beb2dc62fba68c672cec2a2bd5da97cc1ca86,160,0.9805387293962883,GLOBAL_SIMILARITY,true,0.95,1.0,1.0,50,3,1.1183717255561059,0.9447926532209057,0.8559287832600189,0.8250000000000001,3.9029500542982715E8,c1074f573dd014093c99480300b8e7c19a5a90685ce6b088c91adc62fdd6c445,911bbc91b01ef0b04c87aec0eb3a50a99bb427ea2a73cc86323a90e9acb6a8e0
DISTRICT,JEONNAM,보성군,LOCAL_SPECIALTY,GREEN,5,95,1.0,NATIONWIDE_TYPE_VENUE,50,1,1.0,1.0,0.8183526337069992,0.775,3.489871764112204E8,6f559ff7303a8c2962ebc48f630fcff4006b749cc57f1e138c456575624dd657,318941a57b77ce1bb6c34e867192784a9bc3f46658a0abb49fc5af914803fbe0,110,0.7988647002901785,GLOBAL_SIMILARITY,true,0.95,1.0,1.0,50,9,2.480537008461948,0.6178009378196001,0.8958517581303876,0.7941176470588235,3.874868730891381E8,846e722b611ed9d50c465cf5603ff20e03ee4a11f22698469cf3b4782f61d8ad,35d50f99a7ea3bfa895e1482634a816e23cc32bc54cd45aca1a43196881e4c00
DISTRICT,JEONNAM,보성군,NATURE_ECOLOGY,INDEPENDENT,2,410,0.13372907535757622,SAME_REGION_TYPE,50,4,3.09396772355507,0.022677821024599015,0.9392392638843521,0.9375000000000001,4.620288094605414E7,c7b0b3af995cb56262a62c0b8c2120905550549713dada0de323a2f0f79a03b8,de9419d2a685561064b3b29895699fcce90cfd648f2064b08e072106728c2d22,410,0.13372907535757622,SAME_REGION_TYPE,false,-Infinity,NaN,NaN,50,4,3.09396772355507,0.022677821024599015,0.9392392638843521,0.9375000000000001,4.620288094605414E7,c7b0b3af995cb56262a62c0b8c2120905550549713dada0de323a2f0f79a03b8,de9419d2a685561064b3b29895699fcce90cfd648f2064b08e072106728c2d22
DISTRICT,JEONNAM,보성군,CULTURE_ART,INDEPENDENT,3,76,1.0,NATIONWIDE_TYPE_VENUE,50,1,1.0,1.0,0.8350174516455983,0.7875000000000001,2.948091066795567E8,8d3227fce5057e121afb1463f7003206e6d03aae5ceffb834860623ae7d9b164,6f04df07cfa09ec48a75484b297358dd7a83250294474089e75885745e9f3923,83,0.8754128122060443,GLOBAL_SIMILARITY,true,0.95,1.0,1.0,50,8,1.5081673953318335,0.8111481797830805,0.8717398378418324,0.7875000000000001,3.425683678726918E8,f6d1d82e27878fbae24c50d03f9a5ba53281d824b7244bea4bb28c12028bd994,75511f01eef0e890fb588833237cc311a4456ec8365365970c1f8996b099813c
DISTRICT,JEONNAM,보성군,LOCAL_SPECIALTY,WATERFRONT,2,71,1.0,NATIONWIDE_TYPE_VENUE,50,1,1.0,1.0,0.8418708804068753,0.7875000000000001,9.163401310421553E7,423ef67fb8d8ce3b4c72bcaeeff7f273fce5f5c7748615ef99cbb399498ea8e6,f65e48197d92bf421d1622d37847280d3335548db00b802a9b0a66a76c618c0c,85,0.7715236521738852,GLOBAL_SIMILARITY,true,0.95,1.0,1.0,50,8,2.222306126711853,0.6561748414934742,0.9048646940619318,0.7941176470588235,9.92181524973799E7,b89c49b0a922b2f047d1d856c3f32e692d979c10a641bcc129142331b75907be,ab2b161bebca698b3472fd8e6494314ec0975d363fec5acea90e472dc7616b8b
DISTRICT,JEONNAM,보성군,TRADITION_HISTORY,GREEN,3,54,1.0,NATIONWIDE_TYPE_VENUE,50,1,1.0,1.0,0.8147033256938548,0.75,3.170336977559743E8,925fb91efbfb16db5e571b6b008cb99b6c0a3a167e39edb07bb4c1c2cafda7ae,59a00d55c545687e333aade19bbea91c1325a74c086fffaff316b958ea646700,54,1.0,GLOBAL_SIMILARITY,true,0.95,1.0,1.0,50,1,1.0,1.0,0.8147033256938548,0.75,3.170336977559743E8,925fb91efbfb16db5e571b6b008cb99b6c0a3a167e39edb07bb4c1c2cafda7ae,59a00d55c545687e333aade19bbea91c1325a74c086fffaff316b958ea646700
DISTRICT,JEONNAM,보성군,LOCAL_SPECIALTY,OTHER,3,30,1.0,NATIONWIDE_TYPE_VENUE,30,1,1.0,1.0,0.8154440389612742,0.6943548387096775,1.2642363151544799E8,d7eb5f5a7795ed75ed648bbe71eacb81a6fe0bd8c57b502eb69efc2e8672ca56,d7eb5f5a7795ed75ed648bbe71eacb81a6fe0bd8c57b502eb69efc2e8672ca56,46,0.5577005153832424,GLOBAL_SIMILARITY,true,0.95,1.0,1.0,46,8,2.938126015446573,0.5577005153832423,0.8914732093534643,0.6943548387096775,1.5174723199988645E8,d77b179550ba51a82ae1bc35d4ca2a4c3e16074692f8b73eb75cd52245009673,d77b179550ba51a82ae1bc35d4ca2a4c3e16074692f8b73eb75cd52245009673
DISTRICT,JEONNAM,순천시,CULTURE_ART,INDEPENDENT,3,76,1.0,NATIONWIDE_TYPE_VENUE,50,1,1.0,1.0,0.8332333843439996,0.7875000000000001,2.9440976861277163E8,8d3227fce5057e121afb1463f7003206e6d03aae5ceffb834860623ae7d9b164,6f04df07cfa09ec48a75484b297358dd7a83250294474089e75885745e9f3923,206,0.3015851076335086,SAME_REGION_TYPE,true,0.9,0.9500000000000001,1.0,50,9,6.953495317882803,0.0778925759349247,0.9641784231501748,0.9230769230769231,2.6109315767683914E8,20239c21f57b333cdfb85865215d970cb80c35b62ef1bd5636f136a8492e2a8d,fa7bfbda626b541cafd1c177d2dd9421faa63b642350b1cd3ac45951aa10aac4
DISTRICT,JEONNAM,순천시,CULTURE_ART,GREEN,2,158,1.0,NATIONWIDE_TYPE_VENUE,50,1,1.0,1.0,0.8445661974537674,0.8250000000000001,1.8812518087890285E8,4214f3c3954d05a920f970ebc6a910e54d165aa212212417de62ae5be5a531b0,327209111e780952c1c4a2447c913f4b1c9d4ab0f7583798c54de9291bc51613,275,0.49212225411303967,SAME_REGION_TYPE,true,0.9,0.9500000000000001,1.0,50,9,7.047336543249926,0.07813402713555044,0.9600005091152193,0.9230769230769231,2.032517665910294E8,284ad9ca160eafbb35f105e5e694b1a1c6b2bdfe46550b5542fbdf0603a6c214,9df2fa9b4d71fcd22acd86142946ad428113af5b327f1dadde945d2c03024b3e
DISTRICT,JEONNAM,순천시,CULTURE_ART,UNDECIDED,4,233,0.1699678016669568,SAME_REGION_TYPE,50,8,5.786005986948167,0.08780578223116735,0.9559666814474411,0.9230769230769231,3.384019352076319E8,26d0aa26e3f3da5233c4c8fa8534c705b55f734f1fee0399dd82ba71a2a573b2,90540ccc4cbd719b91871a46418d7b0561bf558aca45dc6ed18e3f7a4786b2ee,233,0.1699678016669568,SAME_REGION_TYPE,false,-Infinity,NaN,NaN,50,8,5.786005986948167,0.08780578223116735,0.9559666814474411,0.9230769230769231,3.384019352076319E8,26d0aa26e3f3da5233c4c8fa8534c705b55f734f1fee0399dd82ba71a2a573b2,90540ccc4cbd719b91871a46418d7b0561bf558aca45dc6ed18e3f7a4786b2ee
DISTRICT,JEONNAM,순천시,CULTURE_ART,VILLAGE,2,39,1.0,NATIONWIDE_TYPE_VENUE,39,1,1.0,1.0,0.8152399708010076,0.6817164179104478,1.4189584749848002E8,35666bd283d687af38fec7347887732ca0983e78f887177a0dbce730a02f799c,35666bd283d687af38fec7347887732ca0983e78f887177a0dbce730a02f799c,60,0.5542258288489771,GLOBAL_SIMILARITY,true,0.95,1.0,1.0,50,9,3.408773387418498,0.4959727328278664,0.9129476835057674,0.7875000000000001,1.9624058230171424E8,301f9dea745e660dba81c08bedf1ed026105b642d743a7cf3b2c1d777e2863b7,d68524de6f4aad483adec8c9379be723e19d500556d63730eef266af78e9bc18
DISTRICT,JEONNAM,순천시,CULTURE_ART,OTHER,3,70,1.0,NATIONWIDE_TYPE_VENUE,50,1,1.0,1.0,0.806200320678955,0.775,2.1202585753105396E8,e2894551a9aade3371c9d134fd015763aa296c0fb24e8191f8fdd46932c4cd77,77b73f6f2d46349ec6d962a6b2f2b66e41291e1a88dd22e66f596f0051060391,200,0.27532068130563514,SAME_REGION_TYPE,true,0.9,0.9500000000000001,1.0,50,9,6.296581320635709,0.019536918399242664,0.9627350484156336,0.9230769230769231,2.5658360117631453E8,fc9ab7ff479f609d2896d4d720fd1bc39534932cce6c6c44a0163a7f3b53a755,2110527b89efb93aa159e532d5a4259b5a877e98ec4e9d0d0247b79fac0ecb2f
DISTRICT,JEONNAM,순천시,TRADITION_HISTORY,GREEN,3,54,1.0,NATIONWIDE_TYPE_VENUE,50,1,1.0,1.0,0.8127743440599732,0.75,3.171178077476805E8,925fb91efbfb16db5e571b6b008cb99b6c0a3a167e39edb07bb4c1c2cafda7ae,59a00d55c545687e333aade19bbea91c1325a74c086fffaff316b958ea646700,128,0.3517042102585811,SAME_REGION_TYPE,true,0.9,0.9500000000000001,1.0,50,9,7.298297099660014,0.04082861240233346,0.941211044282746,0.9230769230769231,3.5398183039633256E8,63a61f36842216ef22bc44d5c361a8b242451f5885f20f8f662967fb1abe3089,e0d4a8f69f0858abf507d0ed9d5a7090df43fc3b1b528d10605015c150f377a6
DISTRICT,JEONNAM,순천시,TRADITION_HISTORY,WATERFRONT,2,31,1.0,NATIONWIDE_TYPE_VENUE,31,1,1.0,1.0,0.8060602346718047,0.6826271186440679,2.2224749156954667E8,c0745607175cb18cadd7e1f4435374983eded73e4a37d3abefd288d57a8daaeb,c0745607175cb18cadd7e1f4435374983eded73e4a37d3abefd288d57a8daaeb,82,0.3097886950623928,SAME_REGION_TYPE,true,0.9125000000000001,0.9625000000000001,1.0,50,9,5.07872761069339,0.04218247268142749,0.9317159054456536,0.9230769230769231,2.945477526758281E8,1bad4554d270bb1fcf8d7c255d6a43ab7833795cfaba0cd1edb608a3bfc6205d,506c24eaed6229c8da33e6db88e8943df6d7ca9733d81e9b5ed149d2d63791fe
DISTRICT,JEONNAM,신안군,LOCAL_SPECIALTY,WATERFRONT,2,71,1.0,NATIONWIDE_TYPE_VENUE,50,1,1.0,1.0,0.8504308264937582,0.7875000000000001,9.07558909730622E7,423ef67fb8d8ce3b4c72bcaeeff7f273fce5f5c7748615ef99cbb399498ea8e6,f65e48197d92bf421d1622d37847280d3335548db00b802a9b0a66a76c618c0c,104,0.5873236645755948,GLOBAL_SIMILARITY,true,0.95,1.0,1.0,50,4,3.9300682140483647,0.302170486739619,0.9763214467243692,0.8250000000000001,5.563733651011208E7,3940e38466c0f4894ff825279c0109eaff4189bf800d63c2ecc42cd5fe37aa34,a5183ef452f614c22e0428794bcdc063eda8c8df7b771d5bf2e1c86dabe4441c
DISTRICT,JEONNAM,신안군,NATURE_ECOLOGY,GREEN,31,24,1.0,SAME_REGION_TYPE_VENUE,24,1,1.0,1.0,0.8653933038332213,0.8093750000000001,1.5943687010804495E8,2776e62582e59c8ef3457e8c5ea75263f1a7a3ea4fa2bc0c6b6cfb08181a7ee5,2776e62582e59c8ef3457e8c5ea75263f1a7a3ea4fa2bc0c6b6cfb08181a7ee5,192,0.26880617219212594,SAME_REGION_TYPE,true,0.9066666666666667,0.9566666666666668,1.0,50,8,5.0245161827195925,0.039876403205438934,0.9523698121968351,0.9230769230769231,1.0813979972921509E8,a7c0ebeb20d3864e569862a8e42cef1a617d8eac5b25a60fd1380e1c89273282,7141c6fd7cf0a07175b684429660dac6a094f34717f25cefc3482a634c5b7e52
DISTRICT,JEONNAM,신안군,NATURE_ECOLOGY,GREEN,10,24,1.0,SAME_REGION_TYPE_VENUE,24,1,1.0,1.0,0.9234890220930495,0.8272727272727273,1.3741620358930147E8,2776e62582e59c8ef3457e8c5ea75263f1a7a3ea4fa2bc0c6b6cfb08181a7ee5,2776e62582e59c8ef3457e8c5ea75263f1a7a3ea4fa2bc0c6b6cfb08181a7ee5,45,0.49169253100741844,SAME_REGION_TYPE,true,0.95,1.0,1.0,45,9,3.278452221053265,0.4916925310074183,0.9606849156134178,0.8272727272727273,1.0138065797727065E8,9f3725359d71913b326d6daeadcb513b9859f069f2a7a7d6f87fcf02f0befef4,9f3725359d71913b326d6daeadcb513b9859f069f2a7a7d6f87fcf02f0befef4
DISTRICT,JEONNAM,신안군,NATURE_ECOLOGY,GREEN,14,24,1.0,SAME_REGION_TYPE_VENUE,24,1,1.0,1.0,0.8982812407287012,0.8200000000000001,1.4918879033390328E8,2776e62582e59c8ef3457e8c5ea75263f1a7a3ea4fa2bc0c6b6cfb08181a7ee5,2776e62582e59c8ef3457e8c5ea75263f1a7a3ea4fa2bc0c6b6cfb08181a7ee5,195,0.2622805131475232,SAME_REGION_TYPE,true,0.91,0.9600000000000001,1.0,50,9,6.151624874896399,0.15990612284143244,0.9583561790335492,0.9230769230769231,1.0345299603938587E8,cea65313d6ec34d1be05e318a771a75e37b5c5608ee435981d0055587bf02d44,ea02305ca43a4561de97378d91c7e70b49bf7bd6fc44553d776135ee90393217
DISTRICT,JEONNAM,신안군,NATURE_ECOLOGY,GREEN,3,24,1.0,SAME_REGION_TYPE_VENUE,24,1,1.0,1.0,0.9113962269555512,0.8545454545454546,1.0477664850457582E8,2776e62582e59c8ef3457e8c5ea75263f1a7a3ea4fa2bc0c6b6cfb08181a7ee5,2776e62582e59c8ef3457e8c5ea75263f1a7a3ea4fa2bc0c6b6cfb08181a7ee5,39,0.5695871163511853,GLOBAL_SIMILARITY,true,0.95,1.0,1.0,39,5,2.4835565791418146,0.5695871163511852,0.9495324324137776,0.8545454545454546,8.392015780089927E7,60eeab80639e53b0fa16bb15775168612e0ec444e9c8bb185d59ff271d9ff8ac,60eeab80639e53b0fa16bb15775168612e0ec444e9c8bb185d59ff271d9ff8ac
DISTRICT,JEONNAM,신안군,CULTURE_ART,OTHER,2,70,1.0,NATIONWIDE_TYPE_VENUE,50,1,1.0,1.0,0.8115611868619613,0.775,1.7045562625674838E8,e2894551a9aade3371c9d134fd015763aa296c0fb24e8191f8fdd46932c4cd77,20527dbab40e147534db859712a80c94cbce05d38cc933563b1bcf00191f5cc8,71,0.9774868998487378,GLOBAL_SIMILARITY,true,0.95,1.0,1.0,50,2,1.0622123133276726,0.9698038826172953,0.8179144009206971,0.775,1.6986595788961476E8,2f72c46c44d2d3ce2104b8a560c7854c414bbbc5773e4d9399c8d7643e5f96e5,12df969a825a1f67ef8f91a293adb351f70bb405dd3d00a11fab44b63dec2796
DISTRICT,JEONNAM,신안군,NATURE_ECOLOGY,WATERFRONT,2,70,1.0,NATIONWIDE_TYPE_VENUE,50,1,1.0,1.0,0.8142010382337808,0.765,9.5593840855858E7,0a635fe7c95464734d67fcf3eb34fbe1decb151168419235fa06b370eaf0e0c0,fe1a32963a2987c684e28bfa708cf9e2d3dcdaf47cff087f07e8a7643d5fa04a,307,0.1762023708285015,SAME_REGION_TYPE,true,0.9,0.9500000000000001,1.0,50,7,4.017356387311034,0.039402818092824476,0.9584579878366993,0.9375000000000001,5.573942899368035E7,54055de7ffdb8e95a39e7dd1ed1453aff38f5a08cd5c2b2126a6065ec2abc340,60c7c6c3319492f9b0ef716d1467500fb667cbdb42470739486aef99545a5e89
DISTRICT,JEONNAM,신안군,LOCAL_SPECIALTY,VILLAGE,9,23,1.0,NATIONWIDE_TYPE_VENUE,23,1,1.0,1.0,0.7647080056619456,0.7200000000000001,2.0321371079534927E8,3fbec895063fe63197622dd9e2f7c6edb414b8212fdbf14439a971c269a81dc0,3fbec895063fe63197622dd9e2f7c6edb414b8212fdbf14439a971c269a81dc0,133,0.2151216140922758,SAME_REGION_TYPE,true,0.8450000000000001,0.8950000000000001,1.0,50,5,4.0557570091874675,0.21257861635220118,0.9721335268505077,0.9230769230769231,7.806460326504935E7,ae1a9fde37b234535942fa4aa05305b8f5a2426e11d800915771d253d3beec7d,de0f8452950e427a714e35894dfc771a9937ff13a423e824aeb3485943b37e09
DISTRICT,JEONNAM,여수시,NATURE_ECOLOGY,GREEN,2,24,1.0,SAME_REGION_TYPE_VENUE,24,1,1.0,1.0,0.8938866165818053,0.81,9.654296425089358E7,2776e62582e59c8ef3457e8c5ea75263f1a7a3ea4fa2bc0c6b6cfb08181a7ee5,2776e62582e59c8ef3457e8c5ea75263f1a7a3ea4fa2bc0c6b6cfb08181a7ee5,44,0.4926974092049112,SAME_REGION_TYPE,true,0.95,1.0,1.0,44,8,3.550893422214651,0.4926974092049114,0.9421910281307735,0.81,7.765209238848144E7,6770ca9796e947308ee5f0dca00522f6f4f3f4fb566b45d81495c4c96a5c80dd,6770ca9796e947308ee5f0dca00522f6f4f3f4fb566b45d81495c4c96a5c80dd
DISTRICT,JEONNAM,여수시,TRADITION_HISTORY,GREEN,3,54,1.0,NATIONWIDE_TYPE_VENUE,50,1,1.0,1.0,0.8147033256938548,0.75,3.1798977766275215E8,925fb91efbfb16db5e571b6b008cb99b6c0a3a167e39edb07bb4c1c2cafda7ae,59a00d55c545687e333aade19bbea91c1325a74c086fffaff316b958ea646700,66,0.7474647657436998,GLOBAL_SIMILARITY,true,0.95,1.0,1.0,50,9,2.0707016262040208,0.6849130254846925,0.8792525114684009,0.7875000000000001,4.0521891901330334E8,56fd9f1063a84d0f5cd71bded840bc3f3f412aad46022d217a33a2d1653b4756,769e544f9da64f1a9aadffd2da141fe3114f223ec627b442f07356d9d6939ff5
DISTRICT,JEONNAM,여수시,NATURE_ECOLOGY,WATERFRONT,2,70,1.0,NATIONWIDE_TYPE_VENUE,50,1,1.0,1.0,0.8161166398436991,0.765,9.541104691723321E7,0a635fe7c95464734d67fcf3eb34fbe1decb151168419235fa06b370eaf0e0c0,fe1a32963a2987c684e28bfa708cf9e2d3dcdaf47cff087f07e8a7643d5fa04a,90,0.6891565575058292,GLOBAL_SIMILARITY,true,0.95,1.0,1.0,50,8,3.3283481280454157,0.5146583082698521,0.9098531364969428,0.7941176470588235,7.099443700238413E7,1e21d5c18c533206056b32439fea8fc73fbb7f1e6638da92324eacbeef2ee40a,973f3b33af2a2204d3081043589cddd3f294614bdbfe4a6fccfdd0822728bc46
DISTRICT,JEONNAM,여수시,NATURE_ECOLOGY,VILLAGE,2,405,0.13628579131092772,SAME_REGION_TYPE,50,8,3.9586826199534206,0.01964817570421944,0.9597008861249429,0.9375000000000001,5.5184387776732996E7,55ac296673fef81051c9b989325207332b5e525841a7f883ba2af9155a8c7d0f,cb69ccf06c9acbc3dc85593905fa1e2f2d6f9ccac475c7b8e94f5385f636ea77,405,0.13628579131092772,SAME_REGION_TYPE,false,-Infinity,NaN,NaN,50,8,3.9586826199534206,0.01964817570421944,0.9597008861249429,0.9375000000000001,5.5184387776732996E7,55ac296673fef81051c9b989325207332b5e525841a7f883ba2af9155a8c7d0f,cb69ccf06c9acbc3dc85593905fa1e2f2d6f9ccac475c7b8e94f5385f636ea77
DISTRICT,JEONNAM,여수시,CULTURE_ART,INDEPENDENT,3,76,1.0,NATIONWIDE_TYPE_VENUE,50,1,1.0,1.0,0.8345863105937212,0.7875000000000001,2.9501352986801374E8,8d3227fce5057e121afb1463f7003206e6d03aae5ceffb834860623ae7d9b164,6f04df07cfa09ec48a75484b297358dd7a83250294474089e75885745e9f3923,206,0.305723404648483,SAME_REGION_TYPE,true,0.9,0.9500000000000001,1.0,50,9,6.226041607900388,0.10068918386099779,0.9424224321670416,0.9230769230769231,2.461355730481344E8,552cffe65529dfbf58149cfde2d1c248115c80c312e2579aab7b2794a20e17db,5ca2fdca3061738a8e904755b3ef9173290dfaea26d2c0da45417bc184b5fce9
DISTRICT,JEONNAM,여수시,COMMUNITY,GREEN,2,41,1.0,NATIONWIDE_TYPE_VENUE,41,1,1.0,1.0,0.8322490230413591,0.6868421052631579,1.1943403194484197E8,2e791c1fbe39f5acd2e443473c32520423f6131ee59cef2b016af5dfdade83f7,2e791c1fbe39f5acd2e443473c32520423f6131ee59cef2b016af5dfdade83f7,45,0.8764875075865457,GLOBAL_SIMILARITY,true,0.95,1.0,1.0,45,5,1.2952521216299997,0.876487507586546,0.8516226662334387,0.6868421052631579,1.0743975762266067E8,422dad5c267fab1e2198d489bdb46926dc7174c69b5b5d6dd2d51dc03b9bd011,422dad5c267fab1e2198d489bdb46926dc7174c69b5b5d6dd2d51dc03b9bd011
DISTRICT,JEONNAM,여수시,COMMUNITY,OTHER,2,55,0.3595543132159842,SAME_REGION_TYPE,50,9,6.199520392424055,0.3158246154327071,0.8873796571949066,0.7647058823529412,8.713685752095975E7,f22b2c82410be2ef35695c7a8a83937f94b0dd276ba248005f88f1f2f97fb44c,2960727d8b622cfbef56d8cd1a7f1bbf5bfa57098cc6f42ba4068266aeecc49b,55,0.3595543132159842,SAME_REGION_TYPE,false,-Infinity,NaN,NaN,50,9,6.199520392424055,0.3158246154327071,0.8873796571949066,0.7647058823529412,8.713685752095975E7,f22b2c82410be2ef35695c7a8a83937f94b0dd276ba248005f88f1f2f97fb44c,2960727d8b622cfbef56d8cd1a7f1bbf5bfa57098cc6f42ba4068266aeecc49b
DISTRICT,JEONNAM,여수시,COMMUNITY,OTHER,4,55,0.36395368108201076,SAME_REGION_TYPE,50,9,6.141956073231415,0.31657569339873365,0.8666356888592808,0.7647058823529412,1.1498306106632991E8,f22b2c82410be2ef35695c7a8a83937f94b0dd276ba248005f88f1f2f97fb44c,252f4f8c37b350a3c312a47beac35a830e392c298ffba2992fdc1777abf88852,55,0.36395368108201076,SAME_REGION_TYPE,false,-Infinity,NaN,NaN,50,9,6.141956073231415,0.31657569339873365,0.8666356888592808,0.7647058823529412,1.1498306106632991E8,f22b2c82410be2ef35695c7a8a83937f94b0dd276ba248005f88f1f2f97fb44c,252f4f8c37b350a3c312a47beac35a830e392c298ffba2992fdc1777abf88852
DISTRICT,JEONNAM,영광군,NATURE_ECOLOGY,GREEN,2,24,1.0,SAME_REGION_TYPE_VENUE,24,1,1.0,1.0,0.8957274953377953,0.81,9.725420900060052E7,2776e62582e59c8ef3457e8c5ea75263f1a7a3ea4fa2bc0c6b6cfb08181a7ee5,2776e62582e59c8ef3457e8c5ea75263f1a7a3ea4fa2bc0c6b6cfb08181a7ee5,44,0.4926669181820839,SAME_REGION_TYPE,true,0.95,1.0,1.0,44,8,3.5404379277734113,0.4926669181820839,0.9442269944162532,0.81,1.0562031640496896E8,87a91b38474f64f45182f64ac73fe38bfeb0f7252f413f0e7b0a6eb582133546,87a91b38474f64f45182f64ac73fe38bfeb0f7252f413f0e7b0a6eb582133546
DISTRICT,JEONNAM,영광군,TRADITION_HISTORY,INDEPENDENT,4,38,1.0,NATIONWIDE_TYPE_VENUE,38,1,1.0,1.0,0.7938510113893796,0.7166666666666667,3.431385159382491E8,8674a18a77fd59101747b5bfbca30d4351075de073f6e1726ea05249ad86bedb,8674a18a77fd59101747b5bfbca30d4351075de073f6e1726ea05249ad86bedb,115,0.26885442349429534,SAME_REGION_TYPE,true,0.8911764705882352,0.9411764705882353,1.0,50,8,4.2685428647900725,0.04055928231779911,0.9242550315999445,0.9062500000000001,3.798350948606198E8,ef4c19cba8f39880edecd7098e31f169ef8511300eb0f2ed129fbc87f9a9a8cf,76ea9eec8108c720c0598611046989f061926c179c896daf343a8773521694ef
DISTRICT,JEONNAM,영광군,NATURE_ECOLOGY,GREEN,10,24,1.0,SAME_REGION_TYPE_VENUE,24,1,1.0,1.0,0.9039440676189542,0.8272727272727273,1.4355515694609874E8,2776e62582e59c8ef3457e8c5ea75263f1a7a3ea4fa2bc0c6b6cfb08181a7ee5,2776e62582e59c8ef3457e8c5ea75263f1a7a3ea4fa2bc0c6b6cfb08181a7ee5,35,0.6383461481758262,GLOBAL_SIMILARITY,true,0.95,1.0,1.0,35,7,2.29005291138473,0.6383461481758262,0.9386830655551218,0.8272727272727273,1.6333053850449082E8,45711cac3f9fc901bc4e53fb69461c89bd1109a566256f5b5e8161456e5c7d6d,45711cac3f9fc901bc4e53fb69461c89bd1109a566256f5b5e8161456e5c7d6d
DISTRICT,JEONNAM,영암군,CULTURE_ART,INDEPENDENT,9,76,1.0,NATIONWIDE_TYPE_VENUE,50,1,1.0,1.0,0.7909544005082724,0.735,4.7830232871848845E8,8d3227fce5057e121afb1463f7003206e6d03aae5ceffb834860623ae7d9b164,1f74f3b4a3de7313c5707e03755e357128156f7ef3a8390c13b3f8e51cf3a136,79,0.9365611999480074,GLOBAL_SIMILARITY,true,0.95,1.0,1.0,50,4,1.2116688007729548,0.9068721550531774,0.8132374320166172,0.735,5.094659771179388E8,d742a0e4017b7611fd628573479fc41317cc8c44272f05d12dac9e78ce1d7744,0450cb0a68875294295d0bd38d50b74b382fab1f644d3ab593f3aac828befd80
DISTRICT,JEONNAM,영암군,NATURE_ECOLOGY,INDEPENDENT,17,410,0.14421872763800173,SAME_REGION_TYPE,50,9,4.969741216020561,0.022316391123032693,0.9398986356169535,0.9230769230769231,2.2972959548964688E8,c7b0b3af995cb56262a62c0b8c2120905550549713dada0de323a2f0f79a03b8,5d1f90d4ab541eb02db41fe232874ec399575f0c99a0fad761a4f43d10a0db42,410,0.14421872763800173,SAME_REGION_TYPE,false,-Infinity,NaN,NaN,50,9,4.969741216020561,0.022316391123032693,0.9398986356169535,0.9230769230769231,2.2972959548964688E8,c7b0b3af995cb56262a62c0b8c2120905550549713dada0de323a2f0f79a03b8,5d1f90d4ab541eb02db41fe232874ec399575f0c99a0fad761a4f43d10a0db42
DISTRICT,JEONNAM,영암군,TRADITION_HISTORY,GREEN,2,54,1.0,NATIONWIDE_TYPE_VENUE,50,1,1.0,1.0,0.8089051094474033,0.75,2.4669488727662024E8,925fb91efbfb16db5e571b6b008cb99b6c0a3a167e39edb07bb4c1c2cafda7ae,629b0d4dc3b42373f864c89399bdd4c8d07d01fb74c9a354eae111ad6bfab652,61,0.8312722649885556,GLOBAL_SIMILARITY,true,0.95,1.0,1.0,50,8,1.541539779903648,0.8019337375401425,0.852264766063784,0.775,1.9817909999577743E8,0296065f612c8cfec28d47e8403c779257e21b9b56aefe44bb562102fa798114,0ee648f5853f9d1ecbbfb9810159c77dc4223de477121daa442cff9435c038a8
DISTRICT,JEONNAM,완도군,NATURE_ECOLOGY,OTHER,30,28,1.0,NATIONWIDE_TYPE_VENUE,28,1,1.0,1.0,0.761148289170399,0.6895161290322581,1.2648138018840274E8,bac84c25c579cb164a23d21f107620de9d5a19ddb2360cb94e2daef2a6ba747b,bac84c25c579cb164a23d21f107620de9d5a19ddb2360cb94e2daef2a6ba747b,254,0.21469045464175224,SAME_REGION_TYPE,true,0.7983870967741935,0.8483870967741935,1.0,50,7,3.5970686266262706,0.04597743589502172,0.9336793476294646,0.9230769230769231,1.466774707090575E8,b32e719fe17ff32bcb0505780d3fa94ea171638f8b98e1602f7b25c01a642d98,ec0c9257fd27fec772956fa900e52013d32aebff6794d8596a08a5f8a90e6410
DISTRICT,JEONNAM,완도군,NATURE_ECOLOGY,GREEN,3,24,1.0,SAME_REGION_TYPE_VENUE,24,1,1.0,1.0,0.8941954579073675,0.8133333333333334,1.0924677755454779E8,2776e62582e59c8ef3457e8c5ea75263f1a7a3ea4fa2bc0c6b6cfb08181a7ee5,2776e62582e59c8ef3457e8c5ea75263f1a7a3ea4fa2bc0c6b6cfb08181a7ee5,30,0.7633297729024171,GLOBAL_SIMILARITY,true,0.95,1.0,1.0,30,5,1.6718403599141485,0.7633297729024174,0.9175305090680401,0.8133333333333334,1.19751935206024E8,4088db9b9663c20a926c97143abe6c9ed4b0a133a0d073aae33c049b6a6d56e9,4088db9b9663c20a926c97143abe6c9ed4b0a133a0d073aae33c049b6a6d56e9
DISTRICT,JEONNAM,장성군,NATURE_ECOLOGY,WATERFRONT,3,70,1.0,NATIONWIDE_TYPE_VENUE,50,1,1.0,1.0,0.8165232597737472,0.775,1.1804790486791614E8,0a635fe7c95464734d67fcf3eb34fbe1decb151168419235fa06b370eaf0e0c0,f2b709c2d6e5d9b1c5b4d8ce44f16e0c5e1f2c4928cdd0c3206ed86fa7e11ed5,275,0.19628194065213542,SAME_REGION_TYPE,true,0.9125000000000001,0.9625000000000001,1.0,50,9,7.44010311531966,0.019869556811948214,0.967060562598299,0.9375000000000001,1.1230611664435875E8,8345a5ea302de3a5c9b9316512f462897e6f3eb8c07c9c7b7c11727cf1229690,1866c1e85fae55c75b56baec1b520e2db72241e0713c9541007502f25f485f84
DISTRICT,JEONNAM,장성군,NATURE_ECOLOGY,WATERFRONT,4,70,1.0,NATIONWIDE_TYPE_VENUE,50,1,1.0,1.0,0.8089394858001925,0.765,1.4274780715461248E8,0a635fe7c95464734d67fcf3eb34fbe1decb151168419235fa06b370eaf0e0c0,0b37de870e68ec5456075aac170d88408fb125bbdddec20f209e3a655e6ec29c,289,0.1866640540062482,SAME_REGION_TYPE,true,0.9,0.9500000000000001,1.0,50,9,7.101099585220296,0.07609918153852797,0.9605352616947564,0.9230769230769231,1.8794954527539214E8,370294175600afa874ccd1c66bc9be1b28ef4f18edf48842627152fe976b2ae1,6940a380f3ad644bbe41a51504b15df9390d799e9ddb80bb65b62e6a03c670f6
DISTRICT,JEONNAM,장흥군,NATURE_ECOLOGY,WATERFRONT,9,70,1.0,NATIONWIDE_TYPE_VENUE,50,1,1.0,1.0,0.7912358320332138,0.7200000000000001,2.253705309578355E8,0a635fe7c95464734d67fcf3eb34fbe1decb151168419235fa06b370eaf0e0c0,83e6490ac51b08fe7cbdb1d24d20c42faf441b3d1b113dc0b4b74305fec69235,267,0.2037754338604499,SAME_REGION_TYPE,true,0.9,0.9500000000000001,1.0,50,9,4.884972047004701,0.02061264106305331,0.9366903065818223,0.9230769230769231,2.3831438713637486E8,d7fdeb759485017b946ec9f1717589a8e8f762b4f756fb6bf6b95b8c35ec0833,54d8092ecec33a139bb98d5e502340bae4a1f196fe6cc75d5024adce97dfbd15
DISTRICT,JEONNAM,장흥군,TRADITION_HISTORY,WATERFRONT,3,31,1.0,NATIONWIDE_TYPE_VENUE,31,1,1.0,1.0,0.809533398263772,0.6851694915254237,2.6188888133847147E8,c0745607175cb18cadd7e1f4435374983eded73e4a37d3abefd288d57a8daaeb,c0745607175cb18cadd7e1f4435374983eded73e4a37d3abefd288d57a8daaeb,34,0.8691387989652256,GLOBAL_SIMILARITY,true,0.95,1.0,1.0,34,4,1.3138697201249037,0.8691387989652253,0.8344580865239865,0.6851694915254237,2.4159732564642286E8,2cb74394f99b58f420e951bfb2fd090aa117c7147115b8126d898cf034a139d9,2cb74394f99b58f420e951bfb2fd090aa117c7147115b8126d898cf034a139d9
DISTRICT,JEONNAM,장흥군,LOCAL_SPECIALTY,WATERFRONT,4,71,1.0,NATIONWIDE_TYPE_VENUE,50,1,1.0,1.0,0.8259712620740343,0.765,1.7138245641126272E8,423ef67fb8d8ce3b4c72bcaeeff7f273fce5f5c7748615ef99cbb399498ea8e6,330fa32d2b47adfc9850a191af4dfb5407cc861255610490f7edd603cefe8839,101,0.6203934152039852,GLOBAL_SIMILARITY,true,0.925,0.9750000000000001,1.0,50,9,5.493141042473109,0.3508504142485225,0.9297072883060394,0.795,1.1858678464270088E8,7e8c1150a233fdfde040f0fd9690aa2493fe5f25ab91ca54c8248936d0ec2784,68aceebcafe722af10dce74dd2a8b31055c94654654dfd43707c1db2efe973e1
DISTRICT,JEONNAM,장흥군,LOCAL_SPECIALTY,GREEN,2,95,1.0,NATIONWIDE_TYPE_VENUE,50,1,1.0,1.0,0.8308413311374337,0.7875000000000001,1.3008934168955907E8,6f559ff7303a8c2962ebc48f630fcff4006b749cc57f1e138c456575624dd657,02895031946f45dc264a349a757e811e5a5d50f983bab9377dd15723d63eb362,112,0.7837100989504018,GLOBAL_SIMILARITY,true,0.95,1.0,1.0,50,8,2.6952675201208973,0.5858455146170645,0.9077571658329094,0.7941176470588235,8.163269666716488E7,3aff7a34e207e07926d62bb22bda4ac77b59b07b849c1fb69599115943cfaecf,8b8f6ac38d3f8381d2e3b3ab72c1f022c0c2e630532e28d4211aff99c1138eae
DISTRICT,JEONNAM,진도군,NATURE_ECOLOGY,GREEN,4,24,1.0,SAME_REGION_TYPE_VENUE,24,1,1.0,1.0,0.8941166074559495,0.8166666666666667,1.20321611884409E8,2776e62582e59c8ef3457e8c5ea75263f1a7a3ea4fa2bc0c6b6cfb08181a7ee5,2776e62582e59c8ef3457e8c5ea75263f1a7a3ea4fa2bc0c6b6cfb08181a7ee5,32,0.7063923431534367,GLOBAL_SIMILARITY,true,0.95,1.0,1.0,32,9,1.9616600339176968,0.7063923431534367,0.9239179444861383,0.8166666666666667,2.1246811305393398E8,a7fc25efd63a70ce59cfaf1efc767100b0ffa35ae0b7278f27122cadbf661e10,a7fc25efd63a70ce59cfaf1efc767100b0ffa35ae0b7278f27122cadbf661e10
DISTRICT,JEONNAM,진도군,NATURE_ECOLOGY,OTHER,18,28,1.0,NATIONWIDE_TYPE_VENUE,28,1,1.0,1.0,0.776986211873434,0.6986842105263158,1.230757359974029E8,bac84c25c579cb164a23d21f107620de9d5a19ddb2360cb94e2daef2a6ba747b,bac84c25c579cb164a23d21f107620de9d5a19ddb2360cb94e2daef2a6ba747b,249,0.21328086773674576,SAME_REGION_TYPE,true,0.8315789473684211,0.8815789473684211,1.0,50,8,4.610418015059038,0.023171255735189564,0.929604727137908,0.9230769230769231,2.2899332229863757E8,df28e06857f32678d5787d87f22382da16e4ac535e2551d0bc68ba896f8701db,6d65fb2232edc282ce402384679170eef453878999d3625430cb2a78dd7c93ad
DISTRICT,JEONNAM,진도군,LOCAL_SPECIALTY,OTHER,3,30,1.0,NATIONWIDE_TYPE_VENUE,30,1,1.0,1.0,0.8122146379071115,0.6943548387096775,1.2590983928198071E8,d7eb5f5a7795ed75ed648bbe71eacb81a6fe0bd8c57b502eb69efc2e8672ca56,d7eb5f5a7795ed75ed648bbe71eacb81a6fe0bd8c57b502eb69efc2e8672ca56,186,0.1512553847914466,SAME_REGION_TYPE,true,0.9,0.9500000000000001,1.0,50,8,5.5940221263224155,0.04011617881954952,0.944707890246073,0.9375000000000001,1.191637622705468E8,a15d3a6315bfed24bc81869118ecd16e732dbcd9279d5599893f899274f18fcf,75eb9f11fd11f81b306401cf40dd2f6560114709f0db2905b860f94449adcd37
DISTRICT,JEONNAM,진도군,LOCAL_SPECIALTY,INDEPENDENT,2,37,1.0,NATIONWIDE_TYPE_VENUE,37,1,1.0,1.0,0.8162216030960157,0.6895161290322581,1.0493782522363922E8,f48a1845e91ccd6df2e6cbb8eff45c61703b96b9de9c78eebb998bf15f66a0a2,f48a1845e91ccd6df2e6cbb8eff45c61703b96b9de9c78eebb998bf15f66a0a2,170,0.1740517615748538,SAME_REGION_TYPE,true,0.9,0.9500000000000001,1.0,50,8,5.566953886276719,0.06045422722136146,0.9472436873727911,0.9230769230769231,5.328338151254135E7,159e67c558e9939da440b6851d84d5e108481cff85b822000283014f2c39de4c,592dfed910a146e2d0d122a660ec29846f3a28afb0f254a781d976ced4e8a79d
DISTRICT,JEONNAM,진도군,CULTURE_ART,VILLAGE,3,39,1.0,NATIONWIDE_TYPE_VENUE,39,1,1.0,1.0,0.810573512377243,0.683955223880597,1.685383867569238E8,35666bd283d687af38fec7347887732ca0983e78f887177a0dbce730a02f799c,35666bd283d687af38fec7347887732ca0983e78f887177a0dbce730a02f799c,46,0.7855771869641596,GLOBAL_SIMILARITY,true,0.95,1.0,1.0,46,8,1.6033162865190795,0.7855771869641593,0.8490168459853908,0.683955223880597,1.4931576680847353E8,8d0dfc825bad67eded9c61e082113230642db15ddb3811fb5514ba353495e0d6,8d0dfc825bad67eded9c61e082113230642db15ddb3811fb5514ba353495e0d6
DISTRICT,JEONNAM,함평군,NATURE_ECOLOGY,GREEN,12,24,1.0,SAME_REGION_TYPE_VENUE,24,1,1.0,1.0,0.8873181117386731,0.8230769230769232,1.4987737698759657E8,2776e62582e59c8ef3457e8c5ea75263f1a7a3ea4fa2bc0c6b6cfb08181a7ee5,2776e62582e59c8ef3457e8c5ea75263f1a7a3ea4fa2bc0c6b6cfb08181a7ee5,223,0.22755954140080228,SAME_REGION_TYPE,true,0.8923076923076924,0.9423076923076924,1.0,50,9,6.885585090883255,0.17246093384268335,0.9519985775852277,0.9230769230769231,2.47293584804393E8,e3c2c17a9bbf06202584cfdee1070a1ecdbcb320ac06c12ba6d2151857b27df0,f6e3242b319ed5fb1e797ddb11afd740b36cb96d51d37e6c617ccc11b07d5ce7
DISTRICT,JEONNAM,함평군,CULTURE_ART,GREEN,31,158,1.0,NATIONWIDE_TYPE_VENUE,50,1,1.0,1.0,0.7881866032491828,0.703125,5.0146047464989835E8,4214f3c3954d05a920f970ebc6a910e54d165aa212212417de62ae5be5a531b0,7bf0f0b564a19e7c9ae40890bf81a781f51141a93562df7594a7b95c456d8975,160,0.9761801145327784,GLOBAL_SIMILARITY,true,0.9453125,0.9953125,1.0,50,2,1.135709630270851,0.9361804408544782,0.8043882550329755,0.703125,5.1780931160964453E8,cd42c2be582cc2e7b2499e5668c9c8cab24f25169510b0a2d79bdb4d3baf9857,d1f8ed2a27903db17e0caab1c5e195ac134a0a672459c73f8cf057f1164be167
DISTRICT,JEONNAM,함평군,NATURE_ECOLOGY,GREEN,7,24,1.0,SAME_REGION_TYPE_VENUE,24,1,1.0,1.0,0.8942915717167477,0.8266666666666667,1.3337957288601905E8,2776e62582e59c8ef3457e8c5ea75263f1a7a3ea4fa2bc0c6b6cfb08181a7ee5,2776e62582e59c8ef3457e8c5ea75263f1a7a3ea4fa2bc0c6b6cfb08181a7ee5,35,0.6344248138749484,GLOBAL_SIMILARITY,true,0.95,1.0,1.0,35,5,2.266789562886072,0.6344248138749486,0.9329359500613847,0.8266666666666667,1.853997884430319E8,5a6a0517b48fba88d6fd23435945c7c0ea9aaa77ed082e9306a1949a25ad2c57,5a6a0517b48fba88d6fd23435945c7c0ea9aaa77ed082e9306a1949a25ad2c57
DISTRICT,JEONNAM,함평군,NATURE_ECOLOGY,GREEN,17,24,1.0,SAME_REGION_TYPE_VENUE,24,1,1.0,1.0,0.8661407245938199,0.8166666666666667,1.615011939855075E8,2776e62582e59c8ef3457e8c5ea75263f1a7a3ea4fa2bc0c6b6cfb08181a7ee5,2776e62582e59c8ef3457e8c5ea75263f1a7a3ea4fa2bc0c6b6cfb08181a7ee5,206,0.2460815510428612,SAME_REGION_TYPE,true,0.8911764705882352,0.9411764705882353,1.0,50,9,5.918730246101346,0.019592124650003945,0.952682032311282,0.9230769230769231,3.451267324452848E8,b78759d32c01145ed4869f65404c221c09189d46293b4d8c87cbb1ddb77d2961,cc51edfcf60a279c8f18afcf4831e56102569bb0d100a2e849f24dfc9f752616
DISTRICT,JEONNAM,함평군,CULTURE_ART,GREEN,50,158,1.0,NATIONWIDE_TYPE_VENUE,50,1,1.0,1.0,0.7728334551481729,0.6926470588235295,5.150119699967776E8,4214f3c3954d05a920f970ebc6a910e54d165aa212212417de62ae5be5a531b0,7bf0f0b564a19e7c9ae40890bf81a781f51141a93562df7594a7b95c456d8975,247,0.5122771212892866,GLOBAL_SIMILARITY,true,0.8911764705882353,0.9411764705882354,1.0,50,7,4.2388480272855595,0.02061678374440237,0.9273832883049837,0.9230769230769231,2.509270764528877E8,243142c81385dc2cfa0562010f3cd981e9953b1275f797a0d2916c628b5c4bce,337f501ac464447dd155a6987adacde7df692ff4a0375cdb106ca5ea6e398e02
DISTRICT,JEONNAM,해남군,NATURE_ECOLOGY,GREEN,2,24,1.0,SAME_REGION_TYPE_VENUE,24,1,1.0,1.0,0.8933711612986127,0.81,9.682300606585272E7,2776e62582e59c8ef3457e8c5ea75263f1a7a3ea4fa2bc0c6b6cfb08181a7ee5,2776e62582e59c8ef3457e8c5ea75263f1a7a3ea4fa2bc0c6b6cfb08181a7ee5,262,0.19021997779884253,SAME_REGION_TYPE,true,0.9,0.9500000000000001,1.0,50,8,5.4113631965874225,0.1533872570802201,0.9704655278744314,0.9375000000000001,7.083439230699553E7,a170b4be790bba6558818730dfd9fc674e8239df8c93552d541489c27bd3edd8,9c9b4d30fbceeaf31b101a8bd6d877ae356cfa22f175333588b6365ce994bb00
DISTRICT,JEONNAM,해남군,NATURE_ECOLOGY,OTHER,2,28,1.0,NATIONWIDE_TYPE_VENUE,28,1,1.0,1.0,0.8218242040268394,0.6930000000000001,8.039546604665221E7,bac84c25c579cb164a23d21f107620de9d5a19ddb2360cb94e2daef2a6ba747b,bac84c25c579cb164a23d21f107620de9d5a19ddb2360cb94e2daef2a6ba747b,53,0.4251024880350634,SAME_REGION_TYPE,true,0.95,1.0,1.0,50,8,4.544660209241227,0.4050691120636375,0.9301653436658224,0.7159090909090909,8.129727008846767E7,38b4fc4735e3258b0dbb226a0f7c0175b950ea796dae4ac6de12a5a3bfd28efd,59342c3dcd3e8260b88645bf969512f65550291994b498280d1362cd82d3b85f
DISTRICT,JEONNAM,해남군,LOCAL_SPECIALTY,INDEPENDENT,2,37,1.0,NATIONWIDE_TYPE_VENUE,37,1,1.0,1.0,0.8209531304371809,0.6895161290322581,1.037466423131693E8,f48a1845e91ccd6df2e6cbb8eff45c61703b96b9de9c78eebb998bf15f66a0a2,f48a1845e91ccd6df2e6cbb8eff45c61703b96b9de9c78eebb998bf15f66a0a2,42,0.8356902486834668,GLOBAL_SIMILARITY,true,0.95,1.0,1.0,42,6,1.420879529443207,0.8356902486834666,0.84746713615646,0.6895161290322581,1.3868676794794965E8,c97a30cd437f02f0e0ff0c6f5a782476ea61fab3c5aae89853bd9ba4bad35c4d,c97a30cd437f02f0e0ff0c6f5a782476ea61fab3c5aae89853bd9ba4bad35c4d
DISTRICT,JEONNAM,해남군,CULTURE_ART,INDEPENDENT,4,76,1.0,NATIONWIDE_TYPE_VENUE,50,1,1.0,1.0,0.8264673913801394,0.765,4.068624962090289E8,8d3227fce5057e121afb1463f7003206e6d03aae5ceffb834860623ae7d9b164,6a2327321634711cc86e13cef79798248c471e10c3f41e73da464fd7641675f2,176,0.35959434161811427,SAME_REGION_TYPE,true,0.92,0.9700000000000001,1.0,50,9,5.730071262556573,0.06374093287062199,0.9353283450425234,0.9230769230769231,2.5363493959398648E8,3358fe6680693a6470beaae37f169fc8fdd0bca0bb207a204ff4ed65284c3c7f,47a76c8c5d56f0996d9ecc02b4d9079fdb5145a6b7beb46dbf99ccf1f7872239
DISTRICT,JEONNAM,해남군,TRADITION_HISTORY,WATERFRONT,2,31,1.0,NATIONWIDE_TYPE_VENUE,31,1,1.0,1.0,0.8064510892332326,0.6826271186440679,2.2040825142785048E8,c0745607175cb18cadd7e1f4435374983eded73e4a37d3abefd288d57a8daaeb,c0745607175cb18cadd7e1f4435374983eded73e4a37d3abefd288d57a8daaeb,31,1.0,GLOBAL_SIMILARITY,true,0.95,1.0,1.0,31,1,1.0,1.0,0.8064510892332326,0.6826271186440679,2.2040825142785048E8,c0745607175cb18cadd7e1f4435374983eded73e4a37d3abefd288d57a8daaeb,c0745607175cb18cadd7e1f4435374983eded73e4a37d3abefd288d57a8daaeb
DISTRICT,JEONNAM,해남군,TRADITION_HISTORY,WATERFRONT,3,31,1.0,NATIONWIDE_TYPE_VENUE,31,1,1.0,1.0,0.8091457698960006,0.6851694915254237,2.5929101609502518E8,c0745607175cb18cadd7e1f4435374983eded73e4a37d3abefd288d57a8daaeb,c0745607175cb18cadd7e1f4435374983eded73e4a37d3abefd288d57a8daaeb,101,0.24811431660980807,SAME_REGION_TYPE,true,0.9125000000000001,0.9625000000000001,1.0,50,8,7.181565661342392,0.06278619223140869,0.9329011056759932,0.9230769230769231,3.375360707574989E8,cc6283e71c50888b1e373fcedd13ec93fe669519e27449b3b26671e1fd29e8ee,ff1bf7138a2168067ab1db01e154d363f78e31d8a60d7b40a12db5fa54f064e2
DISTRICT,JEONNAM,해남군,CULTURE_ART,INDEPENDENT,3,76,1.0,NATIONWIDE_TYPE_VENUE,50,1,1.0,1.0,0.836791436459564,0.7875000000000001,2.953565356114622E8,8d3227fce5057e121afb1463f7003206e6d03aae5ceffb834860623ae7d9b164,6f04df07cfa09ec48a75484b297358dd7a83250294474089e75885745e9f3923,80,0.9265212059930733,GLOBAL_SIMILARITY,true,0.95,1.0,1.0,50,5,1.2543113011038711,0.8912281142507692,0.856761711168814,0.7875000000000001,2.913392990918406E8,f9af7c34dae1768102938f7d68feaa928301852cecc41a3e9b3fede766f42b3e,ec6a9ccbe8dc3e28443df5a2cb56e4b40ad0e1efd9fea730771c21d2d2b1c2a9
DISTRICT,JEONNAM,해남군,LOCAL_SPECIALTY,GREEN,3,95,1.0,NATIONWIDE_TYPE_VENUE,50,1,1.0,1.0,0.8415226944929111,0.795,2.6102308523795784E8,6f559ff7303a8c2962ebc48f630fcff4006b749cc57f1e138c456575624dd657,2ea804cb1df065d662c483d107acf1d8d15e2aa8623dcd62536c5b0e9a78f785,100,0.9255683293289076,GLOBAL_SIMILARITY,true,0.95,1.0,1.0,50,6,1.3311625858743759,0.8646138769177528,0.8669591491626263,0.795,2.8952027123845744E8,596a34da9c7b50ac4018e28e829d81c5bac36df6d81495e04923f482b1f3d178,fdf4ea353f236bb587683a80345461710952ff5a98636abb0e787d2533fdc4c2
DISTRICT,JEONNAM,해남군,NATURE_ECOLOGY,VILLAGE,2,405,0.1357652481168163,SAME_REGION_TYPE,50,8,5.118453816275064,0.021317123437386155,0.9700808564841319,0.9375000000000001,6.548283522332462E7,55ac296673fef81051c9b989325207332b5e525841a7f883ba2af9155a8c7d0f,09d6e5f5aa1dfad02ad1b9fdf69f46d974c75b832f28404b62a7e9c34ad39051,405,0.1357652481168163,SAME_REGION_TYPE,false,-Infinity,NaN,NaN,50,8,5.118453816275064,0.021317123437386155,0.9700808564841319,0.9375000000000001,6.548283522332462E7,55ac296673fef81051c9b989325207332b5e525841a7f883ba2af9155a8c7d0f,09d6e5f5aa1dfad02ad1b9fdf69f46d974c75b832f28404b62a7e9c34ad39051
DISTRICT,JEONNAM,화순군,NATURE_ECOLOGY,GREEN,10,24,1.0,SAME_REGION_TYPE_VENUE,24,1,1.0,1.0,0.8993309552039562,0.8272727272727273,1.4268414249095273E8,2776e62582e59c8ef3457e8c5ea75263f1a7a3ea4fa2bc0c6b6cfb08181a7ee5,2776e62582e59c8ef3457e8c5ea75263f1a7a3ea4fa2bc0c6b6cfb08181a7ee5,222,0.22481087806303487,SAME_REGION_TYPE,true,0.9,0.9500000000000001,1.0,50,8,6.097190016388423,0.21964751494115412,0.9473586389247788,0.9230769230769231,1.7745814126973403E8,2617a0e0ab6281e67e49cab8b028f93065e39643fe5daeb0d78506cdc0017e2c,c1af8904d6b45761a3ba6c4672086ca9a309f5e07ef42bdce2d0ee54fb136179
DISTRICT,GYEONGBUK,포항시,CULTURE_ART,WATERFRONT,2,90,1.0,NATIONWIDE_TYPE_VENUE,50,1,1.0,1.0,0.8437512552256438,0.7875000000000001,1.8694311470151705E8,c348e29400ebe021db666e856fec31595170b0090866fe06d013a15bb05b35e1,b3d1e0277841d537362bec45b102ce1997edbc2b3ffa7c07392a5083e1640539,116,0.6887294806724357,GLOBAL_SIMILARITY,true,0.95,1.0,1.0,50,8,4.130852132602257,0.42141905262497265,0.9483867016839398,0.8250000000000001,2.418741998096924E8,d4c97935bf693514cc3dcc7c7a2521c5d83d4296f2514fc26a80b2b31a5fbae3,e4bff4995268d06fc1a06d435428724d1d3e2eb5622fb36de9813d9a4ed6bb54
DISTRICT,GYEONGBUK,포항시,CULTURE_ART,GREEN,2,158,1.0,NATIONWIDE_TYPE_VENUE,50,1,1.0,1.0,0.8598851093758657,0.8250000000000001,2.255168754205919E8,4214f3c3954d05a920f970ebc6a910e54d165aa212212417de62ae5be5a531b0,a30d4e760dc95af25631f018588a8da9e40b864cea2cf9902a3310d81f71a098,184,0.7968286050256466,GLOBAL_SIMILARITY,true,0.95,1.0,1.0,50,8,4.095340160327795,0.4247834279615671,0.9495891019756286,0.8250000000000001,2.949765548842006E8,67fa397b158aa3a06c1ef0d04f13304576f072e55b4057719358c2a6b9169dae,e8a53abcf971b5d94c89da7a715f429c775faa7e8dc3d06074b9b0737cbc9047
DISTRICT,GYEONGBUK,포항시,COMMUNITY,INDEPENDENT,2,21,1.0,NATIONWIDE_TYPE_VENUE,21,1,1.0,1.0,0.8150926786285001,0.7392857142857143,1.387955829638044E8,eedf7791ca3d1393402cd8cd68579a82dd4c14bb23bf3bca6d0ba4c78b4feceb,eedf7791ca3d1393402cd8cd68579a82dd4c14bb23bf3bca6d0ba4c78b4feceb,71,0.23153159299187728,SAME_REGION_TYPE,true,0.9,0.9500000000000001,1.0,50,9,7.2131971056450555,0.019642686786839114,0.9607303758214611,0.9062499999999999,1.6901720835863718E8,d7379231232dad928f61f28c341b8f7141e0015f36aa3d249c542b56aea9c46e,a965721275d531be3fc112f6ef1fb2a6f6d041aa95ce842b76d29e8ece4fa0ab
DISTRICT,GYEONGBUK,포항시,COMMUNITY,WATERFRONT,2,29,1.0,NATIONWIDE_TYPE_VENUE,29,1,1.0,1.0,0.8172163527159696,0.6964285714285715,1.392200545323492E8,d79174673ff7f3466f21cd9adef13feaf0fb2e943028627027b036405e0d7d39,d79174673ff7f3466f21cd9adef13feaf0fb2e943028627027b036405e0d7d39,52,0.45573432862957614,SAME_REGION_TYPE,true,0.95,1.0,1.0,50,8,3.9083821857047973,0.4414757340076124,0.9194027573093623,0.765,1.8182820954230672E8,99337f33a3766410837d78936479b0c7202276c8bbbde51465c3fbda6cb63e5c,bbbc445ad3761306b0cc2eb74834811f546a6ba8489d2d8ae395ea0eba0f7947
DISTRICT,GYEONGBUK,포항시,CULTURE_ART,WATERFRONT,3,90,1.0,NATIONWIDE_TYPE_VENUE,50,1,1.0,1.0,0.8461974237942218,0.7875000000000001,2.8184920986764014E8,c348e29400ebe021db666e856fec31595170b0090866fe06d013a15bb05b35e1,ecf9ffdf053ff01285ef776ba911e2aa7c89a0d1f8706dd32bbb8d07720d56fa,217,0.3384364458881701,SAME_REGION_TYPE,true,0.9125000000000001,0.9625000000000001,1.0,50,9,8.026938027933879,0.13639126949541902,0.9728160405185232,0.9375000000000001,3.408641406681837E8,db9caa59aa9ab05a785edb36ef42b9655278fd072099bbac44828a001f291923,1b64e37cad87d55ca4f7123d1b5862f2f3a97b96264e11b3c3d9ffab0284e98f
DISTRICT,GYEONGBUK,포항시,COMMUNITY,UNDECIDED,2,68,0.1766226401036969,SAME_REGION_TYPE,50,8,7.008576194176275,0.16797562702438015,0.9599659531417389,0.9062499999999999,1.7509268551884288E8,6414dc532639c4358b0696fea8b457ae59d80628de17bfd79116f25e4736568a,96e6171f75aa995473ab37e1f8a8e0214ac269d33bb3b020b6a4471dcba13ae7,68,0.1766226401036969,SAME_REGION_TYPE,false,-Infinity,NaN,NaN,50,8,7.008576194176275,0.16797562702438015,0.9599659531417389,0.9062499999999999,1.7509268551884288E8,6414dc532639c4358b0696fea8b457ae59d80628de17bfd79116f25e4736568a,96e6171f75aa995473ab37e1f8a8e0214ac269d33bb3b020b6a4471dcba13ae7
DISTRICT,GYEONGBUK,포항시,NATURE_ECOLOGY,GREEN,2,88,1.0,NATIONWIDE_TYPE_VENUE,50,1,1.0,1.0,0.8072341126095881,0.765,9.070087429194053E7,dc459aca48974424d1e63cba2ca3e5c0d723e32a3a4724a75d28d13eea8c5f69,235f2deb1c8b78c4800f8ddd1d8c99f06258e8b465562f15290165a37ea569b5,93,0.9122672679127749,GLOBAL_SIMILARITY,true,0.95,1.0,1.0,50,5,1.357692845491714,0.8547737918076148,0.8385071254545877,0.775,9.008327986720213E7,0d1cc86817173586a3d1f7711fe794bdff0b4819cb9b8321bb2eb912f6f25558,fc9706078c487ad1f3f50dd43b96674f8c8280734ca79674e67e76867938b34d
DISTRICT,GYEONGBUK,포항시,LOCAL_SPECIALTY,GREEN,3,95,1.0,NATIONWIDE_TYPE_VENUE,50,1,1.0,1.0,0.8651038176439805,0.795,2.537101590648686E8,6f559ff7303a8c2962ebc48f630fcff4006b749cc57f1e138c456575624dd657,75bedf4daf018780da6f8178bf01aaf0d3a2ae00f33b62fef30541171f346d2d,273,0.2913609400194078,SAME_REGION_TYPE,true,0.9125000000000001,0.9625000000000001,1.0,50,8,6.369474986477344,0.1938162562431469,0.9683986491198594,0.9375000000000001,9.816385662151957E7,b24d18b4fd5d5f8d6af7ac5221a2e92b3962fb4e17113558ec07ecafe4998b8b,545f48d56f7ad5fabe0c0617acc3355a3d03257f49e2dfa1c7f73bea69f33647
DISTRICT,GYEONGBUK,포항시,CULTURE_ART,INDEPENDENT,2,76,1.0,NATIONWIDE_TYPE_VENUE,50,1,1.0,1.0,0.8245857966809286,0.765,2.074670312368053E8,8d3227fce5057e121afb1463f7003206e6d03aae5ceffb834860623ae7d9b164,5610f693d8d84799f2daf0f6aee70e3a587c413706f3c785d0ce35a567a049b5,197,0.30905878875942994,SAME_REGION_TYPE,true,0.9,0.9500000000000001,1.0,50,9,7.452335370063321,0.057830796778099075,0.9662036623730689,0.9230769230769231,1.918248480953659E8,5c3993894b903de3dbd86f213884646bcaaa763c585a1a2bf952ccaaafefcd9e,486ff730bdb03883d93d21e856f424662effef708203953b2c86ef31c8fbd912
DISTRICT,GYEONGBUK,포항시,LOCAL_SPECIALTY,WATERFRONT,2,71,1.0,NATIONWIDE_TYPE_VENUE,50,1,1.0,1.0,0.8390389362199409,0.7875000000000001,1.0844480475472288E8,423ef67fb8d8ce3b4c72bcaeeff7f273fce5f5c7748615ef99cbb399498ea8e6,31eaea0af63bf77ddfc8cb11f2b5c5a1bb5b0bd7473c755b68147357fc7c7b38,92,0.6899917129744575,GLOBAL_SIMILARITY,true,0.95,1.0,1.0,50,8,3.1320303989552833,0.5086828232260528,0.930123907429704,0.8250000000000001,6.608800369911305E7,f2afc84e0ff34c7620a8b686bf6241a6d2c3f35e221ef918824291382c726396,d553186a34ebc73f271dcfc99f942245676f45851427ced22f68a2ba267dbafe
DISTRICT,GYEONGBUK,포항시,LOCAL_SPECIALTY,GREEN,2,95,1.0,NATIONWIDE_TYPE_VENUE,50,1,1.0,1.0,0.8562278461278457,0.7875000000000001,1.4064069362804568E8,6f559ff7303a8c2962ebc48f630fcff4006b749cc57f1e138c456575624dd657,09070118a019629e1f9a3d6131425d4bb1ee73a4aa79fbbc8b8f47a09abc428d,116,0.7493174547295173,GLOBAL_SIMILARITY,true,0.95,1.0,1.0,50,8,3.027897191100217,0.5226101769188456,0.9421542854676335,0.8250000000000001,7.027635458871633E7,ee80b5b28c6099f18b52ad045f30105488930b59cd959972f35df41a573963c8,d83eb6579149d52dc35ed461450db0a8ddef1608a4f454790f8ab18eb553f9ef
DISTRICT,GYEONGBUK,포항시,LOCAL_SPECIALTY,WATERFRONT,3,71,1.0,NATIONWIDE_TYPE_VENUE,50,1,1.0,1.0,0.8428282410744536,0.7875000000000001,1.6666426901527515E8,423ef67fb8d8ce3b4c72bcaeeff7f273fce5f5c7748615ef99cbb399498ea8e6,c188fa23dd2de31c040523fd76f3bd17ec63e8de00dd0384386e73cd49f15b99,249,0.2308200316458377,SAME_REGION_TYPE,true,0.9125000000000001,0.9625000000000001,1.0,50,8,6.947114342915089,0.13554715726586963,0.9674036311311428,0.9375000000000001,1.0089837869381998E8,f0c89b358e95c394080d263917a1bee046413c974ae7c12ccfe1f859e0a1eb99,e2d238e99c4157fc996bdaf0216c8a19c130ced843a94d19007e322c7732cf13
DISTRICT,GYEONGBUK,포항시,CULTURE_ART,GREEN,3,158,1.0,NATIONWIDE_TYPE_VENUE,50,1,1.0,1.0,0.8618960987455323,0.8250000000000001,4.5386366452493995E8,4214f3c3954d05a920f970ebc6a910e54d165aa212212417de62ae5be5a531b0,636bec2224cbc7a0c74da60d5ebdb70c59e472dcc6dcceb764dd7e6214b3932f,184,0.7969318479779279,GLOBAL_SIMILARITY,true,0.95,1.0,1.0,50,8,4.117032501577179,0.4241812751852951,0.9540821048283099,0.8250000000000001,3.941026728649266E8,67fa397b158aa3a06c1ef0d04f13304576f072e55b4057719358c2a6b9169dae,c60bd067a591808f52db4b122f6f1091c4efc587a950df373f91602b0bcb8830
DISTRICT,GYEONGBUK,경주시,NATURE_ECOLOGY,VILLAGE,3,99,0.1645180420009496,SAME_REGION_TYPE,50,9,5.936053181396814,0.02329774596892558,0.9269715529464767,0.9,1.5081970878851825E8,99124ac9066aaff36245875bc6e5864ba5b591b9f7b68485514b288156a763f2,21a9c46bddc9e7954abf850b19f800a53277207742364f7c0d1bf51462b7e53f,99,0.1645180420009496,SAME_REGION_TYPE,false,-Infinity,NaN,NaN,50,9,5.936053181396814,0.02329774596892558,0.9269715529464767,0.9,1.5081970878851825E8,99124ac9066aaff36245875bc6e5864ba5b591b9f7b68485514b288156a763f2,21a9c46bddc9e7954abf850b19f800a53277207742364f7c0d1bf51462b7e53f
DISTRICT,GYEONGBUK,경주시,COMMUNITY,INDEPENDENT,3,21,1.0,NATIONWIDE_TYPE_VENUE,21,1,1.0,1.0,0.8038123190930062,0.75,1.6193896826218927E8,eedf7791ca3d1393402cd8cd68579a82dd4c14bb23bf3bca6d0ba4c78b4feceb,eedf7791ca3d1393402cd8cd68579a82dd4c14bb23bf3bca6d0ba4c78b4feceb,73,0.23666852773630087,SAME_REGION_TYPE,true,0.8625,0.9125000000000001,1.0,50,9,6.981470175077598,0.01980438379614582,0.9173387745093452,0.8906250000000001,1.6936194473750132E8,12732840a6b29446b023b03cf2a74bde2f17af086f21d980d89e5dca902c47fc,aeda03921173d773bd2b971d9902e8c0c0a894713ee5e5401d06caf21aa02c4b
DISTRICT,GYEONGBUK,김천시,CULTURE_ART,GREEN,3,158,1.0,NATIONWIDE_TYPE_VENUE,50,1,1.0,1.0,0.8588937736716622,0.8250000000000001,4.532208238171905E8,4214f3c3954d05a920f970ebc6a910e54d165aa212212417de62ae5be5a531b0,636bec2224cbc7a0c74da60d5ebdb70c59e472dcc6dcceb764dd7e6214b3932f,282,0.48687838570553843,SAME_REGION_TYPE,true,0.9125000000000001,0.9625000000000001,1.0,50,7,5.615192707473765,0.14412439529847654,0.9371386121223505,0.9230769230769231,3.055358066328692E8,f2ec880c2e4a99f8a3f67c74638799c58d9fd7d3ecbc3003facdef18a948a7fc,d643742b1d2728199349a42b689801fa4fc86e205b8f58bfb9d867f5bb4f456d
DISTRICT,GYEONGBUK,김천시,NATURE_ECOLOGY,WATERFRONT,10,70,1.0,NATIONWIDE_TYPE_VENUE,50,1,1.0,1.0,0.7849493226708721,0.7159090909090909,2.3160855593477455E8,0a635fe7c95464734d67fcf3eb34fbe1decb151168419235fa06b370eaf0e0c0,1288828261f1d3a9550da52da986d4dffd3c7f821078f29428c89fd4cc70af59,129,0.446728739136156,SAME_REGION_TYPE,true,0.9,0.9500000000000001,1.0,50,9,6.092008185899572,0.04105230337860754,0.9244247883142577,0.9204545454545455,1.5239668420512846E8,281f8f5dfb751bb2feb6d1d8b6a9cfa39509379f7fe2d7f6e720f87ebfb1f27b,4006f5ca2d5868e880eb28a41d80ada165bca4a2bd5e9ea3b5723a2b0bb882f0
DISTRICT,GYEONGBUK,김천시,CULTURE_ART,WATERFRONT,2,90,1.0,NATIONWIDE_TYPE_VENUE,50,1,1.0,1.0,0.8349843295083608,0.7875000000000001,1.872844755010586E8,c348e29400ebe021db666e856fec31595170b0090866fe06d013a15bb05b35e1,b3d1e0277841d537362bec45b102ce1997edbc2b3ffa7c07392a5083e1640539,205,0.36235140328934734,SAME_REGION_TYPE,true,0.9,0.9500000000000001,1.0,50,7,4.776205586547378,0.1038230406733343,0.9326380748036334,0.9230769230769231,1.2453101826555263E8,760d563e6d3e28c152ce82d0840c9d6a49bf13439d46312262d356f1ac3406c1,7dd5e11ee74e93a14f8aab3279f4e81833c86de4ffaba1cff821734b3fbc133d
DISTRICT,GYEONGBUK,김천시,LOCAL_SPECIALTY,INDEPENDENT,2,37,1.0,NATIONWIDE_TYPE_VENUE,37,1,1.0,1.0,0.7944581791782269,0.6895161290322581,1.090272545183794E8,f48a1845e91ccd6df2e6cbb8eff45c61703b96b9de9c78eebb998bf15f66a0a2,f48a1845e91ccd6df2e6cbb8eff45c61703b96b9de9c78eebb998bf15f66a0a2,272,0.1375174984465149,SAME_REGION_TYPE,true,0.775,0.8250000000000001,1.0,50,8,5.1569479001465135,0.02260966869735867,0.9417386735885701,0.9230769230769231,1.4894709369925135E8,bcb5f10b4637f4045764699675575d0b39bb564c94702fc7c07ca284b46a3fa0,463488e058c8ada7134c74d850a25f53ae2de7a9aa6b8d5b0fa21fd588ad458c
DISTRICT,GYEONGBUK,김천시,LOCAL_SPECIALTY,WATERFRONT,3,71,1.0,NATIONWIDE_TYPE_VENUE,50,1,1.0,1.0,0.8447665941246106,0.7875000000000001,1.675806946838583E8,423ef67fb8d8ce3b4c72bcaeeff7f273fce5f5c7748615ef99cbb399498ea8e6,c188fa23dd2de31c040523fd76f3bd17ec63e8de00dd0384386e73cd49f15b99,83,0.7982644986592454,GLOBAL_SIMILARITY,true,0.95,1.0,1.0,50,9,1.9850241686846948,0.6998930734264958,0.9002034492230256,0.7941176470588235,2.0662506532001323E8,2f2da913f80ac7e272ddc57d81f6adceb49023e8a02e85e9bd25b1b1bfccf861,554152e1fe4ab1fd16fa60c7dd8a70f613005912f437e2ab424f82cd1e100a9f
DISTRICT,GYEONGBUK,김천시,CULTURE_ART,OTHER,2,70,1.0,NATIONWIDE_TYPE_VENUE,50,1,1.0,1.0,0.8093530791258913,0.775,1.763952122204137E8,e2894551a9aade3371c9d134fd015763aa296c0fb24e8191f8fdd46932c4cd77,e094563adbf695549d3d9c54354fd47cf1d8ffaa0848cc965e29bafbf20de123,227,0.24903601310382342,SAME_REGION_TYPE,true,0.8625,0.9125000000000001,1.0,50,7,4.4787704614486055,0.023142130961909632,0.9298823193763941,0.9230769230769231,1.4546220639499757E8,41bc86d125d99a90ee8ca3f495f342a00d8821fe0e56829ef5d568e6760651d1,b8aa85c625cddae7124cac60380b3f1f5b2fc4ae9c4834130789d12aa081da91
DISTRICT,GYEONGBUK,안동시,NATURE_ECOLOGY,VILLAGE,5,99,0.15990533548634375,SAME_REGION_TYPE,50,9,5.963594440534446,0.01999327165541473,0.942971601644122,0.9230769230769231,1.4240697317995676E8,99124ac9066aaff36245875bc6e5864ba5b591b9f7b68485514b288156a763f2,25ab1f0113f5f55a0c286e8d55ab6d048b09e428ecf732da366a74455b2bfbe9,99,0.15990533548634375,SAME_REGION_TYPE,false,-Infinity,NaN,NaN,50,9,5.963594440534446,0.01999327165541473,0.942971601644122,0.9230769230769231,1.4240697317995676E8,99124ac9066aaff36245875bc6e5864ba5b591b9f7b68485514b288156a763f2,25ab1f0113f5f55a0c286e8d55ab6d048b09e428ecf732da366a74455b2bfbe9
DISTRICT,GYEONGBUK,안동시,TRADITION_HISTORY,OTHER,5,22,1.0,NATIONWIDE_TYPE_VENUE,22,1,1.0,1.0,0.7859705258139453,0.7250000000000001,2.6515428851140505E8,3d535e023c473017fdda8ada497fd3aeb9dbae27b046a7bdeb89e40249781229,3d535e023c473017fdda8ada497fd3aeb9dbae27b046a7bdeb89e40249781229,74,0.23150845005462256,SAME_REGION_TYPE,true,0.8818181818181818,0.9318181818181819,1.0,50,9,6.955089419127229,0.020171161031879943,0.9291577289189242,0.9062500000000001,4.0141002339161456E8,c2c94224147a3f7583090c9ac295d4d4e3a600fe36ace6bc378288eda1b50c6f,27821e052bad53ea24db1d84bea5cf00de2d33f87b3ad280092a8bb8ba41bf52
DISTRICT,GYEONGBUK,안동시,COMMUNITY,OTHER,9,74,0.19916034679418465,SAME_REGION_TYPE,50,9,6.577099345525145,0.017600139432385198,0.9049841137044949,0.8062500000000001,1.7821742799685627E8,990a3170e492539d2dfc97a2318fbfeb288a6f0550b7c1bb656bef0d3e99fcbc,8beb80b0c95b479170b8e6caa40aee6f3171d109f2a31553f82001225ce8ad53,74,0.19916034679418465,SAME_REGION_TYPE,false,-Infinity,NaN,NaN,50,9,6.577099345525145,0.017600139432385198,0.9049841137044949,0.8062500000000001,1.7821742799685627E8,990a3170e492539d2dfc97a2318fbfeb288a6f0550b7c1bb656bef0d3e99fcbc,8beb80b0c95b479170b8e6caa40aee6f3171d109f2a31553f82001225ce8ad53
DISTRICT,GYEONGBUK,안동시,TRADITION_HISTORY,VILLAGE,10,94,0.17207095134791678,SAME_REGION_TYPE,50,9,6.714842535357023,0.034372305821630214,0.9168312706746438,0.8352272727272727,4.172151386798856E8,bdb61ff40e92f3508fdd7305323fece94a97cb10bf12cd1ac97690269d736116,7713aba68fd8a5db60b3611b8827c54a81737567a9c3f491dd1288534866b8c2,94,0.17207095134791678,SAME_REGION_TYPE,false,-Infinity,NaN,NaN,50,9,6.714842535357023,0.034372305821630214,0.9168312706746438,0.8352272727272727,4.172151386798856E8,bdb61ff40e92f3508fdd7305323fece94a97cb10bf12cd1ac97690269d736116,7713aba68fd8a5db60b3611b8827c54a81737567a9c3f491dd1288534866b8c2
DISTRICT,GYEONGBUK,안동시,NATURE_ECOLOGY,GREEN,9,88,1.0,NATIONWIDE_TYPE_VENUE,50,1,1.0,1.0,0.7891856752924687,0.735,1.9098287842310503E8,dc459aca48974424d1e63cba2ca3e5c0d723e32a3a4724a75d28d13eea8c5f69,46d30fc24e66a8b38eb99313163af363f5896dd419aa57bcd003ca071b9011e5,169,0.4463645010457222,SAME_REGION_TYPE,true,0.795,0.8450000000000001,1.0,50,8,7.0852694339974205,0.12321343477649066,0.9515287263574951,0.9230769230769231,1.598659434727806E8,80272438f932f5a2fa7ef7f71b99dac0a4dd8fac7bef158ed5bebae8ec888146,35cbf467d0ccf1a86819de2567c3314c9d31a58f186d8a71a00aea827683ee3a
DISTRICT,GYEONGBUK,안동시,TRADITION_HISTORY,WATERFRONT,10,31,1.0,NATIONWIDE_TYPE_VENUE,31,1,1.0,1.0,0.7453985648293221,0.7022727272727273,3.172628033353242E8,c0745607175cb18cadd7e1f4435374983eded73e4a37d3abefd288d57a8daaeb,c0745607175cb18cadd7e1f4435374983eded73e4a37d3abefd288d57a8daaeb,105,0.23953815226988293,SAME_REGION_TYPE,true,0.7772727272727272,0.8272727272727273,1.0,50,9,6.682536405449885,0.017374923282481594,0.9167533392150706,0.8352272727272727,4.2147434439102966E8,3e133c170b8d7103bfd8132a6516b8a3b834cdb325340de13df7223ea49b492f,ef2c1094ffc71606eecb385e7007c3e34cadaed83396e938da692f32c47edf6b
DISTRICT,GYEONGBUK,구미시,CULTURE_ART,GREEN,2,158,1.0,NATIONWIDE_TYPE_VENUE,50,1,1.0,1.0,0.8566518623207615,0.8250000000000001,2.2410098953591862E8,4214f3c3954d05a920f970ebc6a910e54d165aa212212417de62ae5be5a531b0,a30d4e760dc95af25631f018588a8da9e40b864cea2cf9902a3310d81f71a098,272,0.4990794401319784,SAME_REGION_TYPE,true,0.9125000000000001,0.9625000000000001,1.0,50,9,5.682306938411325,0.11755101017137053,0.9621310991290897,0.9230769230769231,1.3464048289536816E8,15cfd3f5376bcc9805312287a7cda5a912b0eae92a18e7eac4c1be4e05ac5bbe,7b1c91614cb07a0fb48cbde5835073e00d5afc695aea290ecf519b2f7e4513fd
DISTRICT,GYEONGBUK,구미시,CULTURE_ART,GREEN,3,158,1.0,NATIONWIDE_TYPE_VENUE,50,1,1.0,1.0,0.8591001133232238,0.8250000000000001,4.52056519094546E8,4214f3c3954d05a920f970ebc6a910e54d165aa212212417de62ae5be5a531b0,636bec2224cbc7a0c74da60d5ebdb70c59e472dcc6dcceb764dd7e6214b3932f,177,0.8431227853322631,GLOBAL_SIMILARITY,true,0.95,1.0,1.0,50,8,2.917030766144571,0.5563307032069945,0.9300024760252321,0.8250000000000001,2.6577623371888667E8,12774a710a7417eaa1f07dd2d130abc94a1b94f8f89c1350a10cf2aa3cc8846c,9f20db581bc48869702ae7c1e428a7cd0f241a7f5d4b870621c3816be960f605
DISTRICT,GYEONGBUK,구미시,LOCAL_SPECIALTY,WATERFRONT,2,71,1.0,NATIONWIDE_TYPE_VENUE,50,1,1.0,1.0,0.8390389362199409,0.7875000000000001,1.085877377923888E8,423ef67fb8d8ce3b4c72bcaeeff7f273fce5f5c7748615ef99cbb399498ea8e6,31eaea0af63bf77ddfc8cb11f2b5c5a1bb5b0bd7473c755b68147357fc7c7b38,72,0.9788729045665796,GLOBAL_SIMILARITY,true,0.95,1.0,1.0,50,2,1.0584791973188132,0.9715674289447576,0.8445242404383522,0.7875000000000001,1.0937668817641976E8,041dd396746d86f265e6b59b92e40525c7806be99704ec5c422315616659dcb1,544e5a767cfdc7a7ca6d80c34c08554b0a8b39cde3c4a3a2c97940ef25007fb4
DISTRICT,GYEONGBUK,구미시,CULTURE_ART,OTHER,3,70,1.0,NATIONWIDE_TYPE_VENUE,50,1,1.0,1.0,0.8091633879554049,0.7875000000000001,2.0057774187152606E8,e2894551a9aade3371c9d134fd015763aa296c0fb24e8191f8fdd46932c4cd77,dd930dbf5e076980a9eab1fd7d02d86fc836e9db01618f31db2fa76480a0b830,89,0.6979437556331145,GLOBAL_SIMILARITY,true,0.95,1.0,1.0,50,8,3.1933962914376,0.5242570951801242,0.9040533918895862,0.7941176470588235,1.6577312321002924E8,a22fb847901746ca65284d1fa3ab14c03bb89fdb0fa8539fcbab4ecbfafe0168,f5e11c56ec3446eb44091977681a707371eb75f31628d0507b0d7b633baa51cf
DISTRICT,GYEONGBUK,구미시,COMMUNITY,GREEN,2,41,1.0,NATIONWIDE_TYPE_VENUE,41,1,1.0,1.0,0.8172214656746576,0.6868421052631579,1.2880281221051067E8,2e791c1fbe39f5acd2e443473c32520423f6131ee59cef2b016af5dfdade83f7,2e791c1fbe39f5acd2e443473c32520423f6131ee59cef2b016af5dfdade83f7,46,0.8430496561339098,GLOBAL_SIMILARITY,true,0.95,1.0,1.0,46,5,1.3934755958134857,0.8430496561339101,0.84590861948836,0.6868421052631579,1.3300377648731817E8,56a35e271dff09c80684fc30be696e97760b1b24f3164819ece1a2c80c65f7b6,56a35e271dff09c80684fc30be696e97760b1b24f3164819ece1a2c80c65f7b6
DISTRICT,GYEONGBUK,구미시,COMMUNITY,VILLAGE,12,80,0.2407778905241137,SAME_REGION_TYPE,50,9,6.5049391991502095,0.031125019271890368,0.9064658512773395,0.7932692307692308,1.638725309891242E8,0c688b844dcc86ba2982c7b32f7faca6d569fecf2f1a4fc393729259b826bf2b,c331476d52e3a21dab7793eb5e6b8eafea30cabda74c135e2952b13df11a23de,80,0.2407778905241137,SAME_REGION_TYPE,false,-Infinity,NaN,NaN,50,9,6.5049391991502095,0.031125019271890368,0.9064658512773395,0.7932692307692308,1.638725309891242E8,0c688b844dcc86ba2982c7b32f7faca6d569fecf2f1a4fc393729259b826bf2b,c331476d52e3a21dab7793eb5e6b8eafea30cabda74c135e2952b13df11a23de
DISTRICT,GYEONGBUK,구미시,CULTURE_ART,VILLAGE,2,39,1.0,NATIONWIDE_TYPE_VENUE,39,1,1.0,1.0,0.8101767872507815,0.6845744680851065,1.415634584548065E8,35666bd283d687af38fec7347887732ca0983e78f887177a0dbce730a02f799c,35666bd283d687af38fec7347887732ca0983e78f887177a0dbce730a02f799c,153,0.20085999816767555,SAME_REGION_TYPE,true,0.9,0.9500000000000001,1.0,50,9,5.480710675647148,0.03930955621124907,0.9601059283537947,0.9230769230769231,1.290688844218422E8,c288122518f3f6df9743eaddb9d84999b0a323f061bac9d6516aa46cad7a7bca,eb254f5bfa27844a104d427e881c75cf62f244c471a23c6a9ba1b3ca7f4e448f
DISTRICT,GYEONGBUK,영주시,CULTURE_ART,INDEPENDENT,4,76,1.0,NATIONWIDE_TYPE_VENUE,50,1,1.0,1.0,0.8124246664411822,0.765,4.0453713542546415E8,8d3227fce5057e121afb1463f7003206e6d03aae5ceffb834860623ae7d9b164,b81c1628738532dfedf568cd3680081d002e21a62219b62bed3af08a4d6a5990,220,0.2790075874220451,SAME_REGION_TYPE,true,0.8911764705882352,0.9411764705882353,1.0,50,9,5.974218303094477,0.020369532213545132,0.9331625540188421,0.9230769230769231,2.5792223262510243E8,2dbee25451ef60c943f43aa1efc36b32e3e4b8b3015fe986e504985724f2057c,631fc0e094432425aa35c8e15448e13e82769d509225233989083cb330cfbee2
DISTRICT,GYEONGBUK,영주시,NATURE_ECOLOGY,GREEN,2,88,1.0,NATIONWIDE_TYPE_VENUE,50,1,1.0,1.0,0.8052544688127324,0.765,9.103335716840392E7,dc459aca48974424d1e63cba2ca3e5c0d723e32a3a4724a75d28d13eea8c5f69,235f2deb1c8b78c4800f8ddd1d8c99f06258e8b465562f15290165a37ea569b5,142,0.5234976147588685,GLOBAL_SIMILARITY,true,0.9,0.9500000000000001,1.0,50,9,6.5082745800231,0.02056870874893923,0.9379250316111741,0.9230769230769231,1.15958880766351E8,1fb92cb7e7366c8375351d48e4a08fb6c3eb7206f35ffcfda8d2f8e93ef75e1b,f1c30e37123b25ab131fa9f02b9fb43a8ca8b9da78b48d8d20fa589380c911e4
DISTRICT,GYEONGBUK,영주시,COMMUNITY,WATERFRONT,3,29,1.0,NATIONWIDE_TYPE_VENUE,29,1,1.0,1.0,0.8140763584423303,0.7035714285714286,1.69775496786242E8,d79174673ff7f3466f21cd9adef13feaf0fb2e943028627027b036405e0d7d39,d79174673ff7f3466f21cd9adef13feaf0fb2e943028627027b036405e0d7d39,67,0.36715660103863457,SAME_REGION_TYPE,true,0.8911764705882352,0.9411764705882353,1.0,50,8,5.9600498324381075,0.20919996233304136,0.9134317161290816,0.8250000000000001,1.7902171440161252E8,eee9c0e8da5e1be5683ece2d07ae8c3e14f60c6a9d80827687a38ec3a3733ef8,489424f2e2000be5779d149628c544c93e2742fed9602c48be3c8301fd9d2746
DISTRICT,GYEONGBUK,영주시,TRADITION_HISTORY,VILLAGE,2,94,0.17392236547059142,SAME_REGION_TYPE,50,9,7.673652509896861,0.02282892270005621,0.9369844735911381,0.9230769230769231,2.1770597023921436E8,bdb61ff40e92f3508fdd7305323fece94a97cb10bf12cd1ac97690269d736116,dc055b54bc1fe7d04e891fc294962fd0059f7fac334c1b42a5c8ac0def30653c,94,0.17392236547059142,SAME_REGION_TYPE,false,-Infinity,NaN,NaN,50,9,7.673652509896861,0.02282892270005621,0.9369844735911381,0.9230769230769231,2.1770597023921436E8,bdb61ff40e92f3508fdd7305323fece94a97cb10bf12cd1ac97690269d736116,dc055b54bc1fe7d04e891fc294962fd0059f7fac334c1b42a5c8ac0def30653c
DISTRICT,GYEONGBUK,영주시,LOCAL_SPECIALTY,GREEN,9,95,1.0,NATIONWIDE_TYPE_VENUE,50,1,1.0,1.0,0.8172109720429018,0.735,3.8976834381329244E8,6f559ff7303a8c2962ebc48f630fcff4006b749cc57f1e138c456575624dd657,d316521b051877ebb9c11b98b0dcf1a673feeecd7b663aa3c0ddd58f350d062c,107,0.8259170893729628,GLOBAL_SIMILARITY,true,0.95,1.0,1.0,50,8,2.059018282118828,0.686013158808383,0.8862113710300366,0.765,3.7243051761719126E8,31a74a6e25e815aab4b63044d14840c263fcc6a39972766dec433998a31ef382,064fab4b76eca88be10a68af1fcef2ef4e90d59e945b7a0460ef0f7ef747d903
DISTRICT,GYEONGBUK,영주시,LOCAL_SPECIALTY,UNDECIDED,3,262,0.14151058105387324,SAME_REGION_TYPE,50,8,5.671031009696187,0.04477089891570479,0.9458945435466947,0.9375000000000001,2.253869994138158E8,4e4d9de05368a7c86875f8754701ed4007d33f52733fc7c958d3fa624c65bbc3,904b36a0f0b299aaede3339baf140a71b50c43bab849c2608e8f480b3c276a39,262,0.14151058105387324,SAME_REGION_TYPE,false,-Infinity,NaN,NaN,50,8,5.671031009696187,0.04477089891570479,0.9458945435466947,0.9375000000000001,2.253869994138158E8,4e4d9de05368a7c86875f8754701ed4007d33f52733fc7c958d3fa624c65bbc3,904b36a0f0b299aaede3339baf140a71b50c43bab849c2608e8f480b3c276a39
DISTRICT,GYEONGBUK,영천시,LOCAL_SPECIALTY,VILLAGE,3,23,1.0,NATIONWIDE_TYPE_VENUE,23,1,1.0,1.0,0.8028367759434109,0.7295454545454546,1.6168292365833363E8,3fbec895063fe63197622dd9e2f7c6edb414b8212fdbf14439a971c269a81dc0,3fbec895063fe63197622dd9e2f7c6edb414b8212fdbf14439a971c269a81dc0,238,0.1471563986503137,SAME_REGION_TYPE,true,0.87,0.92,1.0,50,8,6.236407714408553,0.04340188556609686,0.9613678827159408,0.9375000000000001,2.1751003854145402E8,e068ef37608ded0fdd2e5ad610cecef3bb44f14232d6c158fc6d8601e40ec341,d04d6a5d9517c071e8bb22b720aac6559dd5f21386f23d5fc7497ffd5ff94d3e
DISTRICT,GYEONGBUK,영천시,LOCAL_SPECIALTY,GREEN,2,95,1.0,NATIONWIDE_TYPE_VENUE,50,1,1.0,1.0,0.8558082171816148,0.7875000000000001,1.4198847774699965E8,6f559ff7303a8c2962ebc48f630fcff4006b749cc57f1e138c456575624dd657,09070118a019629e1f9a3d6131425d4bb1ee73a4aa79fbbc8b8f47a09abc428d,113,0.779164276596793,GLOBAL_SIMILARITY,true,0.95,1.0,1.0,50,8,2.722046215090356,0.5836857308588804,0.9291648105484352,0.7941176470588235,1.6543534988145363E8,31744f2667f6999bdba1157dc45719e522e1c0164b1f739851bbb10af4c9e53c,d7382cce7771fd7dce27fcb81c829c26f3a7bde824dda6c973f4cf9c3a6bbf1f
DISTRICT,GYEONGBUK,영천시,LOCAL_SPECIALTY,WATERFRONT,2,71,1.0,NATIONWIDE_TYPE_VENUE,50,1,1.0,1.0,0.8388201377418056,0.7875000000000001,1.0919851834064595E8,423ef67fb8d8ce3b4c72bcaeeff7f273fce5f5c7748615ef99cbb399498ea8e6,31eaea0af63bf77ddfc8cb11f2b5c5a1bb5b0bd7473c755b68147357fc7c7b38,220,0.26340761284443526,SAME_REGION_TYPE,true,0.9125000000000001,0.9625000000000001,1.0,50,9,6.954035212826392,0.07966085812104566,0.9545330041111497,0.9230769230769231,1.5384188771285063E8,f5062a4db6da03547a7abbb3375fc0c95ac80fc5fbc2e804b2beefa3f59c91b7,cc76357f0545974ded6d48482234790a4a6b26c190b7eb17f1c2008c7ec5ab32
DISTRICT,GYEONGBUK,영천시,LOCAL_SPECIALTY,WATERFRONT,3,71,1.0,NATIONWIDE_TYPE_VENUE,50,1,1.0,1.0,0.8430452557959269,0.7875000000000001,1.6780397363253257E8,423ef67fb8d8ce3b4c72bcaeeff7f273fce5f5c7748615ef99cbb399498ea8e6,c188fa23dd2de31c040523fd76f3bd17ec63e8de00dd0384386e73cd49f15b99,90,0.7130528889906717,GLOBAL_SIMILARITY,true,0.95,1.0,1.0,50,9,3.0086650553404333,0.5511822123647606,0.926472328901016,0.795,2.242861528751734E8,02589178ead81c18df0182bde9cd344e4ac93e8412fbaf4bef904629f1c050a0,6251f3c778d10edc79c60a7969fce7a859eeab539bfba36bbe230692c840d379
DISTRICT,GYEONGBUK,영천시,COMMUNITY,INDEPENDENT,2,21,1.0,NATIONWIDE_TYPE_VENUE,21,1,1.0,1.0,0.8150926786285001,0.7392857142857143,1.387955829638044E8,eedf7791ca3d1393402cd8cd68579a82dd4c14bb23bf3bca6d0ba4c78b4feceb,eedf7791ca3d1393402cd8cd68579a82dd4c14bb23bf3bca6d0ba4c78b4feceb,66,0.2634264717111277,SAME_REGION_TYPE,true,0.9,0.9500000000000001,1.0,50,9,7.434189306230832,0.08856170679726186,0.92177450271613,0.8250000000000001,1.633003353769779E8,418b8f2c5815b51c543d9bfdcaf8b262467f8cbc17f5995cefcb622fa7d76e87,e47bbf3bb5a196f09f0845475d43c0a47978fd76592d7dffa6dba3dcf603f634
DISTRICT,GYEONGBUK,영천시,CULTURE_ART,INDEPENDENT,3,76,1.0,NATIONWIDE_TYPE_VENUE,50,1,1.0,1.0,0.8246775979038348,0.7875000000000001,2.8948223667010087E8,8d3227fce5057e121afb1463f7003206e6d03aae5ceffb834860623ae7d9b164,b142701689223229d4f0a0decef9715c924e47e5abe71b8f85c338d735799744,200,0.31008601002212466,SAME_REGION_TYPE,true,0.9125000000000001,0.9625000000000001,1.0,50,9,6.170605231746753,0.0807992737286734,0.9472604413127547,0.9230769230769231,3.1154708102057976E8,ed38ec30650b0d08ec505ba0a3d44a304a03fa48355b951ed21f7aa3a179e93d,9712c5faa1a884997444109dd3b658ffc6d6bb53f5e8fb45320c38deee9dfb86
DISTRICT,GYEONGBUK,상주시,LOCAL_SPECIALTY,GREEN,3,95,1.0,NATIONWIDE_TYPE_VENUE,50,1,1.0,1.0,0.8623814219463241,0.795,2.5745669610748023E8,6f559ff7303a8c2962ebc48f630fcff4006b749cc57f1e138c456575624dd657,75bedf4daf018780da6f8178bf01aaf0d3a2ae00f33b62fef30541171f346d2d,279,0.28681285340943463,SAME_REGION_TYPE,true,0.92,0.9700000000000001,1.0,50,8,5.4450437222089905,0.16114116164411543,0.9474605416351036,0.9375000000000001,1.8444608593893713E8,edea655d3de52e1af6f5569be905ba65410f412beea85058a70a8d8ac4f8135b,28ffa9cbf4b175fa538fe2acc957a83bdf0631c6e07c414ce2c8b3b079de491c
DISTRICT,GYEONGBUK,상주시,COMMUNITY,GREEN,2,41,1.0,NATIONWIDE_TYPE_VENUE,41,1,1.0,1.0,0.8192715847030885,0.6868421052631579,1.2923542790248618E8,2e791c1fbe39f5acd2e443473c32520423f6131ee59cef2b016af5dfdade83f7,2e791c1fbe39f5acd2e443473c32520423f6131ee59cef2b016af5dfdade83f7,41,1.0,GLOBAL_SIMILARITY,true,0.95,1.0,1.0,41,1,1.0,1.0,0.8192715847030885,0.6868421052631579,1.2923542790248618E8,2e791c1fbe39f5acd2e443473c32520423f6131ee59cef2b016af5dfdade83f7,2e791c1fbe39f5acd2e443473c32520423f6131ee59cef2b016af5dfdade83f7
DISTRICT,GYEONGBUK,상주시,COMMUNITY,INDEPENDENT,2,21,1.0,NATIONWIDE_TYPE_VENUE,21,1,1.0,1.0,0.8196308554885314,0.7392857142857143,1.38131532028293E8,eedf7791ca3d1393402cd8cd68579a82dd4c14bb23bf3bca6d0ba4c78b4feceb,eedf7791ca3d1393402cd8cd68579a82dd4c14bb23bf3bca6d0ba4c78b4feceb,21,1.0,GLOBAL_SIMILARITY,true,0.95,1.0,1.0,21,1,1.0,1.0,0.8196308554885314,0.7392857142857143,1.38131532028293E8,eedf7791ca3d1393402cd8cd68579a82dd4c14bb23bf3bca6d0ba4c78b4feceb,eedf7791ca3d1393402cd8cd68579a82dd4c14bb23bf3bca6d0ba4c78b4feceb
DISTRICT,GYEONGBUK,상주시,CULTURE_ART,GREEN,2,158,1.0,NATIONWIDE_TYPE_VENUE,50,1,1.0,1.0,0.8552304029293991,0.8250000000000001,2.241904812326861E8,4214f3c3954d05a920f970ebc6a910e54d165aa212212417de62ae5be5a531b0,a30d4e760dc95af25631f018588a8da9e40b864cea2cf9902a3310d81f71a098,279,0.48851211793669125,SAME_REGION_TYPE,true,0.9,0.9500000000000001,1.0,50,9,4.997922828018002,0.1014329760633657,0.9423314097341189,0.9230769230769231,1.5183261624834463E8,2b7b40835a95a16327d77c3bdce0149a32be7669a463705692a62c0431ff1950,aed5811b3d51fc7624f85214053dfb1ac3f661fce788a02528d58679a32bebfe
DISTRICT,GYEONGBUK,문경시,CULTURE_ART,GREEN,10,158,1.0,NATIONWIDE_TYPE_VENUE,50,1,1.0,1.0,0.8120201282518751,0.7431818181818182,5.107518351738271E8,4214f3c3954d05a920f970ebc6a910e54d165aa212212417de62ae5be5a531b0,78af94fba8163369057fa9a15155575a009ecbda74046e26a477accfbe90d70b,178,0.826000466155214,GLOBAL_SIMILARITY,true,0.9363636363636364,0.9863636363636364,1.0,50,9,3.2140941884909937,0.5273839042975057,0.9006849859727585,0.7941176470588235,5.411822481958416E8,189d59b0bf21306a183debce439cb6110c7b71e753c6abedd0b520d90f6d3918,6380060d32cfa93d9851a44db0e15f3b2665bbe50755eea5e49ff051f68ebdcb
DISTRICT,GYEONGBUK,문경시,LOCAL_SPECIALTY,OTHER,3,30,1.0,NATIONWIDE_TYPE_VENUE,30,1,1.0,1.0,0.8133990790051586,0.6943548387096775,1.3561664198676306E8,d7eb5f5a7795ed75ed648bbe71eacb81a6fe0bd8c57b502eb69efc2e8672ca56,d7eb5f5a7795ed75ed648bbe71eacb81a6fe0bd8c57b502eb69efc2e8672ca56,52,0.47059860664560343,SAME_REGION_TYPE,true,0.95,1.0,1.0,50,9,4.0446584812561355,0.4578206431951062,0.9162930992235985,0.75,2.049228832592119E8,921dc568455a5d884aa8d8db7a214de6c9329bcc33dec5739ca24e7577f99043,73b7cbb9940ea046d57493fbac32139541ed96b9890a617a1478b0954b9b9f23
DISTRICT,GYEONGBUK,문경시,LOCAL_SPECIALTY,GREEN,3,95,1.0,NATIONWIDE_TYPE_VENUE,50,1,1.0,1.0,0.8646356109677513,0.795,2.58025293174109E8,6f559ff7303a8c2962ebc48f630fcff4006b749cc57f1e138c456575624dd657,75bedf4daf018780da6f8178bf01aaf0d3a2ae00f33b62fef30541171f346d2d,117,0.7451845891217156,GLOBAL_SIMILARITY,true,0.95,1.0,1.0,50,9,3.521164595447657,0.5022706137606295,0.946074355283672,0.8250000000000001,2.5249079388038605E8,c21c4a7ac75d815aa2085399cba4b7d55ac20d19ba50f32caf0c0d74d5e1f988,1a57539831db4c4e228b7cc897638da2d6ee5b793896c218b6168adde2cee455
DISTRICT,GYEONGBUK,문경시,LOCAL_SPECIALTY,GREEN,16,95,1.0,NATIONWIDE_TYPE_VENUE,50,1,1.0,1.0,0.7960264050494361,0.7168032786885247,3.7440851615406656E8,6f559ff7303a8c2962ebc48f630fcff4006b749cc57f1e138c456575624dd657,f88ff85552dde837ca5a8fb5c37675414b27c27a4d114411a7d5e0412562d742,115,0.7280027188504552,GLOBAL_SIMILARITY,true,0.95,1.0,1.0,50,9,3.4597139631647837,0.5060687107132884,0.9150953945645017,0.7720588235294118,2.9378627571094286E8,3f88de8cac85a823c9a71e2a715d43c5dceba182776632a959e644c81900869c,c30929d4cc5bed536786716823c5c3cb563c09f8e84072494c8ccd155a47115f
DISTRICT,GYEONGBUK,문경시,CULTURE_ART,INDEPENDENT,2,76,1.0,NATIONWIDE_TYPE_VENUE,50,1,1.0,1.0,0.8267203684385915,0.765,2.065991674597393E8,8d3227fce5057e121afb1463f7003206e6d03aae5ceffb834860623ae7d9b164,5610f693d8d84799f2daf0f6aee70e3a587c413706f3c785d0ce35a567a049b5,83,0.8739513637310149,GLOBAL_SIMILARITY,true,0.95,1.0,1.0,50,6,1.5040025548359643,0.8103938928399876,0.8637732320021405,0.7875000000000001,2.4447225171248633E8,c649b8088151ef18a488f57468c6ba1e881d20372adb615f55d94b3f81e8ac7d,7d9dc2f0ba9b5fab7f2aaf548bcd0f2d0554ece58701b511a80ed4e3d4b03f5b
DISTRICT,GYEONGBUK,경산시,TRADITION_HISTORY,GREEN,3,54,1.0,NATIONWIDE_TYPE_VENUE,50,1,1.0,1.0,0.813463466042335,0.75,3.28380902930643E8,925fb91efbfb16db5e571b6b008cb99b6c0a3a167e39edb07bb4c1c2cafda7ae,15013135441599761863f195c6b7c25c44c6b8930cfb9f4e510c4f80f3a88a3e,65,0.7628591092570669,GLOBAL_SIMILARITY,true,0.95,1.0,1.0,50,9,1.9490324960814802,0.7077823971837963,0.8742744865003615,0.7875000000000001,3.7231920020343864E8,93f481d91ea803f34ae6c04fbd23c3a30a1b82e43081db8042b27f96b6a9fc72,187453e6ee850ddf72ffbe6fa32f4e716e435f8d18fc6460a59346a11b22fab4
DISTRICT,GYEONGBUK,경산시,TRADITION_HISTORY,GREEN,2,54,1.0,NATIONWIDE_TYPE_VENUE,50,1,1.0,1.0,0.8074263285855262,0.75,2.5357209612498972E8,925fb91efbfb16db5e571b6b008cb99b6c0a3a167e39edb07bb4c1c2cafda7ae,629b0d4dc3b42373f864c89399bdd4c8d07d01fb74c9a354eae111ad6bfab652,63,0.7975138135398004,GLOBAL_SIMILARITY,true,0.95,1.0,1.0,50,7,1.7165576770203148,0.7557920672083951,0.8571019946378619,0.775,2.8429226565464646E8,94b537df8910a4e55a448c9748018916c521955e6e35f32ada47483ba54a99e4,ce815bb51cabca5d0eef938b7ac5f99a8d378830c169d2110070416c679bef9c
DISTRICT,GYEONGBUK,경산시,CULTURE_ART,WATERFRONT,2,90,1.0,NATIONWIDE_TYPE_VENUE,50,1,1.0,1.0,0.8337925503112591,0.7875000000000001,1.8776372983116236E8,c348e29400ebe021db666e856fec31595170b0090866fe06d013a15bb05b35e1,b3d1e0277841d537362bec45b102ce1997edbc2b3ffa7c07392a5083e1640539,205,0.3598029361385559,SAME_REGION_TYPE,true,0.9,0.9500000000000001,1.0,50,9,5.577253106636927,0.10162424565978795,0.9434074038941451,0.9230769230769231,1.3950754052863923E8,0317a2f87e4d15a84ac5e40a251e8c27cf9bee69411e8c38818c720360676ff9,33696c61fb3ffb58627987a4ac12e0c518027c1598915e9d53ce2edef1a010b4
DISTRICT,GYEONGBUK,경산시,LOCAL_SPECIALTY,GREEN,3,95,1.0,NATIONWIDE_TYPE_VENUE,50,1,1.0,1.0,0.8623413973529555,0.795,2.5675250071997204E8,6f559ff7303a8c2962ebc48f630fcff4006b749cc57f1e138c456575624dd657,75bedf4daf018780da6f8178bf01aaf0d3a2ae00f33b62fef30541171f346d2d,272,0.2947832611925152,SAME_REGION_TYPE,true,0.9125000000000001,0.9625000000000001,1.0,50,9,6.320265741534138,0.16033292395940615,0.9491422843669067,0.9375000000000001,2.2085911485379192E8,9dbebe5dc67b633c6a0e93f54003fcddbf6fd80008ffbac08fad639487056cf0,af50a0d32dc20f6d194991404c25c3bfb603f62f6e62a31f91f3230e36c2b753
DISTRICT,GYEONGBUK,의성군,NATURE_ECOLOGY,OTHER,9,28,1.0,NATIONWIDE_TYPE_VENUE,28,1,1.0,1.0,0.791853429020665,0.7050000000000001,1.2078736278497542E8,bac84c25c579cb164a23d21f107620de9d5a19ddb2360cb94e2daef2a6ba747b,bac84c25c579cb164a23d21f107620de9d5a19ddb2360cb94e2daef2a6ba747b,34,0.7398129920043343,GLOBAL_SIMILARITY,true,0.95,1.0,1.0,34,5,1.7663847908958525,0.7398129920043341,0.8460104625483356,0.7050000000000001,1.1112282256242025E8,03ccdd51eeafc1b7331b692fcbd856ea3e5b3f62f688aa0178891eae1c8856ca,03ccdd51eeafc1b7331b692fcbd856ea3e5b3f62f688aa0178891eae1c8856ca
DISTRICT,GYEONGBUK,의성군,NATURE_ECOLOGY,WATERFRONT,2,70,1.0,NATIONWIDE_TYPE_VENUE,50,1,1.0,1.0,0.8118023148938012,0.765,9.88772363415682E7,0a635fe7c95464734d67fcf3eb34fbe1decb151168419235fa06b370eaf0e0c0,e8f8e9ee42d2424dc64389b00738a074eb372e82803226271ebcce3a0f95eb00,74,0.9147558346204953,GLOBAL_SIMILARITY,true,0.95,1.0,1.0,50,3,1.2700465277506021,0.8835086964455922,0.8369163919345807,0.765,8.79733443130708E7,01c42ac839568f914e42b8fa5ac1c21873011769d4a3d1f8a9737f74b12ece5a,32ab45b0798012850dfac9e61113cd3512e3ae4d785fead2b6311841e9e01a26
DISTRICT,GYEONGBUK,의성군,LOCAL_SPECIALTY,WATERFRONT,3,71,1.0,NATIONWIDE_TYPE_VENUE,50,1,1.0,1.0,0.8413143025102015,0.7875000000000001,1.6741523145583934E8,423ef67fb8d8ce3b4c72bcaeeff7f273fce5f5c7748615ef99cbb399498ea8e6,c188fa23dd2de31c040523fd76f3bd17ec63e8de00dd0384386e73cd49f15b99,272,0.21341107829266165,SAME_REGION_TYPE,true,0.9,0.9500000000000001,1.0,50,9,6.199402666027766,0.12083343645105453,0.945830328904426,0.9375000000000001,2.4081582689387548E8,6e62ad8f72faa6e9e6e87327c8140b3b9e3f9ce891c70f2cccbea23023d9fd47,979902dc1d782e15216521352d52f8113321f100100f537e5d5a289643f214fb
DISTRICT,GYEONGBUK,청송군,LOCAL_SPECIALTY,WATERFRONT,5,71,1.0,NATIONWIDE_TYPE_VENUE,50,1,1.0,1.0,0.8165147387226466,0.75,2.0268470787794498E8,423ef67fb8d8ce3b4c72bcaeeff7f273fce5f5c7748615ef99cbb399498ea8e6,edd65ee4aab15f30d4e3323d0dda2334c0f561a9406d6d8ed6e60ffc93bc5ff7,74,0.9375795484647005,GLOBAL_SIMILARITY,true,0.95,1.0,1.0,50,4,1.1945915436311405,0.9135721667709329,0.8348117428040012,0.75,2.341983251306528E8,f434cbfc9be883dbc31b098826f82207682bc2951b6860598b5521ca37b36320,43e9f38faee8c95471f84eb79dc060d3afab4d6fd9f4141b5f88bd07e3446cd1
DISTRICT,GYEONGBUK,청송군,CULTURE_ART,VILLAGE,3,39,1.0,NATIONWIDE_TYPE_VENUE,39,1,1.0,1.0,0.806109084898589,0.6877659574468086,1.696407889029552E8,35666bd283d687af38fec7347887732ca0983e78f887177a0dbce730a02f799c,35666bd283d687af38fec7347887732ca0983e78f887177a0dbce730a02f799c,41,0.930933880819698,GLOBAL_SIMILARITY,true,0.95,1.0,1.0,41,3,1.1507175896782353,0.9309338808196977,0.8169103984796996,0.6877659574468086,1.8074070191666517E8,b3f721c773de14f94f08c61aaa8e30cadcd761cb2e096d143b0463f7c01125a6,b3f721c773de14f94f08c61aaa8e30cadcd761cb2e096d143b0463f7c01125a6
DISTRICT,GYEONGBUK,영양군,COMMUNITY,INDEPENDENT,17,21,1.0,NATIONWIDE_TYPE_VENUE,21,1,1.0,1.0,0.7481062957623146,0.6916666666666667,1.7408503394900027E8,eedf7791ca3d1393402cd8cd68579a82dd4c14bb23bf3bca6d0ba4c78b4feceb,eedf7791ca3d1393402cd8cd68579a82dd4c14bb23bf3bca6d0ba4c78b4feceb,75,0.21797610149747546,SAME_REGION_TYPE,true,0.775,0.8250000000000001,1.0,50,9,6.573589862800531,0.1301143509774498,0.8929069242341541,0.7916666666666667,1.4867786106615052E8,c51ae3b2aa0ce95f5fcad5de2611bbcf1d2c742136c2be1a9f9a03e9382641af,c1ae62310be930c566b66bd9728bdbae0fdf6157027701bf93584364655e2bf9
DISTRICT,GYEONGBUK,영양군,LOCAL_SPECIALTY,INDEPENDENT,4,37,1.0,NATIONWIDE_TYPE_VENUE,37,1,1.0,1.0,0.7825637780748387,0.6991935483870968,1.5465047729236418E8,f48a1845e91ccd6df2e6cbb8eff45c61703b96b9de9c78eebb998bf15f66a0a2,f48a1845e91ccd6df2e6cbb8eff45c61703b96b9de9c78eebb998bf15f66a0a2,270,0.13559274764676835,SAME_REGION_TYPE,true,0.775,0.8250000000000001,1.0,50,8,5.612612045812945,0.06594060905879123,0.9552844364574764,0.9230769230769231,2.958059328212318E8,303a059d783dfdcd2551199e94bf9661afb07443a5612a18816a975c49b7c379,f727d945b747fdb311f80a5003df8a340dd2698b999e9177733f4b2958504987
DISTRICT,GYEONGBUK,영양군,COMMUNITY,INDEPENDENT,16,21,1.0,NATIONWIDE_TYPE_VENUE,21,1,1.0,1.0,0.7491865799820012,0.6926470588235295,1.744585066567655E8,eedf7791ca3d1393402cd8cd68579a82dd4c14bb23bf3bca6d0ba4c78b4feceb,eedf7791ca3d1393402cd8cd68579a82dd4c14bb23bf3bca6d0ba4c78b4feceb,75,0.21819531904629935,SAME_REGION_TYPE,true,0.7764705882352941,0.8264705882352942,1.0,50,9,6.507992717671804,0.1140834618612408,0.893327623693288,0.7941176470588235,1.5356803265979224E8,c51ae3b2aa0ce95f5fcad5de2611bbcf1d2c742136c2be1a9f9a03e9382641af,e1bffaae36700641b33595d50957af55a9c0043cd2a8e72398a02f4c924e3a3e
DISTRICT,GYEONGBUK,영양군,NATURE_ECOLOGY,GREEN,2,88,1.0,NATIONWIDE_TYPE_VENUE,50,1,1.0,1.0,0.8052544688127324,0.765,9.103335716840392E7,dc459aca48974424d1e63cba2ca3e5c0d723e32a3a4724a75d28d13eea8c5f69,235f2deb1c8b78c4800f8ddd1d8c99f06258e8b465562f15290165a37ea569b5,142,0.5262112981971879,GLOBAL_SIMILARITY,true,0.9,0.9500000000000001,1.0,50,9,6.447730987922285,0.02081117763783377,0.9318817837272009,0.9230769230769231,1.164279947750907E8,1fb92cb7e7366c8375351d48e4a08fb6c3eb7206f35ffcfda8d2f8e93ef75e1b,19c047dd46630f581838f3557c9387226af516c357ce808413b0de637589ff44
DISTRICT,GYEONGBUK,영양군,LOCAL_SPECIALTY,GREEN,3,95,1.0,NATIONWIDE_TYPE_VENUE,50,1,1.0,1.0,0.8625460949717798,0.795,2.561725178252532E8,6f559ff7303a8c2962ebc48f630fcff4006b749cc57f1e138c456575624dd657,75bedf4daf018780da6f8178bf01aaf0d3a2ae00f33b62fef30541171f346d2d,113,0.7838428477956388,GLOBAL_SIMILARITY,true,0.95,1.0,1.0,50,9,2.7541934006133095,0.5834821574040399,0.9281801622784327,0.8250000000000001,2.5928993236773318E8,2aa7c741f5842c7f8c61154bb1fd57e710d7d68a24aa013a18fb7bf94a2d0390,f1719ce03c9050731e78f180b6222f59347f8d084d4e035e6f5803ebe893247e
DISTRICT,GYEONGBUK,영덕군,LOCAL_SPECIALTY,GREEN,4,95,1.0,NATIONWIDE_TYPE_VENUE,50,1,1.0,1.0,0.848229360789618,0.795,3.24368488642689E8,6f559ff7303a8c2962ebc48f630fcff4006b749cc57f1e138c456575624dd657,4604ddc5ad5c194f1e71c79299ff225c9d67d515c1a7cc1f758edcb7239f254d,118,0.734195282271474,GLOBAL_SIMILARITY,true,0.95,1.0,1.0,50,9,3.7631538127235156,0.48024028231532884,0.940512219815733,0.8250000000000001,2.859268583290836E8,677c841fd0d013ebe4297e5a0e359bd57e5ea82d19db6b73ee73c8e10da64d63,0e3f0bdfa70d28e29fb1b4f8d51a2342d9a6a699706c472ec63624033dbf9b73
DISTRICT,GYEONGBUK,영덕군,LOCAL_SPECIALTY,WATERFRONT,3,71,1.0,NATIONWIDE_TYPE_VENUE,50,1,1.0,1.0,0.8447665941246106,0.7875000000000001,1.6787352464998356E8,423ef67fb8d8ce3b4c72bcaeeff7f273fce5f5c7748615ef99cbb399498ea8e6,c188fa23dd2de31c040523fd76f3bd17ec63e8de00dd0384386e73cd49f15b99,94,0.6752305344264783,GLOBAL_SIMILARITY,true,0.95,1.0,1.0,50,9,3.7892116354645067,0.4779331417384448,0.9383517624983317,0.8250000000000001,2.08476231225611E8,8635e59d509d385f214bbfcf23da5a3bb86b8c37dfa95b252e268622f29f9e3e,18e7ed3425b313454f46b8ce09603b23e20c58f5d4c1a7212c7ed6c7ed6023ea
DISTRICT,GYEONGBUK,청도군,CULTURE_ART,VILLAGE,2,39,1.0,NATIONWIDE_TYPE_VENUE,39,1,1.0,1.0,0.8126899486440154,0.6845744680851065,1.4137411210934633E8,35666bd283d687af38fec7347887732ca0983e78f887177a0dbce730a02f799c,35666bd283d687af38fec7347887732ca0983e78f887177a0dbce730a02f799c,46,0.7923930408241908,GLOBAL_SIMILARITY,true,0.95,1.0,1.0,46,8,1.5771426861017124,0.7923930408241908,0.8462461556342641,0.6845744680851065,1.8979332634024718E8,b9bde1e7ae986c410f6bacacc835071dbb1438a36f2731fb1b3994d3b995654c,b9bde1e7ae986c410f6bacacc835071dbb1438a36f2731fb1b3994d3b995654c
DISTRICT,GYEONGBUK,청도군,CULTURE_ART,INDEPENDENT,3,76,1.0,NATIONWIDE_TYPE_VENUE,50,1,1.0,1.0,0.8267470261798108,0.7875000000000001,2.9020083625778985E8,8d3227fce5057e121afb1463f7003206e6d03aae5ceffb834860623ae7d9b164,b142701689223229d4f0a0decef9715c924e47e5abe71b8f85c338d735799744,83,0.8738016633378356,GLOBAL_SIMILARITY,true,0.95,1.0,1.0,50,8,1.5200186957300892,0.807843916524154,0.8647155814476327,0.7875000000000001,3.689858594129956E8,84689cf2e39de12246b81e1f71c67caea25bcf6e49b510b54b91e06d57ae6c95,3208a6d7e6bc395669a8764a8e2281d9c9be09117687ce0911ad3466f47959fe
DISTRICT,GYEONGBUK,고령군,TRADITION_HISTORY,INDEPENDENT,3,38,1.0,NATIONWIDE_TYPE_VENUE,38,1,1.0,1.0,0.8052349407549573,0.7083333333333334,3.0277082873838127E8,8674a18a77fd59101747b5bfbca30d4351075de073f6e1726ea05249ad86bedb,8674a18a77fd59101747b5bfbca30d4351075de073f6e1726ea05249ad86bedb,45,0.7858740990027732,GLOBAL_SIMILARITY,true,0.95,1.0,1.0,45,8,1.6021631744060787,0.785874099002773,0.841330960080095,0.7083333333333334,3.863837866653413E8,3a22bcf09a1edffcf85cf5961d02783a8b117a838ef1bda32e106d77f753de9c,3a22bcf09a1edffcf85cf5961d02783a8b117a838ef1bda32e106d77f753de9c
DISTRICT,GYEONGBUK,성주군,LOCAL_SPECIALTY,GREEN,4,95,1.0,NATIONWIDE_TYPE_VENUE,50,1,1.0,1.0,0.8465365425172945,0.795,3.235037077840857E8,6f559ff7303a8c2962ebc48f630fcff4006b749cc57f1e138c456575624dd657,4604ddc5ad5c194f1e71c79299ff225c9d67d515c1a7cc1f758edcb7239f254d,300,0.2645469561356065,SAME_REGION_TYPE,true,0.9,0.9500000000000001,1.0,50,7,4.889050526968144,0.08208735893382503,0.9337517474288816,0.9230769230769231,2.849702583507412E8,7c64e854cf4362c5efdf2cd416f276875e41cea5fb0fddad5d4f006bfce9d73e,fc30ecd863a9d25c0550a25e861a2c2619391ca6dd8e1730143ee04c47fc0199
DISTRICT,GYEONGBUK,성주군,NATURE_ECOLOGY,INDEPENDENT,2,107,0.2175322966056768,SAME_REGION_TYPE,50,9,6.487698276904863,0.022993551665071353,0.9333581255933304,0.9230769230769231,1.2176171498450683E8,ace9301241ad077083a464be7363bdf3df9d505deda25587cd5af66780b0cd2c,66ba60fa4f17a2dfd66e2bd7770cea63097c0d2534f1e7beeb10990ba78a4ea8,107,0.2175322966056768,SAME_REGION_TYPE,false,-Infinity,NaN,NaN,50,9,6.487698276904863,0.022993551665071353,0.9333581255933304,0.9230769230769231,1.2176171498450683E8,ace9301241ad077083a464be7363bdf3df9d505deda25587cd5af66780b0cd2c,66ba60fa4f17a2dfd66e2bd7770cea63097c0d2534f1e7beeb10990ba78a4ea8
DISTRICT,GYEONGBUK,칠곡군,LOCAL_SPECIALTY,GREEN,2,95,1.0,NATIONWIDE_TYPE_VENUE,50,1,1.0,1.0,0.8529221338500464,0.7875000000000001,1.4214359234731564E8,6f559ff7303a8c2962ebc48f630fcff4006b749cc57f1e138c456575624dd657,09070118a019629e1f9a3d6131425d4bb1ee73a4aa79fbbc8b8f47a09abc428d,95,1.0,GLOBAL_SIMILARITY,true,0.95,1.0,1.0,50,1,1.0,1.0,0.8529221338500464,0.7875000000000001,1.4214359234731564E8,6f559ff7303a8c2962ebc48f630fcff4006b749cc57f1e138c456575624dd657,09070118a019629e1f9a3d6131425d4bb1ee73a4aa79fbbc8b8f47a09abc428d
DISTRICT,GYEONGBUK,칠곡군,CULTURE_ART,GREEN,2,158,1.0,NATIONWIDE_TYPE_VENUE,50,1,1.0,1.0,0.8579996407166675,0.8250000000000001,2.2524340059838557E8,4214f3c3954d05a920f970ebc6a910e54d165aa212212417de62ae5be5a531b0,a30d4e760dc95af25631f018588a8da9e40b864cea2cf9902a3310d81f71a098,277,0.4932269913864776,SAME_REGION_TYPE,true,0.9125000000000001,0.9625000000000001,1.0,50,8,4.877763515470542,0.142484975817621,0.9430143330770547,0.9230769230769231,1.957407537413575E8,59bcec6b2e343366109127949c649572e4f6650b5190de1657283c505252f7e5,374b8bfe80d256cd16b961dbcad16ad3fd3f995cd69dc316c8a98ae96f1dc066
DISTRICT,GYEONGBUK,칠곡군,CULTURE_ART,INDEPENDENT,2,76,1.0,NATIONWIDE_TYPE_VENUE,50,1,1.0,1.0,0.826128484592725,0.765,2.067495418159335E8,8d3227fce5057e121afb1463f7003206e6d03aae5ceffb834860623ae7d9b164,5610f693d8d84799f2daf0f6aee70e3a587c413706f3c785d0ce35a567a049b5,195,0.317703856927842,SAME_REGION_TYPE,true,0.9,0.9500000000000001,1.0,50,8,4.814761254044283,0.08127188675531209,0.941168175872287,0.9230769230769231,1.7149153553969958E8,597ed732cb76a3b4cb0e03705244582f13346db53a6b9e571f4cdde44850ee21,3fba376887dde540c4c156441ff37bd54fbaa50869188f4094223b65bccf2543
DISTRICT,GYEONGBUK,칠곡군,CULTURE_ART,UNDECIDED,50,238,0.1710367699137257,SAME_REGION_TYPE,50,7,3.9342999722318157,0.02307167235494879,0.9319506432134415,0.9230769230769231,2.747660370244405E8,e389d01e2cc0d8ad1fd547694b02b823c199ce49fa98cf467e899ca27772f70f,79b8a010b95043eeb22021504528ad9eda9af57ba7efa7dab3de750fd680064d,238,0.1710367699137257,SAME_REGION_TYPE,false,-Infinity,NaN,NaN,50,7,3.9342999722318157,0.02307167235494879,0.9319506432134415,0.9230769230769231,2.747660370244405E8,e389d01e2cc0d8ad1fd547694b02b823c199ce49fa98cf467e899ca27772f70f,79b8a010b95043eeb22021504528ad9eda9af57ba7efa7dab3de750fd680064d
DISTRICT,GYEONGBUK,칠곡군,TRADITION_HISTORY,GREEN,4,54,1.0,NATIONWIDE_TYPE_VENUE,50,1,1.0,1.0,0.7984583610820155,0.735,3.8685541452578235E8,925fb91efbfb16db5e571b6b008cb99b6c0a3a167e39edb07bb4c1c2cafda7ae,908205032da6c2df3dd14d15ec2f72657c95a7d95279e10e1d9d430bf2589eb6,57,0.9183023647464613,GLOBAL_SIMILARITY,true,0.95,1.0,1.0,50,2,1.1983919907857616,0.9089324545429662,0.8199342221985617,0.75,4.106435521674218E8,a5a01e32d760d161e52072b2604b078e705f07dab8b96087575f282a181672e9,3879336964aa0bbf9f1abee768310334eefd3c17cbde5b02f601470723e32a0f
DISTRICT,GYEONGBUK,칠곡군,TRADITION_HISTORY,INDEPENDENT,3,38,1.0,NATIONWIDE_TYPE_VENUE,38,1,1.0,1.0,0.8049791920902843,0.7083333333333334,3.005297406006375E8,8674a18a77fd59101747b5bfbca30d4351075de073f6e1726ea05249ad86bedb,8674a18a77fd59101747b5bfbca30d4351075de073f6e1726ea05249ad86bedb,79,0.4060932846918782,SAME_REGION_TYPE,true,0.92,0.9700000000000001,1.0,50,9,6.3889769860699825,0.15657805982336448,0.9214976831314837,0.8250000000000001,3.363794026869916E8,b6549a75811fdcc1323a1c592311ff9844b7656933bd522b4340259fc21b9029,3c1053b36dc1731028c0bfc4283667460e4bb788d7f468411fef47d28b9b6cc6
DISTRICT,GYEONGBUK,칠곡군,CULTURE_ART,OTHER,2,70,1.0,NATIONWIDE_TYPE_VENUE,50,1,1.0,1.0,0.8093530791258913,0.775,1.763952122204137E8,e2894551a9aade3371c9d134fd015763aa296c0fb24e8191f8fdd46932c4cd77,e094563adbf695549d3d9c54354fd47cf1d8ffaa0848cc965e29bafbf20de123,225,0.24971167129549043,SAME_REGION_TYPE,true,0.8625,0.9125000000000001,1.0,50,7,4.285937735599053,0.022712585196015288,0.9392244410244405,0.9230769230769231,1.8905599392298812E8,faf76dd4fc55d5eb304b1617cae728d82d6e8761420c43153685182baa5d2050,0d511330da253d32cc14edee5a9ff4aebed49a69bdedd3035f93bee61c690f59
DISTRICT,GYEONGBUK,예천군,NATURE_ECOLOGY,OTHER,2,28,1.0,NATIONWIDE_TYPE_VENUE,28,1,1.0,1.0,0.7971289756406529,0.6930000000000001,8.34839452523899E7,bac84c25c579cb164a23d21f107620de9d5a19ddb2360cb94e2daef2a6ba747b,bac84c25c579cb164a23d21f107620de9d5a19ddb2360cb94e2daef2a6ba747b,82,0.2730694305616587,SAME_REGION_TYPE,true,0.9,0.9500000000000001,1.0,50,9,6.463993934782684,0.020869452631182405,0.9304207987715716,0.9230769230769231,1.1988731173078312E8,58533ce48737ddde2dfbc0bce6f38dca903c91e1ef46b2136be4e67997d51c42,f4a174e4cb48888c3d0ee03d08aa68c3cd0e763b283bc927fbeaaf1ad2c55d90
DISTRICT,GYEONGBUK,예천군,COMMUNITY,OTHER,8,74,0.20234006937960028,SAME_REGION_TYPE,50,9,6.631176701500152,0.017896377051001545,0.9013349764905749,0.8125000000000001,1.789782781294166E8,990a3170e492539d2dfc97a2318fbfeb288a6f0550b7c1bb656bef0d3e99fcbc,8beb80b0c95b479170b8e6caa40aee6f3171d109f2a31553f82001225ce8ad53,74,0.20234006937960028,SAME_REGION_TYPE,false,-Infinity,NaN,NaN,50,9,6.631176701500152,0.017896377051001545,0.9013349764905749,0.8125000000000001,1.789782781294166E8,990a3170e492539d2dfc97a2318fbfeb288a6f0550b7c1bb656bef0d3e99fcbc,8beb80b0c95b479170b8e6caa40aee6f3171d109f2a31553f82001225ce8ad53
DISTRICT,GYEONGBUK,예천군,LOCAL_SPECIALTY,VILLAGE,2,23,1.0,NATIONWIDE_TYPE_VENUE,23,1,1.0,1.0,0.810764548309268,0.7159090909090909,1.2743191419667056E8,3fbec895063fe63197622dd9e2f7c6edb414b8212fdbf14439a971c269a81dc0,3fbec895063fe63197622dd9e2f7c6edb414b8212fdbf14439a971c269a81dc0,238,0.14574688910396377,SAME_REGION_TYPE,true,0.84,0.89,1.0,50,8,5.059812450029506,0.0448394973952925,0.9458971108942684,0.9230769230769231,1.4305843816320655E8,e068ef37608ded0fdd2e5ad610cecef3bb44f14232d6c158fc6d8601e40ec341,302ac9d18d8147bd2f9eef0dbde2204c338105adf82c1766156c04b26e71e6ae
DISTRICT,GYEONGBUK,예천군,COMMUNITY,VILLAGE,2,80,0.25989125429266774,SAME_REGION_TYPE,50,8,6.975125515839303,0.16030252405051515,0.9226066561608433,0.84375,1.6519956813970855E8,0c688b844dcc86ba2982c7b32f7faca6d569fecf2f1a4fc393729259b826bf2b,64559c2848f339771b83e36b37788316d0c2838cf476654068bf4ebeda44e2eb,80,0.25989125429266774,SAME_REGION_TYPE,false,-Infinity,NaN,NaN,50,8,6.975125515839303,0.16030252405051515,0.9226066561608433,0.84375,1.6519956813970855E8,0c688b844dcc86ba2982c7b32f7faca6d569fecf2f1a4fc393729259b826bf2b,64559c2848f339771b83e36b37788316d0c2838cf476654068bf4ebeda44e2eb
DISTRICT,GYEONGBUK,예천군,CULTURE_ART,WATERFRONT,3,90,1.0,NATIONWIDE_TYPE_VENUE,50,1,1.0,1.0,0.8391656154570842,0.7875000000000001,2.837550397099789E8,c348e29400ebe021db666e856fec31595170b0090866fe06d013a15bb05b35e1,ecf9ffdf053ff01285ef776ba911e2aa7c89a0d1f8706dd32bbb8d07720d56fa,100,0.8518776371785292,GLOBAL_SIMILARITY,true,0.95,1.0,1.0,50,7,1.7630912487662742,0.7424437763548574,0.8875303482307143,0.7941176470588235,3.209761634865019E8,c83015f67081403cacb45326b9ddb377285b122bb748829304af88f436f32f84,a8cb8cc5ef6aa1ae6ae2dbf3c50fbc86aa9988cfafafd78365da6b3966ae5b45
DISTRICT,GYEONGBUK,예천군,CULTURE_ART,GREEN,3,158,1.0,NATIONWIDE_TYPE_VENUE,50,1,1.0,1.0,0.8605418918528375,0.8250000000000001,4.5378127003472066E8,4214f3c3954d05a920f970ebc6a910e54d165aa212212417de62ae5be5a531b0,636bec2224cbc7a0c74da60d5ebdb70c59e472dcc6dcceb764dd7e6214b3932f,168,0.9106941232919736,GLOBAL_SIMILARITY,true,0.95,1.0,1.0,50,7,1.7305456739716245,0.7502264276049483,0.9005876833291163,0.8250000000000001,4.223150194260325E8,b95272efe756236e8d8cb1c70b8e5cb6798e31ae3a23cd9ecadddba85eb9e369,7d222cffddf75bac2ee0cdbed706b34ac6f990534e53d50933359618c87208d3
DISTRICT,GYEONGBUK,예천군,LOCAL_SPECIALTY,GREEN,3,95,1.0,NATIONWIDE_TYPE_VENUE,50,1,1.0,1.0,0.8625460949717798,0.795,2.5729525991444486E8,6f559ff7303a8c2962ebc48f630fcff4006b749cc57f1e138c456575624dd657,75bedf4daf018780da6f8178bf01aaf0d3a2ae00f33b62fef30541171f346d2d,109,0.8213357576343318,GLOBAL_SIMILARITY,true,0.95,1.0,1.0,50,8,2.191085669476633,0.6634855872313986,0.9180855993406196,0.8250000000000001,2.105201284990256E8,2b71b6b4a4b40b41affed00216889fd6f6ebddb8526ee3dc29b3a59dd128b4c9,f57986b8872d98bc0fcd51e9c447752b765b7df844270259161bba13c32c739d
DISTRICT,GYEONGBUK,예천군,COMMUNITY,INDEPENDENT,3,21,1.0,NATIONWIDE_TYPE_VENUE,21,1,1.0,1.0,0.807434527966991,0.75,1.619992812687457E8,eedf7791ca3d1393402cd8cd68579a82dd4c14bb23bf3bca6d0ba4c78b4feceb,eedf7791ca3d1393402cd8cd68579a82dd4c14bb23bf3bca6d0ba4c78b4feceb,73,0.23787193314381133,SAME_REGION_TYPE,true,0.875,0.925,1.0,50,9,7.107051298069406,0.04009555010607779,0.9179976960470646,0.8906250000000001,1.7196741597548434E8,12732840a6b29446b023b03cf2a74bde2f17af086f21d980d89e5dca902c47fc,0d00b22134f9f41d9c04de16b14123cb3ace512192387d0ad0a21688e6725974
DISTRICT,GYEONGBUK,예천군,NATURE_ECOLOGY,INDEPENDENT,4,107,0.21092640484402975,SAME_REGION_TYPE,50,8,5.84405883175962,0.25894824332828753,0.9254229562120442,0.9,1.5261843064566588E8,ace9301241ad077083a464be7363bdf3df9d505deda25587cd5af66780b0cd2c,1e41f5e873e9d2ea00e82c119cfa78f9bb5c27c79ec71102ef0f3ab702fbb7c5,107,0.21092640484402975,SAME_REGION_TYPE,false,-Infinity,NaN,NaN,50,8,5.84405883175962,0.25894824332828753,0.9254229562120442,0.9,1.5261843064566588E8,ace9301241ad077083a464be7363bdf3df9d505deda25587cd5af66780b0cd2c,1e41f5e873e9d2ea00e82c119cfa78f9bb5c27c79ec71102ef0f3ab702fbb7c5
DISTRICT,GYEONGBUK,봉화군,NATURE_ECOLOGY,WATERFRONT,9,70,1.0,NATIONWIDE_TYPE_VENUE,50,1,1.0,1.0,0.788360256456966,0.7200000000000001,2.294784820387826E8,0a635fe7c95464734d67fcf3eb34fbe1decb151168419235fa06b370eaf0e0c0,1288828261f1d3a9550da52da986d4dffd3c7f821078f29428c89fd4cc70af59,86,0.7336872067967914,GLOBAL_SIMILARITY,true,0.935,0.9850000000000001,1.0,50,8,2.6004148602963224,0.5976107851295466,0.8717345638082404,0.75,3.040134915193057E8,53a9de47cc1ded0b8d09b5d2dd24ee09fed5eee924da0d8248aaba13cebcf856,503d9bc22c428e991b3863bd5b9d620de3f19dfdb8c744becc60a93ae6399af7
DISTRICT,GYEONGBUK,봉화군,LOCAL_SPECIALTY,WATERFRONT,4,71,1.0,NATIONWIDE_TYPE_VENUE,50,1,1.0,1.0,0.8294833732583882,0.765,1.9248479800133336E8,423ef67fb8d8ce3b4c72bcaeeff7f273fce5f5c7748615ef99cbb399498ea8e6,6de07e032e16663a6077883d5f4337ba3c8797160c98a234e0eb0cba4834543f,78,0.8663451197287225,GLOBAL_SIMILARITY,true,0.95,1.0,1.0,50,7,1.5109116350586231,0.8094330306021289,0.8691696895344809,0.765,2.4656680389212924E8,77e47f058f470de5669766d0266ac6212e7072c592c328b9b4075533dd8c4229,5db14fa8ade6dede9b512499eb85e73540ab0dcdd57255415c2a36c162ef2208
DISTRICT,GYEONGBUK,봉화군,CULTURE_ART,VILLAGE,58,39,1.0,NATIONWIDE_TYPE_VENUE,39,1,1.0,1.0,0.7369648153561595,0.6826271186440679,2.3189369449225146E8,35666bd283d687af38fec7347887732ca0983e78f887177a0dbce730a02f799c,35666bd283d687af38fec7347887732ca0983e78f887177a0dbce730a02f799c,40,0.9542368940310951,GLOBAL_SIMILARITY,true,0.932089552238806,0.982089552238806,1.0,40,2,1.0956955130862192,0.9542368940310949,0.7487207918150851,0.6826271186440679,2.229469847989287E8,160cc522c98d2affa2e6ba51127a6372007ec478bf9397ffbe6f119da278e7f6,160cc522c98d2affa2e6ba51127a6372007ec478bf9397ffbe6f119da278e7f6
DISTRICT,GYEONGBUK,울진군,LOCAL_SPECIALTY,WATERFRONT,5,71,1.0,NATIONWIDE_TYPE_VENUE,50,1,1.0,1.0,0.8185805024824815,0.75,2.0267691021693155E8,423ef67fb8d8ce3b4c72bcaeeff7f273fce5f5c7748615ef99cbb399498ea8e6,edd65ee4aab15f30d4e3323d0dda2334c0f561a9406d6d8ed6e60ffc93bc5ff7,86,0.7499450581178843,GLOBAL_SIMILARITY,true,0.95,1.0,1.0,50,9,2.4569751553710546,0.6209853884756625,0.8971166444914551,0.775,2.4257480232080936E8,d3af0acc83748d347505585d9f8b4d01af0d2c8db282725ad3c7be6873977ba3,e5c8d69129da655efcb24f40aa58be871d36324e5fd55a5bb69bf268d750edb5
DISTRICT,GYEONGBUK,울진군,LOCAL_SPECIALTY,WATERFRONT,3,71,1.0,NATIONWIDE_TYPE_VENUE,50,1,1.0,1.0,0.8448652960882604,0.7875000000000001,1.6821232718253547E8,423ef67fb8d8ce3b4c72bcaeeff7f273fce5f5c7748615ef99cbb399498ea8e6,c188fa23dd2de31c040523fd76f3bd17ec63e8de00dd0384386e73cd49f15b99,91,0.7042117752669029,GLOBAL_SIMILARITY,true,0.95,1.0,1.0,50,9,3.1875155632436356,0.5343156586267477,0.9297837541758572,0.795,2.20593121650584E8,a83e3b996782d8b8855e2559cd28d210f86bb77d58a01da168c6c09192e6c8d2,0bc140e9cbc45c334a55bb57192b32652d1299629b6441fbcf1bb6c24c63e959
DISTRICT,GYEONGBUK,울릉군,NATURE_ECOLOGY,OTHER,9,28,1.0,NATIONWIDE_TYPE_VENUE,28,1,1.0,1.0,0.7879968045676918,0.7050000000000001,1.2063707522379985E8,bac84c25c579cb164a23d21f107620de9d5a19ddb2360cb94e2daef2a6ba747b,bac84c25c579cb164a23d21f107620de9d5a19ddb2360cb94e2daef2a6ba747b,87,0.25020546001384203,SAME_REGION_TYPE,true,0.9,0.9500000000000001,1.0,50,9,7.132767562196913,0.04169028928045165,0.9309734603208148,0.9230769230769231,1.6753879169850692E8,ed9df716bd861df0fa4eff26867d760348e1567907c4374afbe2300aac964367,8a9e2a87e862258bc3028b9991f22fd648b48518cd03f78ebba0a6b2e49ab1ba
DISTRICT,GYEONGBUK,울릉군,LOCAL_SPECIALTY,OTHER,3,30,1.0,NATIONWIDE_TYPE_VENUE,30,1,1.0,1.0,0.8128802547489349,0.6943548387096775,1.354099045972907E8,d7eb5f5a7795ed75ed648bbe71eacb81a6fe0bd8c57b502eb69efc2e8672ca56,d7eb5f5a7795ed75ed648bbe71eacb81a6fe0bd8c57b502eb69efc2e8672ca56,38,0.7086491068335647,GLOBAL_SIMILARITY,true,0.95,1.0,1.0,38,9,1.9500999665217464,0.7086491068335645,0.8673977596569085,0.6943548387096775,1.4789587928346577E8,2de115e69598dad6dbb011826e74e0e125b418dd63555fbd9133071b1545b9f3,2de115e69598dad6dbb011826e74e0e125b418dd63555fbd9133071b1545b9f3
DISTRICT,GYEONGNAM,창원시,CULTURE_ART,GREEN,3,158,1.0,NATIONWIDE_TYPE_VENUE,50,1,1.0,1.0,0.8540580767867835,0.8250000000000001,3.780041668753602E8,4214f3c3954d05a920f970ebc6a910e54d165aa212212417de62ae5be5a531b0,63dd218db74da9a4e92726a4eccd40c0318d2f35b24e9ca8db5dc6ffcc43bb48,168,0.9127355710460672,GLOBAL_SIMILARITY,true,0.95,1.0,1.0,50,7,1.7278884929405307,0.7527408519476205,0.8908478912349507,0.8250000000000001,3.7848253216661173E8,2bfbb7bce5f54c8f4b6afc40c423c243e9d5e837284ce6ad5e15ee6823371410,a065fe4b4d672cc531c87b9236410b32cc47511413b1dfb84e5a394af458cf5f
DISTRICT,GYEONGNAM,창원시,NATURE_ECOLOGY,WATERFRONT,2,70,1.0,NATIONWIDE_TYPE_VENUE,50,1,1.0,1.0,0.8228485067610205,0.75,8.814204979650389E7,0a635fe7c95464734d67fcf3eb34fbe1decb151168419235fa06b370eaf0e0c0,cdcc13633146adab08e202ec00db40bd8657e1b7d1ed80b2e03f5cedae29d2a3,82,0.7838901377501003,GLOBAL_SIMILARITY,true,0.95,1.0,1.0,50,3,1.9222177707170123,0.6863197214561194,0.8882060738199317,0.7875000000000001,7.876214836426178E7,3b72283eae8e5438c7d606341e953b72720a24602f0357a919733baf0eed1ece,1180dadee2e6a481ff963e10dc42f3648b2d82e9114fa895c14a60956227a672
DISTRICT,GYEONGNAM,창원시,NATURE_ECOLOGY,OTHER,10,28,1.0,NATIONWIDE_TYPE_VENUE,28,1,1.0,1.0,0.7750869354198827,0.7022727272727273,1.2125356512329637E8,bac84c25c579cb164a23d21f107620de9d5a19ddb2360cb94e2daef2a6ba747b,bac84c25c579cb164a23d21f107620de9d5a19ddb2360cb94e2daef2a6ba747b,44,0.5149880535590067,GLOBAL_SIMILARITY,true,0.9363636363636364,0.9863636363636364,1.0,44,6,2.940334816606496,0.5149880535590063,0.8773038982321288,0.7022727272727273,1.1049487266689579E8,1048e14333e2cc9b8336f067b6f367db524f5e8e57b084b0b3fdd174b7012e8a,1048e14333e2cc9b8336f067b6f367db524f5e8e57b084b0b3fdd174b7012e8a
DISTRICT,GYEONGNAM,창원시,NATURE_ECOLOGY,OTHER,9,28,1.0,NATIONWIDE_TYPE_VENUE,28,1,1.0,1.0,0.7793675955890702,0.7050000000000001,1.2095385644803205E8,bac84c25c579cb164a23d21f107620de9d5a19ddb2360cb94e2daef2a6ba747b,bac84c25c579cb164a23d21f107620de9d5a19ddb2360cb94e2daef2a6ba747b,40,0.5809373523080561,GLOBAL_SIMILARITY,true,0.95,1.0,1.0,40,3,2.351309319935509,0.5809373523080559,0.8718263951481542,0.7050000000000001,1.0744615346773091E8,02dcc9758fdab8954d655cb41b822f93ee5bb3e0e8d19228bd90a4c5892f845b,02dcc9758fdab8954d655cb41b822f93ee5bb3e0e8d19228bd90a4c5892f845b
DISTRICT,GYEONGNAM,창원시,COMMUNITY,VILLAGE,7,78,0.36371962608085306,SAME_REGION_TYPE,50,7,3.2408327194369466,0.04055852351230261,0.9201433902108561,0.8203125000000001,1.474464155115275E8,e5a392d35036356116c3985efda81361c7b9091f5a13b285987977ec20a4e25c,71b07069ee79ea5a593ac10d117817dc6c6aa69d3a2474f5202e90e4e8ec3a2f,78,0.36371962608085306,SAME_REGION_TYPE,false,-Infinity,NaN,NaN,50,7,3.2408327194369466,0.04055852351230261,0.9201433902108561,0.8203125000000001,1.474464155115275E8,e5a392d35036356116c3985efda81361c7b9091f5a13b285987977ec20a4e25c,71b07069ee79ea5a593ac10d117817dc6c6aa69d3a2474f5202e90e4e8ec3a2f
DISTRICT,GYEONGNAM,진주시,TRADITION_HISTORY,INDEPENDENT,4,38,1.0,NATIONWIDE_TYPE_VENUE,38,1,1.0,1.0,0.79614784957717,0.7166666666666667,3.435553428051044E8,8674a18a77fd59101747b5bfbca30d4351075de073f6e1726ea05249ad86bedb,8674a18a77fd59101747b5bfbca30d4351075de073f6e1726ea05249ad86bedb,51,0.6517415687347149,GLOBAL_SIMILARITY,true,0.95,1.0,1.0,50,9,2.2792542394753017,0.6467687905807751,0.8654264258088109,0.7191176470588235,4.9616138127535E8,89248852ee747f5117d632f2c77129d75c93e9eae745d78a15772d7605d80042,179c874c812f883c0549b9d5a248c5f11a9eb2415c7a566313ab53e758ac628f
DISTRICT,GYEONGNAM,통영시,LOCAL_SPECIALTY,GREEN,4,95,1.0,NATIONWIDE_TYPE_VENUE,50,1,1.0,1.0,0.8539180979783555,0.795,2.7964947155064434E8,6f559ff7303a8c2962ebc48f630fcff4006b749cc57f1e138c456575624dd657,1b87e47f2f63d58d61fff816100f57a21846e39a8a0b3803c24b71e4e6fc1726,221,0.36912248279774634,SAME_REGION_TYPE,true,0.92,0.9700000000000001,1.0,50,7,2.8370114234956185,0.08448203961111382,0.9273766841264608,0.9230769230769231,1.0549358425378352E8,d8d732a4ddc193a61d5c9bc7ee1fc986b95a0ab3240939f803031efb062f980f,0a9277e05d0c380b2ba234df71607be8ab69be891f2c04f20d7c047c729212ba
DISTRICT,GYEONGNAM,통영시,CULTURE_ART,OTHER,2,70,1.0,NATIONWIDE_TYPE_VENUE,50,1,1.0,1.0,0.8229078574052904,0.7875000000000001,1.9485428129904893E8,e2894551a9aade3371c9d134fd015763aa296c0fb24e8191f8fdd46932c4cd77,cf9982f26c028342b0ac7e2276e066aa47d9246819edc77e454b7bcf4920f6c9,197,0.28607548485102985,SAME_REGION_TYPE,true,0.9,0.9500000000000001,1.0,50,8,4.287810306057353,0.01978679869541529,0.95670792592868,0.9230769230769231,1.2355654996385483E8,15b716cb720a469f438165a28ddc3267d41096f47725c0ad95ce9965b3db68dc,b02c226681fa8808d1f62d3f96eda5870559af6ef2428bce71878802fc0492c0
DISTRICT,GYEONGNAM,통영시,TRADITION_HISTORY,OTHER,5,22,1.0,NATIONWIDE_TYPE_VENUE,22,1,1.0,1.0,0.7900285982765809,0.7250000000000001,2.5303443130945927E8,3d535e023c473017fdda8ada497fd3aeb9dbae27b046a7bdeb89e40249781229,3d535e023c473017fdda8ada497fd3aeb9dbae27b046a7bdeb89e40249781229,129,0.19628732915568084,SAME_REGION_TYPE,true,0.875,0.925,1.0,50,9,4.817184396636839,0.019479353466921152,0.9385673536838255,0.9230769230769231,3.994355315084174E8,cc0688cdd3a4ebd0b281a4e263e5639b9da1157ab52a367ead7bdcacaf16e22a,239fd326fe8b1e5e480072fce2367ff4bb635bb5f4417771f931f1c0537ae123
DISTRICT,GYEONGNAM,사천시,CULTURE_ART,GREEN,2,158,1.0,NATIONWIDE_TYPE_VENUE,50,1,1.0,1.0,0.8575704603924506,0.8250000000000001,1.9250048409867707E8,4214f3c3954d05a920f970ebc6a910e54d165aa212212417de62ae5be5a531b0,c40679bfc894681d54f2814398c6fec0cece1ce4a08afc745d123d41898cf2db,177,0.8425984474529619,GLOBAL_SIMILARITY,true,0.95,1.0,1.0,50,9,2.8873975981310562,0.5570534719898416,0.9266224377348353,0.8250000000000001,1.5140331794478324E8,cb49295f81fea4e2111b34c1453183ab2717861bc75becc92a215f61f5432d5b,1c658a18af79dc7abf01bc212e9bb363cbf3e664cc42b17e0732979c5bde40d0
DISTRICT,GYEONGNAM,사천시,CULTURE_ART,INDEPENDENT,3,76,1.0,NATIONWIDE_TYPE_VENUE,50,1,1.0,1.0,0.8114037544991259,0.7875000000000001,2.94588918018243E8,8d3227fce5057e121afb1463f7003206e6d03aae5ceffb834860623ae7d9b164,c495e71c768970af2e2b9c201dfdda3f4e75ab6135aa4ef7908d11275318da0a,208,0.2910230998439275,SAME_REGION_TYPE,true,0.9125000000000001,0.9625000000000001,1.0,50,9,6.576062645732108,0.020218363250570616,0.958632241021617,0.9230769230769231,1.628746112975946E8,1574c980356aac039ef7ff6cb64083b1937393781c85b4510f5643ed32ee5fc1,2e69ba5d526633f3c67fcf1d9bff62b5a5e8b5f3475a4b754a138e63f0ae60ae
DISTRICT,GYEONGNAM,사천시,CULTURE_ART,GREEN,3,158,1.0,NATIONWIDE_TYPE_VENUE,50,1,1.0,1.0,0.8553202093459397,0.8250000000000001,3.76622641957399E8,4214f3c3954d05a920f970ebc6a910e54d165aa212212417de62ae5be5a531b0,63dd218db74da9a4e92726a4eccd40c0318d2f35b24e9ca8db5dc6ffcc43bb48,290,0.4659054506859332,SAME_REGION_TYPE,true,0.92,0.9700000000000001,1.0,50,9,7.447608618958178,0.1374320203526154,0.9609566554231828,0.9375000000000001,2.0091356289141524E8,2bebec3919ee786141e15602875a168299969348ab411e8e1a66a0f0756fc62a,8d39f2a651aeeda71a50f15445a6a86daa01592a968203a3ca1beafd651b76be
DISTRICT,GYEONGNAM,사천시,CULTURE_ART,WATERFRONT,4,90,1.0,NATIONWIDE_TYPE_VENUE,50,1,1.0,1.0,0.810776563385544,0.765,4.464027776048542E8,c348e29400ebe021db666e856fec31595170b0090866fe06d013a15bb05b35e1,ce15a37ccd79887a8929c8d7ece24efa31204590da52370f8567c71f70b01e84,227,0.31816610633726633,SAME_REGION_TYPE,true,0.9,0.9500000000000001,1.0,50,9,6.426157078857109,0.020177999513773675,0.947368852381493,0.9230769230769231,2.2182779281930497E8,499df50c90383ef7a084c0a168af843907e7162a993c22eaa296296d9cd59028,267012b08f108240f7234eafc8e567234621d40fa4a0a6c623c8831d0d160132
DISTRICT,GYEONGNAM,사천시,COMMUNITY,GREEN,3,41,1.0,NATIONWIDE_TYPE_VENUE,41,1,1.0,1.0,0.7909848032656501,0.6907894736842106,1.496671344503754E8,2e791c1fbe39f5acd2e443473c32520423f6131ee59cef2b016af5dfdade83f7,2e791c1fbe39f5acd2e443473c32520423f6131ee59cef2b016af5dfdade83f7,95,0.355754532510914,SAME_REGION_TYPE,true,0.8625,0.9125000000000001,1.0,50,8,3.415385396374168,0.019344180388942808,0.9297791743788002,0.8906250000000001,1.513780622142249E8,93050d7e3230b9cc6c8833a6cb23ebaa6c1203f5f419e0f6ad65035a817f2f32,756855815d99623e3f92a51831fc2391c430ddb4b90d6765758d61886543e839
DISTRICT,GYEONGNAM,사천시,LOCAL_SPECIALTY,INDEPENDENT,4,37,1.0,NATIONWIDE_TYPE_VENUE,37,1,1.0,1.0,0.822125055526214,0.6991935483870968,1.5466884624488732E8,f48a1845e91ccd6df2e6cbb8eff45c61703b96b9de9c78eebb998bf15f66a0a2,f48a1845e91ccd6df2e6cbb8eff45c61703b96b9de9c78eebb998bf15f66a0a2,176,0.22554922418157974,SAME_REGION_TYPE,true,0.92,0.9700000000000001,1.0,50,9,7.644956646583699,0.07987079688695523,0.954919474686271,0.9230769230769231,1.5923056244542125E8,3da6e00f1b4317c2fba95df2ad35c0eb948f65c20712cde13af6dae6f5859eba,6c238f3c1a99976acbd81b29c05ec5e059afc95c2ce5dcc93b3433f0eb367297
DISTRICT,GYEONGNAM,김해시,LOCAL_SPECIALTY,UNDECIDED,4,249,0.1636476474912899,SAME_REGION_TYPE,50,8,4.370647016086574,0.04526180705431687,0.9412974350499049,0.9230769230769231,1.2014619109332527E8,06a6289aa857bfbfd95f28809abd41afd06b75e306855555aee431a8b022ccac,b8657f7e1355fb8e6efa3f577637a642a811cffa990096e41db17e920186e172,249,0.1636476474912899,SAME_REGION_TYPE,false,-Infinity,NaN,NaN,50,8,4.370647016086574,0.04526180705431687,0.9412974350499049,0.9230769230769231,1.2014619109332527E8,06a6289aa857bfbfd95f28809abd41afd06b75e306855555aee431a8b022ccac,b8657f7e1355fb8e6efa3f577637a642a811cffa990096e41db17e920186e172
DISTRICT,GYEONGNAM,김해시,LOCAL_SPECIALTY,INDEPENDENT,3,37,1.0,NATIONWIDE_TYPE_VENUE,37,1,1.0,1.0,0.8393279141667036,0.6943548387096775,1.3695274374791318E8,f48a1845e91ccd6df2e6cbb8eff45c61703b96b9de9c78eebb998bf15f66a0a2,f48a1845e91ccd6df2e6cbb8eff45c61703b96b9de9c78eebb998bf15f66a0a2,49,0.6814356323996366,GLOBAL_SIMILARITY,true,0.95,1.0,1.0,49,8,2.0778210657180662,0.6814356323996371,0.8893731599483378,0.6943548387096775,1.5247191161366403E8,0af36c3d956658bdb47b8960ed4e09c52c583777e2f061148804778c2118e7fe,0af36c3d956658bdb47b8960ed4e09c52c583777e2f061148804778c2118e7fe
DISTRICT,GYEONGNAM,김해시,TRADITION_HISTORY,OTHER,4,22,1.0,NATIONWIDE_TYPE_VENUE,22,1,1.0,1.0,0.802264108417318,0.735,2.4155189015293604E8,3d535e023c473017fdda8ada497fd3aeb9dbae27b046a7bdeb89e40249781229,3d535e023c473017fdda8ada497fd3aeb9dbae27b046a7bdeb89e40249781229,131,0.19054728472130414,SAME_REGION_TYPE,true,0.9,0.9500000000000001,1.0,50,9,6.153531027270292,0.020519425279558648,0.9387429084943252,0.9230769230769231,4.2039687341972625E8,cf98424a09b8c69512408f235f13200dcf1fac0134e7da21f9eb843064e79d00,e044299617d96a353ddcc04d62696b3ac506f629634c37cb3f1188a43bc664d3
DISTRICT,GYEONGNAM,김해시,TRADITION_HISTORY,INDEPENDENT,3,38,1.0,NATIONWIDE_TYPE_VENUE,38,1,1.0,1.0,0.8025902817335431,0.7083333333333334,3.011379855629366E8,8674a18a77fd59101747b5bfbca30d4351075de073f6e1726ea05249ad86bedb,8674a18a77fd59101747b5bfbca30d4351075de073f6e1726ea05249ad86bedb,140,0.21634141674273719,SAME_REGION_TYPE,true,0.9,0.9500000000000001,1.0,50,9,5.972835900467427,0.020481690128026687,0.9396031396693075,0.9230769230769231,3.418030026055749E8,68ef7f73480121c8d43db2eaeb893edfe87e9ab4b1cd93a7b62c1d4a1c23cd1f,1e8a40846f84aea06f6d4606d5b6b040e0ddeac02729fe4180aef5ff00bd29df
DISTRICT,GYEONGNAM,김해시,CULTURE_ART,WATERFRONT,2,90,1.0,NATIONWIDE_TYPE_VENUE,50,1,1.0,1.0,0.8169700261413251,0.7875000000000001,2.156624824484686E8,c348e29400ebe021db666e856fec31595170b0090866fe06d013a15bb05b35e1,f47256b797bd83d72022f83b3e1c02456afa325e7989b1c4a043259e95253a28,217,0.329059984756379,SAME_REGION_TYPE,true,0.9,0.9500000000000001,1.0,50,9,5.737439863251183,0.019358691580403792,0.967258412823417,0.9230769230769231,1.2684713164695133E8,a405a0be15b84bf77c31027a223beab9d0ad5c84880e04bc38ead6ef1476492e,4762386fb4f645d816c37b66297f7d6192cc407db87c9acf00c5178491dc0144
DISTRICT,GYEONGNAM,김해시,LOCAL_SPECIALTY,INDEPENDENT,4,37,1.0,NATIONWIDE_TYPE_VENUE,37,1,1.0,1.0,0.8246706835488853,0.6991935483870968,1.554900016079945E8,f48a1845e91ccd6df2e6cbb8eff45c61703b96b9de9c78eebb998bf15f66a0a2,f48a1845e91ccd6df2e6cbb8eff45c61703b96b9de9c78eebb998bf15f66a0a2,49,0.6781917518897526,GLOBAL_SIMILARITY,true,0.95,1.0,1.0,49,8,2.0940143691550093,0.6781917518897529,0.8764421160583119,0.6991935483870968,1.73520725610257E8,1d9301b1054d48f8f1060a4354a839ec4def8866174a67c6a6c0602eed6d9cf1,1d9301b1054d48f8f1060a4354a839ec4def8866174a67c6a6c0602eed6d9cf1
DISTRICT,GYEONGNAM,김해시,CULTURE_ART,INDEPENDENT,4,76,1.0,NATIONWIDE_TYPE_VENUE,50,1,1.0,1.0,0.8020885351463034,0.765,4.040330784259496E8,8d3227fce5057e121afb1463f7003206e6d03aae5ceffb834860623ae7d9b164,0ff499e00a9eb84c6f4ab197d91f5dc7b9c3a00664f26fd5ba91f7404bbdd20e,187,0.32432496951922396,SAME_REGION_TYPE,true,0.9071428571428571,0.9571428571428572,1.0,50,9,6.057745914651812,0.020336067478621316,0.9510819129504855,0.9230769230769231,2.4568932982878438E8,36ac4236aceffed974b90d1aa58bde23ea3cd2a56d320a59fe12617befc813d1,e7a7b7a07d57ad5e335e82e6c71f71362fde4430a41ac38092f71a5804f497de
DISTRICT,GYEONGNAM,밀양시,CULTURE_ART,INDEPENDENT,2,76,1.0,NATIONWIDE_TYPE_VENUE,50,1,1.0,1.0,0.8107106995502333,0.775,2.1268379954055157E8,8d3227fce5057e121afb1463f7003206e6d03aae5ceffb834860623ae7d9b164,e8d278f8c8fe3001667670c65d85f222c4f5346afac901ad24a3dc3937b03a5a,204,0.29712977652814576,SAME_REGION_TYPE,true,0.9,0.9500000000000001,1.0,50,9,4.641037319308848,0.02029400637790601,0.9440348299221728,0.9230769230769231,1.3827662208941635E8,185c5cf1cae949c9ded8374983cc71ec41094b6d984caafa2d847c23e616de9f,9c985298b179cb49f5ad12ccffaeca9c30fe4ad771ec7bd7aa2446c06bb96a89
DISTRICT,GYEONGNAM,밀양시,LOCAL_SPECIALTY,GREEN,2,95,1.0,NATIONWIDE_TYPE_VENUE,50,1,1.0,1.0,0.8569840899491693,0.7875000000000001,1.1379711437461643E8,6f559ff7303a8c2962ebc48f630fcff4006b749cc57f1e138c456575624dd657,494d210226598d1e33557155e0f1a22e3c47e24b4070e2a8dbe8703dc1bd0ce5,104,0.8750798999315688,GLOBAL_SIMILARITY,true,0.95,1.0,1.0,50,4,1.622004949459205,0.7742976324254129,0.897748006219075,0.7941176470588235,8.960297270518287E7,a6d9da5bc9a41677830d79ce5b9bfc687a1963ab3a1ad1ab32cb9a6555ce2d95,4c8982a7ebbca084ef53b5f93d65f28aabab58d1770981f2309cf2e96bef9a60
DISTRICT,GYEONGNAM,밀양시,CULTURE_ART,WATERFRONT,4,90,1.0,NATIONWIDE_TYPE_VENUE,50,1,1.0,1.0,0.815790833998267,0.765,4.460018254481556E8,c348e29400ebe021db666e856fec31595170b0090866fe06d013a15bb05b35e1,ce15a37ccd79887a8929c8d7ece24efa31204590da52370f8567c71f70b01e84,98,0.8734347652352302,GLOBAL_SIMILARITY,true,0.95,1.0,1.0,50,6,1.6182708321128558,0.778234233421368,0.861485236896248,0.7941176470588235,5.806082512798393E8,54950b730a650ec68d66a20e1be7a0bb20e2e87b43435119cbb1190c738ccadf,7756cf5505c4b5e5474562b97a36cf22f45e7785d4ed840d2140a94f576615fa
DISTRICT,GYEONGNAM,밀양시,CULTURE_ART,INDEPENDENT,12,76,1.0,NATIONWIDE_TYPE_VENUE,50,1,1.0,1.0,0.7550631467476694,0.7211538461538461,5.141071615671943E8,8d3227fce5057e121afb1463f7003206e6d03aae5ceffb834860623ae7d9b164,438d01ad9eb7e5ca630837f19aa51a45adb40cc68b4cdd5c1e8ce4d566e6e6d3,214,0.2658729497583868,SAME_REGION_TYPE,true,0.8307692307692307,0.8807692307692307,1.0,50,8,2.748570068300592,0.022881935721241455,0.9361039752830177,0.9230769230769231,2.8510804504077464E8,b08269c7316c73d2b9cded519225db3f37ff8e95586cb61f1a97b088afa5b4f4,fe1e6ef5471ff82790361a31ec3f79a15ae97199de57a2b5433109723ef5bf7a
DISTRICT,GYEONGNAM,밀양시,COMMUNITY,WATERFRONT,3,29,1.0,NATIONWIDE_TYPE_VENUE,29,1,1.0,1.0,0.8016056817607122,0.7035714285714286,1.6941793344790077E8,d79174673ff7f3466f21cd9adef13feaf0fb2e943028627027b036405e0d7d39,d79174673ff7f3466f21cd9adef13feaf0fb2e943028627027b036405e0d7d39,70,0.38462529911369847,SAME_REGION_TYPE,true,0.9,0.9500000000000001,1.0,50,7,3.327922109832805,0.15470393098999968,0.907920090525177,0.8250000000000001,1.6408542667828885E8,f7745aea6f117503d9d56bb66575a475945d99ade4b8b696280b9a1354dd7e79,dffdcf6d85aa3a645c9edaecad6006a29df096715795be66163963b33f92e1ee
DISTRICT,GYEONGNAM,밀양시,TRADITION_HISTORY,WATERFRONT,3,31,1.0,NATIONWIDE_TYPE_VENUE,31,1,1.0,1.0,0.804734702289683,0.6851694915254237,2.737492369323392E8,c0745607175cb18cadd7e1f4435374983eded73e4a37d3abefd288d57a8daaeb,c0745607175cb18cadd7e1f4435374983eded73e4a37d3abefd288d57a8daaeb,128,0.1994390631192642,SAME_REGION_TYPE,true,0.9,0.9500000000000001,1.0,50,9,6.421241340222889,0.041114547839228,0.9376766551831343,0.9230769230769231,3.7019313417653525E8,cdb28cbcab22b8a6f33774cdfa23350c1563bc679ce773768c692a1d914c33bf,07f5e573e183dc811b6f3049a202742f35ce467680aee509778765d6a0b9092b
DISTRICT,GYEONGNAM,밀양시,CULTURE_ART,WATERFRONT,3,90,1.0,NATIONWIDE_TYPE_VENUE,50,1,1.0,1.0,0.8281568556024022,0.7875000000000001,3.2339106333824235E8,c348e29400ebe021db666e856fec31595170b0090866fe06d013a15bb05b35e1,aab7123dfe3774bfce2ca8575aa246777f517fbfa9ca14a4a19fa581a2059b35,219,0.33519174437535776,SAME_REGION_TYPE,true,0.92,0.9700000000000001,1.0,50,9,5.972613541223428,0.061919964048642785,0.9467791531601195,0.9230769230769231,2.8735478152186996E8,c6d20272fda010acfdcddaa7265e21eb45be38017ae87597741fe9212f558142,cc6a9638a1e7827afb35cc28c0788eafb1c700b6d73045658e6a990fa251d5cc
DISTRICT,GYEONGNAM,밀양시,LOCAL_SPECIALTY,INDEPENDENT,2,37,1.0,NATIONWIDE_TYPE_VENUE,37,1,1.0,1.0,0.8311832765083154,0.6895161290322581,1.0907395086221595E8,f48a1845e91ccd6df2e6cbb8eff45c61703b96b9de9c78eebb998bf15f66a0a2,f48a1845e91ccd6df2e6cbb8eff45c61703b96b9de9c78eebb998bf15f66a0a2,46,0.7380091214551332,GLOBAL_SIMILARITY,true,0.95,1.0,1.0,46,4,1.7619840216837455,0.7380091214551338,0.8741593698226406,0.6895161290322581,8.587289384069397E7,6e1d3de8f05b2828d4ddc97def6cc9ea620177625f23a856f1ddf2518a9fae3b,6e1d3de8f05b2828d4ddc97def6cc9ea620177625f23a856f1ddf2518a9fae3b
DISTRICT,GYEONGNAM,거제시,NATURE_ECOLOGY,WATERFRONT,2,70,1.0,NATIONWIDE_TYPE_VENUE,50,1,1.0,1.0,0.8225505379808736,0.75,8.819982835603276E7,0a635fe7c95464734d67fcf3eb34fbe1decb151168419235fa06b370eaf0e0c0,cdcc13633146adab08e202ec00db40bd8657e1b7d1ed80b2e03f5cedae29d2a3,78,0.8461962319714286,GLOBAL_SIMILARITY,true,0.95,1.0,1.0,50,5,1.592925975168279,0.7839715928334102,0.8673311669842934,0.775,6.428284490176365E7,5997ca7975dff074dc6742b059ad081766cd5b4318d659c5aa290ae10ce58742,0e15f4cf1c8c5aac0a47fe692b7258f4c2a5b28b354e2c4536da4bedc27ee43a
DISTRICT,GYEONGNAM,거제시,LOCAL_SPECIALTY,GREEN,2,95,1.0,NATIONWIDE_TYPE_VENUE,50,1,1.0,1.0,0.8584047619764225,0.7875000000000001,1.1374581192920007E8,6f559ff7303a8c2962ebc48f630fcff4006b749cc57f1e138c456575624dd657,494d210226598d1e33557155e0f1a22e3c47e24b4070e2a8dbe8703dc1bd0ce5,108,0.827811066901393,GLOBAL_SIMILARITY,true,0.95,1.0,1.0,50,9,2.0672020003307776,0.683949751419036,0.9164694344333855,0.7941176470588235,9.165491807124312E7,ae344924e8a08f58d30b86a09e767c2f0ac9999fa50289fd78e72c4452853e6e,fc582ece89e6830ee73203c2e224752d5d6b1286a9d3a6b476a6f7b9c1f31975
DISTRICT,GYEONGNAM,거제시,CULTURE_ART,OTHER,2,70,1.0,NATIONWIDE_TYPE_VENUE,50,1,1.0,1.0,0.8261443849955067,0.7875000000000001,1.9476905977895048E8,e2894551a9aade3371c9d134fd015763aa296c0fb24e8191f8fdd46932c4cd77,cf9982f26c028342b0ac7e2276e066aa47d9246819edc77e454b7bcf4920f6c9,199,0.28597027560179,SAME_REGION_TYPE,true,0.9125000000000001,0.9625000000000001,1.0,50,9,4.7741222641563485,0.06180436153735618,0.9450838177418743,0.9230769230769231,1.163844633016735E8,a05c86197c7203d748383c8677e4f5a523eb906bc68b4dcc03e133a749bb3f0c,6194d4c8ea0eac222b4ddeb4acccee1d60a9cab192766321a0516262c5d7a78c
DISTRICT,GYEONGNAM,거제시,CULTURE_ART,GREEN,9,158,1.0,NATIONWIDE_TYPE_VENUE,50,1,1.0,1.0,0.8119058804912321,0.75,4.4813599967484015E8,4214f3c3954d05a920f970ebc6a910e54d165aa212212417de62ae5be5a531b0,c7d938ccffa445aa0aff3194521d526a99faa931a62eb813c09e882cc372d52c,285,0.44926776279751407,SAME_REGION_TYPE,true,0.89375,0.9437500000000001,1.0,50,9,5.0852041485483035,0.07975739627158088,0.9447186856849021,0.9230769230769231,2.4564647770948917E8,55835b9df6c536db1eceba42e276ce46734d330c86148bb9970116430c30a0a2,46456b73c2026ca1fc5d7ca6dfb9686a06a26ec1d25b6a4926f034eb51645f39
DISTRICT,GYEONGNAM,거제시,TRADITION_HISTORY,GREEN,3,54,1.0,NATIONWIDE_TYPE_VENUE,50,1,1.0,1.0,0.8177453742144464,0.75,3.301333878107828E8,925fb91efbfb16db5e571b6b008cb99b6c0a3a167e39edb07bb4c1c2cafda7ae,15013135441599761863f195c6b7c25c44c6b8930cfb9f4e510c4f80f3a88a3e,60,0.860250436070392,GLOBAL_SIMILARITY,true,0.95,1.0,1.0,50,7,1.4145622892569047,0.8381876552753773,0.8497364480866464,0.7875000000000001,3.5888360191394526E8,285c65a03171f6420c2f6399164881b305317fad46c25bdf062dcbc672608bae,29623016611e4ecca6e1181d3371d7fd6294afab64c844f21eb8302fd82e7a8b
DISTRICT,GYEONGNAM,양산시,LOCAL_SPECIALTY,GREEN,2,95,1.0,NATIONWIDE_TYPE_VENUE,50,1,1.0,1.0,0.8567755187999606,0.7875000000000001,1.1451061051824011E8,6f559ff7303a8c2962ebc48f630fcff4006b749cc57f1e138c456575624dd657,494d210226598d1e33557155e0f1a22e3c47e24b4070e2a8dbe8703dc1bd0ce5,234,0.3396353074202569,SAME_REGION_TYPE,true,0.9125000000000001,0.9625000000000001,1.0,50,9,7.014266670638251,0.13793090414905954,0.959261320904745,0.9230769230769231,6.351228425079401E7,84139450d24dfe0c65279315d2758e4055a163881a9e714012f2274cf209b881,671314c5aabc808a91ddae723c5a916c4379fdf884569e9365abda529d1b8090
DISTRICT,GYEONGNAM,양산시,CULTURE_ART,GREEN,2,158,1.0,NATIONWIDE_TYPE_VENUE,50,1,1.0,1.0,0.8562707197483139,0.8250000000000001,1.9241624796132466E8,4214f3c3954d05a920f970ebc6a910e54d165aa212212417de62ae5be5a531b0,c40679bfc894681d54f2814398c6fec0cece1ce4a08afc745d123d41898cf2db,165,0.9383974369648311,GLOBAL_SIMILARITY,true,0.95,1.0,1.0,50,8,1.449412432967623,0.8280723060913584,0.879301655564,0.8250000000000001,2.247229021836212E8,f11150d4d70a16f10d3e12142df22af975879097c168bf48118f80e67e2875c8,25245cb776e42679d729701d486277a4eac6d5f8d99273dd50436b5a1b41797c
DISTRICT,GYEONGNAM,양산시,TRADITION_HISTORY,INDEPENDENT,21,38,1.0,NATIONWIDE_TYPE_VENUE,38,1,1.0,1.0,0.7268103407507684,0.6886363636363637,3.8346388413919204E8,8674a18a77fd59101747b5bfbca30d4351075de073f6e1726ea05249ad86bedb,8674a18a77fd59101747b5bfbca30d4351075de073f6e1726ea05249ad86bedb,153,0.19019339308969369,SAME_REGION_TYPE,true,0.7840909090909091,0.8340909090909091,1.0,50,7,2.997944485124623,0.10240549828178688,0.9284377478191906,0.9230769230769231,3.29791693998758E8,f32701797b48abe0652155d1775b46b42ab4f3f9411ae640bd8599bc53d1d9c5,3cf3a73c9ed19e90ffde021c11d3b9b28607cdeab5acfaa6c16cd21f3ed391bf
DISTRICT,GYEONGNAM,양산시,NATURE_ECOLOGY,GREEN,17,88,1.0,NATIONWIDE_TYPE_VENUE,50,1,1.0,1.0,0.8048400562711726,0.7166666666666667,1.9902640441272277E8,dc459aca48974424d1e63cba2ca3e5c0d723e32a3a4724a75d28d13eea8c5f69,dfaffccaad9510ffd7a12a235390a0a84550528e2b04a6edf1d65963169c44de,99,0.8209566990968157,GLOBAL_SIMILARITY,true,0.95,1.0,1.0,50,5,1.9368918950272247,0.7014098533162425,0.8753502626392059,0.7583333333333334,1.5156885614449012E8,d71b63fad1fae70e62f4894babea3677156652c8b7be43271919511d2e7e5b2a,107cc0804d206937963132acd1487824afc11a4fc9d3468023da16d73c42e7cc
DISTRICT,GYEONGNAM,의령군,TRADITION_HISTORY,GREEN,4,54,1.0,NATIONWIDE_TYPE_VENUE,50,1,1.0,1.0,0.8053236284683793,0.735,3.8852703666898793E8,925fb91efbfb16db5e571b6b008cb99b6c0a3a167e39edb07bb4c1c2cafda7ae,908205032da6c2df3dd14d15ec2f72657c95a7d95279e10e1d9d430bf2589eb6,64,0.7748167594543138,GLOBAL_SIMILARITY,true,0.95,1.0,1.0,50,9,1.8595728078202647,0.7260893577286779,0.8656941556402342,0.765,4.663184679592791E8,222c5ab08392f00c35b902160d655f66953346baaf2ddca2c01554cee5515c92,eec770b769be9357ee85c2c70ba492fd27aa593bf2b31eee21fddeec515e02f7
DISTRICT,GYEONGNAM,의령군,LOCAL_SPECIALTY,GREEN,4,95,1.0,NATIONWIDE_TYPE_VENUE,50,1,1.0,1.0,0.8557325232032578,0.795,2.781493612375969E8,6f559ff7303a8c2962ebc48f630fcff4006b749cc57f1e138c456575624dd657,1b87e47f2f63d58d61fff816100f57a21846e39a8a0b3803c24b71e4e6fc1726,99,0.940308239991909,GLOBAL_SIMILARITY,true,0.95,1.0,1.0,50,3,1.2416927922510284,0.8934522469086594,0.8751936780494594,0.795,2.3300624166692543E8,74724153d8512d734ea0890ca6445835a39b07ccd94f6b2cfffc23593cb8e14a,24c84628acd49d97ec16e35b40c05841587fc07ae849e6e589245455b2113cb6
DISTRICT,GYEONGNAM,의령군,CULTURE_ART,GREEN,4,158,1.0,NATIONWIDE_TYPE_VENUE,50,1,1.0,1.0,0.8341056214979805,0.795,3.914475201674037E8,4214f3c3954d05a920f970ebc6a910e54d165aa212212417de62ae5be5a531b0,dd18fb34841bdc54f442fca4a35ff639d8e54be2ba5cd875e5ad5e2c5e6a816b,291,0.4634659264121526,SAME_REGION_TYPE,true,0.9,0.9500000000000001,1.0,50,9,4.049685281154804,0.08159566459643049,0.9350046375408934,0.9230769230769231,2.8982714453832173E8,384be6b1ba9485f25b56e658549ed424b3de3c732c361d826fa345a80308e765,0097045923425a1f92de8514579eae5cb1b19c7ccffbc17cfd2b0cc7bf4200c2
DISTRICT,GYEONGNAM,의령군,CULTURE_ART,OTHER,2,70,1.0,NATIONWIDE_TYPE_VENUE,50,1,1.0,1.0,0.8262409807006142,0.7875000000000001,1.9575065697160766E8,e2894551a9aade3371c9d134fd015763aa296c0fb24e8191f8fdd46932c4cd77,cf9982f26c028342b0ac7e2276e066aa47d9246819edc77e454b7bcf4920f6c9,75,0.8994688853690405,GLOBAL_SIMILARITY,true,0.95,1.0,1.0,50,4,1.3393027037387093,0.8600007380047321,0.8539306620204119,0.7875000000000001,2.159266886689868E8,4789dc390551292012d38bfd2d90cd9b8e642d91b6ddf35faa208c5c1d340a37,98231b5da6025ab8b4227a8d85c41c13faf99862e7483e73172c2141b9746fda
DISTRICT,GYEONGNAM,함안군,LOCAL_SPECIALTY,INDEPENDENT,3,37,1.0,NATIONWIDE_TYPE_VENUE,37,1,1.0,1.0,0.8371738005291993,0.6943548387096775,1.3598479041100833E8,f48a1845e91ccd6df2e6cbb8eff45c61703b96b9de9c78eebb998bf15f66a0a2,f48a1845e91ccd6df2e6cbb8eff45c61703b96b9de9c78eebb998bf15f66a0a2,44,0.7838082072690812,GLOBAL_SIMILARITY,true,0.95,1.0,1.0,44,5,1.5906770301359199,0.7838082072690816,0.8723754884963542,0.6943548387096775,1.2652870391433735E8,d9c144f5eefb9755bbc0b3471e568441dca75ed6170e6079261ae620340f8a94,d9c144f5eefb9755bbc0b3471e568441dca75ed6170e6079261ae620340f8a94
DISTRICT,GYEONGNAM,함안군,LOCAL_SPECIALTY,GREEN,3,95,1.0,NATIONWIDE_TYPE_VENUE,50,1,1.0,1.0,0.8687992808167728,0.795,2.3007462113344786E8,6f559ff7303a8c2962ebc48f630fcff4006b749cc57f1e138c456575624dd657,afb10c423cecef1c73190d8e272b3375a5036e5e79b381229d07e4fd567052a1,102,0.9019085178328986,GLOBAL_SIMILARITY,true,0.95,1.0,1.0,50,5,1.4529462832206441,0.8238689941147861,0.8996995500610766,0.8250000000000001,1.7536979212838957E8,cbc4e4403dab014c405be4022ae8e96161a4ff4622b513cc5ff9a69eb5375461,18b679223794c22a66333f0bbdaca4147442e7c7b2be7e92945939f40e63b70e
DISTRICT,GYEONGNAM,함안군,NATURE_ECOLOGY,GREEN,3,88,1.0,NATIONWIDE_TYPE_VENUE,50,1,1.0,1.0,0.8286223146312224,0.7875000000000001,1.2934166544715953E8,dc459aca48974424d1e63cba2ca3e5c0d723e32a3a4724a75d28d13eea8c5f69,aca2389541003f8e1271854c67e6780c976ff6b7e379edca75f34ddc6f6b0a69,93,0.9164362491976993,GLOBAL_SIMILARITY,true,0.95,1.0,1.0,50,4,1.3376555829578056,0.8605682752765134,0.8560736250378334,0.7875000000000001,1.3195343394184965E8,017824362c3e21486a6df735d4a49c8a70096b4f3c262acbbf0faa298db7ec53,c7d88703b4264880856c9f73bd7d55564a4e5895ee958bd0f8305937fb48f652
DISTRICT,GYEONGNAM,함안군,NATURE_ECOLOGY,VILLAGE,19,167,0.21446108426091715,SAME_REGION_TYPE,50,8,4.015038564508077,0.021737776756377468,0.9312055954819894,0.9230769230769231,9.184557352661479E7,75122c018518048e36bae25bfb8ac56b32d8c8266d3f1fa7cf71dd679272c8fb,047ef6233c88c807c0cb38098a209cd2c0751c3b92f409a7af3a4d27121c7f5c,167,0.21446108426091715,SAME_REGION_TYPE,false,-Infinity,NaN,NaN,50,8,4.015038564508077,0.021737776756377468,0.9312055954819894,0.9230769230769231,9.184557352661479E7,75122c018518048e36bae25bfb8ac56b32d8c8266d3f1fa7cf71dd679272c8fb,047ef6233c88c807c0cb38098a209cd2c0751c3b92f409a7af3a4d27121c7f5c
DISTRICT,GYEONGNAM,함안군,TRADITION_HISTORY,INDEPENDENT,3,38,1.0,NATIONWIDE_TYPE_VENUE,38,1,1.0,1.0,0.8052349407549573,0.7083333333333334,3.018654513202745E8,8674a18a77fd59101747b5bfbca30d4351075de073f6e1726ea05249ad86bedb,8674a18a77fd59101747b5bfbca30d4351075de073f6e1726ea05249ad86bedb,46,0.7526325089693062,GLOBAL_SIMILARITY,true,0.95,1.0,1.0,46,7,1.7246102546566233,0.7526325089693062,0.853413484800848,0.7083333333333334,3.4431740162585074E8,aa1635b8dc4d5ef3f5673e3f3dc7173ce89873984af5f96fbd713ae20814e8e0,aa1635b8dc4d5ef3f5673e3f3dc7173ce89873984af5f96fbd713ae20814e8e0
DISTRICT,GYEONGNAM,창녕군,NATURE_ECOLOGY,GREEN,4,88,1.0,NATIONWIDE_TYPE_VENUE,50,1,1.0,1.0,0.8194396207912396,0.765,1.5372143588754705E8,dc459aca48974424d1e63cba2ca3e5c0d723e32a3a4724a75d28d13eea8c5f69,d193e4b6ce0da5b494c5050b2a71336d19d106875e67b91d5fa8e9d312367410,97,0.8592571396790546,GLOBAL_SIMILARITY,true,0.95,1.0,1.0,50,8,1.7093758873122293,0.758667807057267,0.8692153234879195,0.76875,1.941056635410344E8,ce6746c6d7f6626849c1e15636afe3749033479427e2ef83297d1df88537895c,d3492e4d228f498453243fdda804b63a730b569bbf7f3e1bb43925a60084b373
DISTRICT,GYEONGNAM,창녕군,NATURE_ECOLOGY,WATERFRONT,3,70,1.0,NATIONWIDE_TYPE_VENUE,50,1,1.0,1.0,0.8217137855103971,0.775,1.1200912978501454E8,0a635fe7c95464734d67fcf3eb34fbe1decb151168419235fa06b370eaf0e0c0,d3fa94b8a515e123fca5c772bc892a3e46918ebe0c4e228206189c3406c711e0,77,0.8647046000957526,GLOBAL_SIMILARITY,true,0.95,1.0,1.0,50,6,1.5075999445601063,0.8093265463830436,0.8586688054490598,0.7875000000000001,1.4012192639229774E8,0f8e04bf2e9c32f5b7599715941d96cd127b068787097a7e002317d1e6e26428,0969062099acacbc62872293b64226a36aed4c5c903993360a1a16351eb370f3
DISTRICT,GYEONGNAM,창녕군,TRADITION_HISTORY,OTHER,4,22,1.0,NATIONWIDE_TYPE_VENUE,22,1,1.0,1.0,0.8068446323363904,0.735,2.4086292309791556E8,3d535e023c473017fdda8ada497fd3aeb9dbae27b046a7bdeb89e40249781229,3d535e023c473017fdda8ada497fd3aeb9dbae27b046a7bdeb89e40249781229,41,0.4328454663759618,SAME_REGION_TYPE,true,0.95,1.0,1.0,41,9,4.212995496665349,0.43284546637596166,0.9080044934074191,0.735,1.8489983705374607E8,4e0b4996c1b24425262a26606eb66a1da4f93467df667b87704714593f3e2d82,4e0b4996c1b24425262a26606eb66a1da4f93467df667b87704714593f3e2d82
DISTRICT,GYEONGNAM,창녕군,CULTURE_ART,OTHER,3,70,1.0,NATIONWIDE_TYPE_VENUE,50,1,1.0,1.0,0.8239834425927612,0.7875000000000001,2.1775066799630406E8,e2894551a9aade3371c9d134fd015763aa296c0fb24e8191f8fdd46932c4cd77,71ba9b5fd7de9329c6a061640490aa17c0082cc019466cf5fab8fa78741a26ca,74,0.9176141440858379,GLOBAL_SIMILARITY,true,0.95,1.0,1.0,50,5,1.2688844931091021,0.8859118301791872,0.8466461439498354,0.7875000000000001,2.263286571107197E8,eba80f2eaa9da19e611f7e4bded0132cb2791be9d6eef5bdb49be6e895285401,a65847309295bc1cb767aa302f602f1359e54204ec51580e06bd3007b3c445d7
DISTRICT,GYEONGNAM,고성군,LOCAL_SPECIALTY,WATERFRONT,3,71,1.0,NATIONWIDE_TYPE_VENUE,50,1,1.0,1.0,0.8152897706138833,0.7875000000000001,1.5472856516411328E8,423ef67fb8d8ce3b4c72bcaeeff7f273fce5f5c7748615ef99cbb399498ea8e6,b81e46091782f6a959614820fd263ea9d343c58e33aee45b8daafaf748656aed,94,0.664956618281089,GLOBAL_SIMILARITY,true,0.95,1.0,1.0,50,9,3.938246535099614,0.4524123294566233,0.9202162682797053,0.795,1.48004752320725E8,b9515cd0f7c77e4c35881ac297c8f4618022ca67c1517ee85c48659c8660b09b,f811613fdf4d668e2f825f3d873be016a1b835702e191d46831f7ea6480d5f92
DISTRICT,GYEONGNAM,고성군,NATURE_ECOLOGY,INDEPENDENT,3,176,0.20616086979354417,SAME_REGION_TYPE,50,8,6.0992134669783065,0.17645072445971,0.9542423696000534,0.9230769230769231,4.928214059693736E7,3ad433f5c03c1257c980fa2ae0e2ef6995db53f415fdd44bf6175270e1c42a66,3c0c8608a2d661639f3d5f571151201b140a9df453dd97d7f90857aaa387d3ef,176,0.20616086979354417,SAME_REGION_TYPE,false,-Infinity,NaN,NaN,50,8,6.0992134669783065,0.17645072445971,0.9542423696000534,0.9230769230769231,4.928214059693736E7,3ad433f5c03c1257c980fa2ae0e2ef6995db53f415fdd44bf6175270e1c42a66,3c0c8608a2d661639f3d5f571151201b140a9df453dd97d7f90857aaa387d3ef
DISTRICT,GYEONGNAM,고성군,TRADITION_HISTORY,INDEPENDENT,3,38,1.0,NATIONWIDE_TYPE_VENUE,38,1,1.0,1.0,0.8025902817335431,0.7083333333333334,3.011379855629366E8,8674a18a77fd59101747b5bfbca30d4351075de073f6e1726ea05249ad86bedb,8674a18a77fd59101747b5bfbca30d4351075de073f6e1726ea05249ad86bedb,136,0.22359945712821927,SAME_REGION_TYPE,true,0.9,0.9500000000000001,1.0,50,9,5.902850112448705,0.020569022976887237,0.9375969677936193,0.9230769230769231,2.6132608424548897E8,e95f0ce281468d3a782b973540eb62e2f52ef6ed42cf7001ab78f1d33c06cbb8,8beeae37d5aff9dff4e0bb4be25b149d37ea01107047b6124a0be2dced6bd16b
DISTRICT,GYEONGNAM,남해군,NATURE_ECOLOGY,WATERFRONT,2,70,1.0,NATIONWIDE_TYPE_VENUE,50,1,1.0,1.0,0.8225505379808736,0.75,8.841856868544573E7,0a635fe7c95464734d67fcf3eb34fbe1decb151168419235fa06b370eaf0e0c0,cdcc13633146adab08e202ec00db40bd8657e1b7d1ed80b2e03f5cedae29d2a3,73,0.9354986110159005,GLOBAL_SIMILARITY,true,0.95,1.0,1.0,50,3,1.1926578439421949,0.9133985316865885,0.8412462868215809,0.765,7.972661603991947E7,eb8e23bd737548d1e05c8abc01af53e4593a61e16f15958082b96026cd4fd575,30e2fe8b0152c33fd57e039e9ef855e266f5aef980720bfc78ffff21b34954e5
DISTRICT,GYEONGNAM,남해군,LOCAL_SPECIALTY,GREEN,2,95,1.0,NATIONWIDE_TYPE_VENUE,50,1,1.0,1.0,0.8569840899491693,0.7875000000000001,1.1410781188557497E8,6f559ff7303a8c2962ebc48f630fcff4006b749cc57f1e138c456575624dd657,494d210226598d1e33557155e0f1a22e3c47e24b4070e2a8dbe8703dc1bd0ce5,127,0.6701323017445773,GLOBAL_SIMILARITY,true,0.95,1.0,1.0,50,9,5.560557200639064,0.3325794385987042,0.9616701124600796,0.8562500000000001,9.594719714413033E7,9e7ce7c2d66074162186b85e419284b491ba611b37cb000d5fcecbbbe7206fc9,359d317bcfddfb433ee1a17ec6e1262f1c73914958ac7a2086467bd12536d15e
DISTRICT,GYEONGNAM,남해군,LOCAL_SPECIALTY,WATERFRONT,2,71,1.0,NATIONWIDE_TYPE_VENUE,50,1,1.0,1.0,0.8146210212053344,0.7875000000000001,9.887551665365666E7,423ef67fb8d8ce3b4c72bcaeeff7f273fce5f5c7748615ef99cbb399498ea8e6,f1bf5c5ef599137e4ec4b591b6012872542fb7f242ccd6680e79fb88f259c4c0,103,0.5910061541564101,GLOBAL_SIMILARITY,true,0.95,1.0,1.0,50,9,6.116743167348038,0.29287263816920905,0.9407292465183716,0.8250000000000001,8.884100568812045E7,df70eaf605914cede7238544b41de8caf821d01c8aabb4460ef487d608e22b7e,5a52e069a6c2220d94242884fee6a3509b0c7644a8d38f9c8470d2795c665607
DISTRICT,GYEONGNAM,남해군,LOCAL_SPECIALTY,INDEPENDENT,3,37,1.0,NATIONWIDE_TYPE_VENUE,37,1,1.0,1.0,0.8371738005291993,0.6943548387096775,1.3708733461676222E8,f48a1845e91ccd6df2e6cbb8eff45c61703b96b9de9c78eebb998bf15f66a0a2,f48a1845e91ccd6df2e6cbb8eff45c61703b96b9de9c78eebb998bf15f66a0a2,69,0.4437173271350821,SAME_REGION_TYPE,true,0.95,1.0,1.0,50,9,5.98588824816922,0.3044258143655049,0.9634465719690741,0.8250000000000001,1.2150308121825379E8,252fe68bd7bd919b3adabcf741cc69dc1f42e96d2206e44cd0d790ac14d14e21,763c2610e5202b5f98f33cb6654a89a148d097c69b220457039f2df8baa2a77d
DISTRICT,GYEONGNAM,남해군,TRADITION_HISTORY,VILLAGE,3,152,0.16937833903757843,SAME_REGION_TYPE,50,9,6.014792095390157,0.02152426318645905,0.9357656180580874,0.9230769230769231,2.9287423984238714E8,b73406f5bcd25bc98d286cc57bac63d45f76a2365a10bb52d79789089a937b11,5c368ab76276952adcb92ae29f5f0537753fa3f58e132ca98ac1c28c51bd0eff,152,0.16937833903757843,SAME_REGION_TYPE,false,-Infinity,NaN,NaN,50,9,6.014792095390157,0.02152426318645905,0.9357656180580874,0.9230769230769231,2.9287423984238714E8,b73406f5bcd25bc98d286cc57bac63d45f76a2365a10bb52d79789089a937b11,5c368ab76276952adcb92ae29f5f0537753fa3f58e132ca98ac1c28c51bd0eff
DISTRICT,GYEONGNAM,하동군,LOCAL_SPECIALTY,GREEN,3,95,1.0,NATIONWIDE_TYPE_VENUE,50,1,1.0,1.0,0.8721391984726512,0.795,2.298823233052851E8,6f559ff7303a8c2962ebc48f630fcff4006b749cc57f1e138c456575624dd657,afb10c423cecef1c73190d8e272b3375a5036e5e79b381229d07e4fd567052a1,111,0.803625925643498,GLOBAL_SIMILARITY,true,0.95,1.0,1.0,50,9,2.3975129825101367,0.6296690443263273,0.9314393822935252,0.8250000000000001,1.8648180033539054E8,1d77b383bf694304103f574d78dedbaa5d80f78633a371649c7080468c198ab6,3aa9fe01d89bb43cd99ac1e4c687dbba200e6522547fe13812f68d5785080294
DISTRICT,GYEONGNAM,산청군,NATURE_ECOLOGY,GREEN,11,88,1.0,NATIONWIDE_TYPE_VENUE,50,1,1.0,1.0,0.8188405637002651,0.7250000000000001,1.9198177985531464E8,dc459aca48974424d1e63cba2ca3e5c0d723e32a3a4724a75d28d13eea8c5f69,3c15256440f5d331909b00585aceb0003efbcb4d4aa18a8437f2ec70b21b4960,197,0.3566652618286367,SAME_REGION_TYPE,true,0.92,0.9700000000000001,1.0,50,9,5.007297646734867,0.08113181146753808,0.9461724541242134,0.9230769230769231,9.770678746333316E7,624983ce13751b7fe29141bf76798956398bf42e1f6e6a42710240c83ffae01b,f9529e11fcbc1682ce0510af8c84edb78e0c4df0d83634bf9857676a7636a8e4
DISTRICT,GYEONGNAM,산청군,CULTURE_ART,GREEN,2,158,1.0,NATIONWIDE_TYPE_VENUE,50,1,1.0,1.0,0.8562707197483139,0.8250000000000001,1.924674250562736E8,4214f3c3954d05a920f970ebc6a910e54d165aa212212417de62ae5be5a531b0,c40679bfc894681d54f2814398c6fec0cece1ce4a08afc745d123d41898cf2db,167,0.9187198517520988,GLOBAL_SIMILARITY,true,0.95,1.0,1.0,50,8,1.6478153393199781,0.7737265590497994,0.891523082691604,0.8250000000000001,1.748022579558035E8,f11413e6fe854ab46bc113ed74ab9feab9dc7c73abd0b7aab50654aff9ed7b81,e129f16926b9b76cf201e4eab3f9e3dc4159382760fa67ca2d43cce95205a1dd
DISTRICT,GYEONGNAM,산청군,NATURE_ECOLOGY,GREEN,10,88,1.0,NATIONWIDE_TYPE_VENUE,50,1,1.0,1.0,0.8233148321387908,0.7295454545454546,1.990448002814298E8,dc459aca48974424d1e63cba2ca3e5c0d723e32a3a4724a75d28d13eea8c5f69,745b1d833dc3b62a22379fc03d057cfc1bb360bec89004b8e5407192d1d3b35c,197,0.3591836350813635,SAME_REGION_TYPE,true,0.91,0.9600000000000001,1.0,50,9,5.582735816838893,0.08085793701854772,0.9460867067400942,0.9230769230769231,9.503080887213866E7,624983ce13751b7fe29141bf76798956398bf42e1f6e6a42710240c83ffae01b,d9329fe24c3d73324945305c07c6fb4367d642fd6eeb5687eb8db0d1ca4f8d61
DISTRICT,GYEONGNAM,산청군,LOCAL_SPECIALTY,VILLAGE,10,23,1.0,NATIONWIDE_TYPE_VENUE,23,1,1.0,1.0,0.7669196724985994,0.7159090909090909,2.2337743385885426E8,3fbec895063fe63197622dd9e2f7c6edb414b8212fdbf14439a971c269a81dc0,3fbec895063fe63197622dd9e2f7c6edb414b8212fdbf14439a971c269a81dc0,33,0.5721682538139276,GLOBAL_SIMILARITY,true,0.95,1.0,1.0,33,8,2.801558002255174,0.5721682538139271,0.8630503085313883,0.7159090909090909,3.350086688860874E8,9ba2a16b8d2642f67bb460370b3bc216c601b51751bebda33a195dd820e2f551,9ba2a16b8d2642f67bb460370b3bc216c601b51751bebda33a195dd820e2f551
DISTRICT,GYEONGNAM,산청군,LOCAL_SPECIALTY,INDEPENDENT,4,37,1.0,NATIONWIDE_TYPE_VENUE,37,1,1.0,1.0,0.8223776097300406,0.6991935483870968,1.5408498415862972E8,f48a1845e91ccd6df2e6cbb8eff45c61703b96b9de9c78eebb998bf15f66a0a2,f48a1845e91ccd6df2e6cbb8eff45c61703b96b9de9c78eebb998bf15f66a0a2,45,0.75342699353674,GLOBAL_SIMILARITY,true,0.95,1.0,1.0,45,7,1.7269608987376563,0.7534269935367407,0.8661744965140958,0.6991935483870968,1.9577987224862036E8,d2f9e5573fd504640231a39aeac887fc5b7aadcc5d6b33571f264eead1f33ea7,d2f9e5573fd504640231a39aeac887fc5b7aadcc5d6b33571f264eead1f33ea7
DISTRICT,GYEONGNAM,산청군,LOCAL_SPECIALTY,INDEPENDENT,3,37,1.0,NATIONWIDE_TYPE_VENUE,37,1,1.0,1.0,0.8369322903885908,0.6943548387096775,1.3579590274311057E8,f48a1845e91ccd6df2e6cbb8eff45c61703b96b9de9c78eebb998bf15f66a0a2,f48a1845e91ccd6df2e6cbb8eff45c61703b96b9de9c78eebb998bf15f66a0a2,200,0.19632699107253834,SAME_REGION_TYPE,true,0.92,0.9700000000000001,1.0,50,9,6.894398371741768,0.1209241644575633,0.948943043712437,0.9375000000000001,1.9264235937742925E8,b14f62ab3e940bef87246e402173010b31e4ec2a7629aa1dd96f758ad6be97fc,5dd1f84545ae21973a6cb0d778a632b0778ff34bf1f189502d34fc9b40d951e6
DISTRICT,GYEONGNAM,함양군,LOCAL_SPECIALTY,INDEPENDENT,2,37,1.0,NATIONWIDE_TYPE_VENUE,37,1,1.0,1.0,0.8283256875549192,0.6895161290322581,1.0911726461922763E8,f48a1845e91ccd6df2e6cbb8eff45c61703b96b9de9c78eebb998bf15f66a0a2,f48a1845e91ccd6df2e6cbb8eff45c61703b96b9de9c78eebb998bf15f66a0a2,176,0.2252976758156541,SAME_REGION_TYPE,true,0.9,0.9500000000000001,1.0,50,9,5.071776389568333,0.04097746745375625,0.9348078597314444,0.9230769230769231,9.366158825055268E7,318c5bb71f687eb6ead99038718402897b83cdf47aad5aedea8314007bbd4519,169189256dde58283fda4cb63b6fb7c6682dd5221379b482eb7601c2f700ae89
DISTRICT,GYEONGNAM,함양군,CULTURE_ART,GREEN,2,158,1.0,NATIONWIDE_TYPE_VENUE,50,1,1.0,1.0,0.8562707197483139,0.8250000000000001,1.919429389132319E8,4214f3c3954d05a920f970ebc6a910e54d165aa212212417de62ae5be5a531b0,c40679bfc894681d54f2814398c6fec0cece1ce4a08afc745d123d41898cf2db,162,0.9614117436783478,GLOBAL_SIMILARITY,true,0.95,1.0,1.0,50,4,1.2460085545599404,0.8934807360031465,0.8738477738848286,0.8250000000000001,2.1149019959442484E8,efc12832a813149ae2f9cfde50a193ebe8178240768d70cefaaa7b8c840d86f0,c0b9e4f0aafa819f222bbc7bc116b76bb576d2223479054a149fa7b93ab04215
DISTRICT,GYEONGNAM,함양군,COMMUNITY,OTHER,2,72,0.361954149763671,SAME_REGION_TYPE,50,8,3.5176091641980225,0.01949888695601039,0.9247715990466367,0.8625,1.271460676841684E8,627790f827d62662a5e8890a703357a1e978f89b5f6cf576b7b4fa0255bb4552,c1b79b8c8c3ec1ed6b62b8f0f9c6f27875e705e0bbff89f55ddc5fc91a3abc18,72,0.361954149763671,SAME_REGION_TYPE,false,-Infinity,NaN,NaN,50,8,3.5176091641980225,0.01949888695601039,0.9247715990466367,0.8625,1.271460676841684E8,627790f827d62662a5e8890a703357a1e978f89b5f6cf576b7b4fa0255bb4552,c1b79b8c8c3ec1ed6b62b8f0f9c6f27875e705e0bbff89f55ddc5fc91a3abc18
DISTRICT,GYEONGNAM,거창군,NATURE_ECOLOGY,GREEN,4,88,1.0,NATIONWIDE_TYPE_VENUE,50,1,1.0,1.0,0.8221515944021768,0.765,1.5280351469603753E8,dc459aca48974424d1e63cba2ca3e5c0d723e32a3a4724a75d28d13eea8c5f69,d193e4b6ce0da5b494c5050b2a71336d19d106875e67b91d5fa8e9d312367410,192,0.377702074165084,SAME_REGION_TYPE,true,0.92,0.9700000000000001,1.0,50,8,4.087896679781918,0.08372857681462181,0.9374084134905961,0.9230769230769231,1.0289377182246238E8,355785bba122eeeb40547fba73414862a70e0f60760aa3a00cd2cee540752aba,2ddd781c71b827f01c235222be3fc9d41c7cc835700cd58bef9a57c31455bafe
DISTRICT,GYEONGNAM,거창군,CULTURE_ART,OTHER,10,70,1.0,NATIONWIDE_TYPE_VENUE,50,1,1.0,1.0,0.7936841975051503,0.7159090909090909,2.8741421457096326E8,e2894551a9aade3371c9d134fd015763aa296c0fb24e8191f8fdd46932c4cd77,01ff12379691c320503a502b6da0a84bb0ea560186fef39ba532ba5ad12ba9cd,75,0.8914625888045841,GLOBAL_SIMILARITY,true,0.95,1.0,1.0,50,6,1.3748156287731148,0.8502257304091333,0.8304226005125105,0.728225806451613,3.058813257119227E8,c535eb97a0b00d87f529c3f59cf6eef03c3433c0e81f01dd524da76cb0cb1166,ebd9fced6386f96595d279626602fc317c5b74c9817fa4aa909ba577235e94b0
DISTRICT,GYEONGNAM,거창군,NATURE_ECOLOGY,OTHER,24,28,1.0,NATIONWIDE_TYPE_VENUE,28,1,1.0,1.0,0.7463444599903523,0.687,1.2823939603064442E8,bac84c25c579cb164a23d21f107620de9d5a19ddb2360cb94e2daef2a6ba747b,bac84c25c579cb164a23d21f107620de9d5a19ddb2360cb94e2daef2a6ba747b,147,0.23838700512219257,SAME_REGION_TYPE,true,0.8099999999999999,0.86,1.0,50,7,3.9343198644441584,0.04593813884768316,0.9341816511677834,0.9230769230769231,8.725484124206889E7,0ab970d279889c2cd920278809ce78a949ddbf498e7934e0caddb1306ad5b981,79ac2be8e8f4b9bf52c57994a70640339edf2f0d5d3aae4d773df0bc135f2791
DISTRICT,GYEONGNAM,합천군,NATURE_ECOLOGY,GREEN,11,88,1.0,NATIONWIDE_TYPE_VENUE,50,1,1.0,1.0,0.8193308200705844,0.7250000000000001,1.9235702472900882E8,dc459aca48974424d1e63cba2ca3e5c0d723e32a3a4724a75d28d13eea8c5f69,3c15256440f5d331909b00585aceb0003efbcb4d4aa18a8437f2ec70b21b4960,98,0.8412343035349444,GLOBAL_SIMILARITY,true,0.95,1.0,1.0,50,7,1.8016097626740986,0.7354791823902417,0.8776104854684447,0.775,1.8173948306775722E8,091708707dc4a585df942c54d7e8ffc1b07581dddff945405fc8b977124676e3,7eb82e9bd6e2ce7db4f9aa02a93235c6fe07fd66ed85d8bc8895b78fdff56b44
DISTRICT,GYEONGNAM,합천군,NATURE_ECOLOGY,GREEN,9,88,1.0,NATIONWIDE_TYPE_VENUE,50,1,1.0,1.0,0.8221441689556119,0.735,1.9437778831981945E8,dc459aca48974424d1e63cba2ca3e5c0d723e32a3a4724a75d28d13eea8c5f69,745b1d833dc3b62a22379fc03d057cfc1bb360bec89004b8e5407192d1d3b35c,97,0.8570192165723055,GLOBAL_SIMILARITY,true,0.95,1.0,1.0,50,6,1.6875589693329094,0.761143341790658,0.8730158957969236,0.7632352941176471,1.6444589983587345E8,b742e10f83af549637eb22bf3ccce419c417d11c7419c6d4ff4b5d3b80ebb613,23aa79d13b71d779016fa9836b4df4ff7b5f3b65f86b3ad95dcc685daa9d83f2
DISTRICT,GYEONGNAM,합천군,LOCAL_SPECIALTY,GREEN,3,95,1.0,NATIONWIDE_TYPE_VENUE,50,1,1.0,1.0,0.8687992808167728,0.795,2.3045990160000575E8,6f559ff7303a8c2962ebc48f630fcff4006b749cc57f1e138c456575624dd657,afb10c423cecef1c73190d8e272b3375a5036e5e79b381229d07e4fd567052a1,96,0.9847005801759846,GLOBAL_SIMILARITY,true,0.95,1.0,1.0,50,2,1.054628048930137,0.9733928584039386,0.8735311935811716,0.795,2.302162910794384E8,8c864ea4c04273f27c3e0333443952e71042ffd6e8c6ff3e29555bdf3ac603fd,5c95281b83ba32b1e99a86a8e49539eeb582d91265113e5d29b5e83dd3511c60
DISTRICT,JEJU,-,TRADITION_HISTORY,GREEN,6,54,1.0,NATIONWIDE_TYPE_VENUE,50,1,1.0,1.0,0.7928014347869728,0.7178571428571429,4.2284053625055707E8,925fb91efbfb16db5e571b6b008cb99b6c0a3a167e39edb07bb4c1c2cafda7ae,dc9d8ba60f6bcc6cc73b7c82128f88eba511d8fc4f1b7424fd4527a6b70a93b2,80,0.5576743481836235,GLOBAL_SIMILARITY,true,0.95,1.0,1.0,50,4,3.0904373403512584,0.3833150163431988,0.9358275561238859,0.7607142857142858,2.940691793495451E8,9148f80da651f2c86edb35ac32caae06d1485e254ae22f1f2122dc367750fc18,fd61956272220daa2621c6c2a3ba783a7aca46c6ec7e0dd0128a630dc193a515
DISTRICT,JEJU,-,COMMUNITY,VILLAGE,2,51,0.38430601672425924,SAME_REGION_TYPE,50,7,4.589833969479894,0.3767405242067558,0.8876170289750138,0.7392857142857143,5.723709946323354E7,b14ccfc33e0c3dac6487c136376fbdda28a84ad940323190c57710437f07d2e2,ef38a81da1542a715a2b4b52f66776a91732b5245e54ee8ad6c66a08e2644132,51,0.38430601672425924,SAME_REGION_TYPE,false,-Infinity,NaN,NaN,50,7,4.589833969479894,0.3767405242067558,0.8876170289750138,0.7392857142857143,5.723709946323354E7,b14ccfc33e0c3dac6487c136376fbdda28a84ad940323190c57710437f07d2e2,ef38a81da1542a715a2b4b52f66776a91732b5245e54ee8ad6c66a08e2644132
DISTRICT,JEJU,-,NATURE_ECOLOGY,GREEN,2,88,1.0,NATIONWIDE_TYPE_VENUE,50,1,1.0,1.0,0.8464740974918065,0.775,9.234363842263997E7,dc459aca48974424d1e63cba2ca3e5c0d723e32a3a4724a75d28d13eea8c5f69,0d56efb75e64f58da7db45a1c51005607524a839597ac791012040842d6a2419,115,0.6704055328509723,GLOBAL_SIMILARITY,true,0.95,1.0,1.0,50,3,2.937066796899155,0.4011390988471414,0.9577695094439607,0.8250000000000001,1.1493095066757374E8,3976743d724fed4106bb62117960a19e15b49f61257ce4407dad30f10d415a6f,bc5852f715832112a22294c3de02fe9ad05c5b4daa28b45de3f40b0ce8fc8ef1
DISTRICT,JEJU,-,TRADITION_HISTORY,INDEPENDENT,2,38,1.0,NATIONWIDE_TYPE_VENUE,38,1,1.0,1.0,0.8170901533820775,0.7000000000000001,2.2852504625025153E8,8674a18a77fd59101747b5bfbca30d4351075de073f6e1726ea05249ad86bedb,8674a18a77fd59101747b5bfbca30d4351075de073f6e1726ea05249ad86bedb,64,0.48860327514844776,NATIONWIDE_TYPE,true,0.95,1.0,1.0,50,4,3.0691608021095127,0.39402634035299644,0.9395157405437475,0.7875000000000001,1.9234455908605868E8,9a6d631f00c462c25b64a977d5097391746aad7261028df3eb1f65fbedc420a0,a94100a4751b67f0e973e4238e31dbe565c9648726784dad4dde1192ff26e63c
DISTRICT,JEJU,-,CULTURE_ART,INDEPENDENT,3,76,1.0,NATIONWIDE_TYPE_VENUE,50,1,1.0,1.0,0.855478674309481,0.7875000000000001,3.626111837475356E8,8d3227fce5057e121afb1463f7003206e6d03aae5ceffb834860623ae7d9b164,488d12d11c935b09b5a39c0dbab09951a5011fda5057ab34254e6ef376c474d7,165,0.36412210083521607,NATIONWIDE_TYPE,true,0.95,1.0,1.0,50,3,1.226692836113837,0.06,1.0,1.0,2.942191117978615E8,7d770de8d7dee403d066c1bb00972e0cf7c36d1ed3820c69f7fbf99ec64e880c,23df9f04570940888fd1b411bacbf9d344e238dc5d8f98e80e844fb2cccafe52
DISTRICT,JEJU,-,TRADITION_HISTORY,WATERFRONT,3,31,1.0,NATIONWIDE_TYPE_VENUE,31,1,1.0,1.0,0.8401445887267129,0.6851694915254237,2.6354453956152287E8,c0745607175cb18cadd7e1f4435374983eded73e4a37d3abefd288d57a8daaeb,c0745607175cb18cadd7e1f4435374983eded73e4a37d3abefd288d57a8daaeb,57,0.4494441658608797,NATIONWIDE_TYPE,true,0.95,1.0,1.0,50,4,3.0506009604890214,0.4023785426522051,0.9450868017386458,0.7607142857142858,2.2104764929947737E8,eb81be8f1b5137783a2fd6140de3790cf47f8dfaec428f98b17bf46a4ae4e60a,e846ee894a21bdad3cace9f3b218f3a9c32e8d82a1c3f3477be09ca4c10ec607
DISTRICT,JEJU,-,CULTURE_ART,INDEPENDENT,2,76,1.0,NATIONWIDE_TYPE_VENUE,50,1,1.0,1.0,0.8548696732309241,0.7875000000000001,2.402419475633896E8,8d3227fce5057e121afb1463f7003206e6d03aae5ceffb834860623ae7d9b164,66e3c1d5af937bdfb3426cff019945f8bfd53527c5d1e954962bcf2c523b471a,165,0.361790736364417,NATIONWIDE_TYPE,true,0.95,1.0,1.0,50,3,1.3312034078807242,0.1,1.0,1.0,3.119180696073101E8,7d770de8d7dee403d066c1bb00972e0cf7c36d1ed3820c69f7fbf99ec64e880c,5ab3a7e369ee299596ff51846cb1b2dc5ae904d12e0a99363b7efb32bc130e76
DISTRICT,JEJU,-,COMMUNITY,WATERFRONT,3,29,1.0,NATIONWIDE_TYPE_VENUE,29,1,1.0,1.0,0.82084330127544,0.7035714285714286,1.579329954475366E8,d79174673ff7f3466f21cd9adef13feaf0fb2e943028627027b036405e0d7d39,d79174673ff7f3466f21cd9adef13feaf0fb2e943028627027b036405e0d7d39,56,0.43400981011059014,NATIONWIDE_TYPE,true,0.9125000000000001,0.9625000000000001,1.0,50,6,3.495051256286229,0.38701273760051913,0.9156230311145076,0.7875000000000001,1.1902828657260823E8,89de2eb0c1ec10b6cc3bd23a92a0e00f98fe43d2781278ab79e2ea2dcd450f14,5787931b08db4e3aabbd2ca5ab3c9ed907d44f2d6ee8b6114c7addb5e6038320
DISTRICT,JEJU,-,COMMUNITY,GREEN,2,41,1.0,NATIONWIDE_TYPE_VENUE,41,1,1.0,1.0,0.8294081937992663,0.6868421052631579,1.3000430945331034E8,2e791c1fbe39f5acd2e443473c32520423f6131ee59cef2b016af5dfdade83f7,2e791c1fbe39f5acd2e443473c32520423f6131ee59cef2b016af5dfdade83f7,55,0.6635360263401876,GLOBAL_SIMILARITY,true,0.95,1.0,1.0,50,3,2.0768700095102357,0.642018510671019,0.8982564965183267,0.765,1.2307908277474096E8,ef35376297c2d6acf5f3859e339d279c34591ac6966f80b2b69e2bccde43448f,ebf3c4437d7fbf8f548201f9bf3efb5a5c693465d952586caa4de05d0f552d64
DISTRICT,JEJU,-,CULTURE_ART,GREEN,3,22,1.0,SAME_DISTRICT_TYPE_VENUE,22,1,1.0,1.0,0.9408981564435182,0.8639534883720931,4.7186860879421586E8,18bbc95a56c08716c30138b18cee787180517213b515ecff6b064cd04416ce0d,18bbc95a56c08716c30138b18cee787180517213b515ecff6b064cd04416ce0d,112,0.420990824975374,NATIONWIDE_TYPE,true,0.95,1.0,1.0,50,3,1.278118609406953,0.08,1.0,1.0,3.193951720807656E8,3e82a0adae6abe74ddc56a5edcdab16323ff380f618c55bcf410181a1aa7415b,dd95d8dc112405f158d6a3ffb4b13a13b9e60a25ec8f9ed193166e8b5eda1d0d
DISTRICT,JEJU,-,LOCAL_SPECIALTY,WATERFRONT,4,71,1.0,NATIONWIDE_TYPE_VENUE,50,1,1.0,1.0,0.8230058176657442,0.765,1.8441291867420465E8,423ef67fb8d8ce3b4c72bcaeeff7f273fce5f5c7748615ef99cbb399498ea8e6,54edf7227041d14517ff9596cf2ca5e71769d74a444c3abe9d2f7c1af43fe5e1,89,0.7132605699771978,GLOBAL_SIMILARITY,true,0.95,1.0,1.0,50,4,2.523165960330956,0.5536832291514281,0.9140064802715592,0.795,2.2187983821330932E8,a8b091cb9ce987a5af9f3784783e3ed81285dc304cab575d6da289843c7a6d8b,2bb96430367b813fe6661853460bd5944d31576f25640c36d4d92f63d2d6f48b
DISTRICT,JEJU,-,LOCAL_SPECIALTY,WATERFRONT,3,71,1.0,NATIONWIDE_TYPE_VENUE,50,1,1.0,1.0,0.8364762871923108,0.7875000000000001,1.556249069490441E8,423ef67fb8d8ce3b4c72bcaeeff7f273fce5f5c7748615ef99cbb399498ea8e6,f4bcb6eff1604f2ced7470367492d83b5a057e9ab22597583b48880f52255e2f,89,0.7195851244879936,GLOBAL_SIMILARITY,true,0.95,1.0,1.0,50,4,2.481321323942403,0.5629838190206743,0.920679015787968,0.795,2.0371683525488183E8,a8b091cb9ce987a5af9f3784783e3ed81285dc304cab575d6da289843c7a6d8b,ad66cc8181a2713ac4d6771bfd6e7770f4bf789d947eabe205137e235db469c3
DISTRICT,JEJU,-,LOCAL_SPECIALTY,INDEPENDENT,3,37,1.0,NATIONWIDE_TYPE_VENUE,37,1,1.0,1.0,0.8122389883968578,0.6943548387096775,1.3904766589347133E8,f48a1845e91ccd6df2e6cbb8eff45c61703b96b9de9c78eebb998bf15f66a0a2,f48a1845e91ccd6df2e6cbb8eff45c61703b96b9de9c78eebb998bf15f66a0a2,55,0.572999012938679,GLOBAL_SIMILARITY,true,0.95,1.0,1.0,50,4,2.5735472289368464,0.542418929375933,0.9023885493127325,0.7875000000000001,1.7883873516611877E8,edab7a9d8b0545a3f74f4c7b9736c427ad4d4ca6e5c496ccbb2fd2ea64c63b91,3bd889ee72b54ae530ff847b2e34cebc9dee766cfc74dc5657fc3f9aa6e71b39
DISTRICT,JEJU,-,NATURE_ECOLOGY,WATERFRONT,2,70,1.0,NATIONWIDE_TYPE_VENUE,50,1,1.0,1.0,0.8349379487784608,0.75,8.939885216890524E7,0a635fe7c95464734d67fcf3eb34fbe1decb151168419235fa06b370eaf0e0c0,cdcc13633146adab08e202ec00db40bd8657e1b7d1ed80b2e03f5cedae29d2a3,97,0.6216895060220078,GLOBAL_SIMILARITY,true,0.95,1.0,1.0,50,3,2.946376632083666,0.39560179618792446,0.9538858403119577,0.8250000000000001,1.1086635061618702E8,804017b76c96eaaa53cb5c005b76645990d7282885cffcfa469ae068481effb8,744a6f5c8dde467c332a66a4602eb607a2b9806982e2432b3ab6ffa18d299bc8
DISTRICT,JEJU,-,CULTURE_ART,WATERFRONT,2,90,1.0,NATIONWIDE_TYPE_VENUE,50,1,1.0,1.0,0.8263419752447393,0.7875000000000001,2.031098650353012E8,c348e29400ebe021db666e856fec31595170b0090866fe06d013a15bb05b35e1,c9e58aff8af1726a0d3c8ed9d81a09be6abb5d4a7552eae36c94388e43b7da50,226,0.2993499480161328,NATIONWIDE_TYPE,true,0.9125000000000001,0.9625000000000001,1.0,50,3,1.177024482109228,0.04,1.0,1.0,3.105058966408198E8,769d9be6cc996e756903b4ff3b14250ebe28ab871aeb3e0bc2ced2764714a2d7,76ec34fe9deb27e8f7117a5452088d0ae9066fd1804ab89fdba8ad989c8457b0
DISTRICT,JEJU,-,COMMUNITY,WATERFRONT,2,29,1.0,NATIONWIDE_TYPE_VENUE,29,1,1.0,1.0,0.8254238179654884,0.6964285714285715,1.2946128117658086E8,d79174673ff7f3466f21cd9adef13feaf0fb2e943028627027b036405e0d7d39,d79174673ff7f3466f21cd9adef13feaf0fb2e943028627027b036405e0d7d39,43,0.5802549258154223,GLOBAL_SIMILARITY,true,0.95,1.0,1.0,43,3,2.3149219607471565,0.5802549258154224,0.8987013104444245,0.6964285714285715,1.2747138625100763E8,d2e70e45e35b808238f939a6b7812ccc668dec10a31e8892277572338d201d04,d2e70e45e35b808238f939a6b7812ccc668dec10a31e8892277572338d201d04
DISTRICT,JEJU,-,TRADITION_HISTORY,VILLAGE,4,83,0.2681235766075185,SAME_REGION_TYPE,50,9,6.654187292262896,0.06731785578998932,0.9467075768643568,0.9,1.375882650387357E8,3f6d54dd160efa4729a109bc00a48bb6c60b5264d394972e32dcdd9b1df9c93e,b435c1d38e4cc4063419fddf03b64805594adaea4d6cbe29955ace500dcdadcc,83,0.2681235766075185,SAME_REGION_TYPE,false,-Infinity,NaN,NaN,50,9,6.654187292262896,0.06731785578998932,0.9467075768643568,0.9,1.375882650387357E8,3f6d54dd160efa4729a109bc00a48bb6c60b5264d394972e32dcdd9b1df9c93e,b435c1d38e4cc4063419fddf03b64805594adaea4d6cbe29955ace500dcdadcc
DISTRICT,JEJU,-,NATURE_ECOLOGY,GREEN,6,88,1.0,NATIONWIDE_TYPE_VENUE,50,1,1.0,1.0,0.8247089727409933,0.7607142857142858,1.6942089348840073E8,dc459aca48974424d1e63cba2ca3e5c0d723e32a3a4724a75d28d13eea8c5f69,276b6dd1b367abb96d802b5f8aed493d4c32c56e517ba78723f29fe01eda02c7,115,0.6665879724252235,GLOBAL_SIMILARITY,true,0.95,1.0,1.0,50,3,2.9566654246378365,0.3888873853918502,0.9512055148223143,0.7821428571428571,1.4197499923451033E8,3976743d724fed4106bb62117960a19e15b49f61257ce4407dad30f10d415a6f,d0e52bbc1240d32a8067969c28e710487f0fab899c23672914aef59c469adbca
DISTRICT,JEJU,-,NATURE_ECOLOGY,VILLAGE,11,99,0.1943794465918524,SAME_REGION_TYPE,50,9,7.248377054193222,0.04913556136949204,0.9093550404221328,0.8125,1.194618344547447E8,d7882065b46d33041d3bb28faed05e7e1d08d808334a9e20de2af84000f5b8ab,2f0db689886a3ed4fbc24bd72051c35331304017423c6d9e460859b9524751f2,99,0.1943794465918524,SAME_REGION_TYPE,false,-Infinity,NaN,NaN,50,9,7.248377054193222,0.04913556136949204,0.9093550404221328,0.8125,1.194618344547447E8,d7882065b46d33041d3bb28faed05e7e1d08d808334a9e20de2af84000f5b8ab,2f0db689886a3ed4fbc24bd72051c35331304017423c6d9e460859b9524751f2
DISTRICT,JEJU,-,TRADITION_HISTORY,VILLAGE,2,83,0.2699080284265541,SAME_REGION_TYPE,50,9,6.6626253036595,0.06486810457570771,0.9455752017224497,0.8906250000000001,8.681655055718996E7,3f6d54dd160efa4729a109bc00a48bb6c60b5264d394972e32dcdd9b1df9c93e,aefc00f7fd7ef3928eaed00a1f159618e78734db79bf448c7933366404d64536,83,0.2699080284265541,SAME_REGION_TYPE,false,-Infinity,NaN,NaN,50,9,6.6626253036595,0.06486810457570771,0.9455752017224497,0.8906250000000001,8.681655055718996E7,3f6d54dd160efa4729a109bc00a48bb6c60b5264d394972e32dcdd9b1df9c93e,aefc00f7fd7ef3928eaed00a1f159618e78734db79bf448c7933366404d64536
DISTRICT,JEJU,-,TRADITION_HISTORY,GREEN,2,54,1.0,NATIONWIDE_TYPE_VENUE,50,1,1.0,1.0,0.8217321220830961,0.75,2.5238101936804363E8,925fb91efbfb16db5e571b6b008cb99b6c0a3a167e39edb07bb4c1c2cafda7ae,629b0d4dc3b42373f864c89399bdd4c8d07d01fb74c9a354eae111ad6bfab652,80,0.5750424856852073,GLOBAL_SIMILARITY,true,0.95,1.0,1.0,50,4,3.0548563612390094,0.4005288005736824,0.9445328765637121,0.7875000000000001,2.188255239882786E8,9148f80da651f2c86edb35ac32caae06d1485e254ae22f1f2122dc367750fc18,a2affd85f3b5983b9d1b0f20236ddd26b6de01abe7b40a13ee042a92bf9164d9
DISTRICT,JEJU,-,TRADITION_HISTORY,OTHER,2,22,1.0,NATIONWIDE_TYPE_VENUE,22,1,1.0,1.0,0.8336388107792622,0.7159090909090909,1.9685808037698984E8,3d535e023c473017fdda8ada497fd3aeb9dbae27b046a7bdeb89e40249781229,3d535e023c473017fdda8ada497fd3aeb9dbae27b046a7bdeb89e40249781229,48,0.3640076982710784,NATIONWIDE_TYPE,true,0.95,1.0,1.0,48,4,3.12125204691117,0.36400769827107854,0.9394432464301198,0.7159090909090909,2.0376342496987227E8,71f8320e917453d04b215e967dd3d4057fbf96990b18eadffa54c7b4ef5b68d2,71f8320e917453d04b215e967dd3d4057fbf96990b18eadffa54c7b4ef5b68d2
DISTRICT,JEJU,-,LOCAL_SPECIALTY,GREEN,2,95,1.0,NATIONWIDE_TYPE_VENUE,50,1,1.0,1.0,0.8181744467611908,0.7875000000000001,1.2463040437752372E8,6f559ff7303a8c2962ebc48f630fcff4006b749cc57f1e138c456575624dd657,cb8f51c5e446dc596ed25206b3eabce0ded98203c50b88306604fee487a44393,113,0.767248363431826,GLOBAL_SIMILARITY,true,0.95,1.0,1.0,50,4,2.5381947565951246,0.5503321211555424,0.9083933336377216,0.7941176470588235,1.5660903595052505E8,f61e3f015ea9b5b07eea0cc5b384740b67aec1f86862f1fffa9d9332afd87f67,3aad12d086ec9337ee88cf006a782f33cdcdfcb88115a11963f4253de52e3831
DISTRICT,JEJU,-,COMMUNITY,GREEN,3,41,1.0,NATIONWIDE_TYPE_VENUE,41,1,1.0,1.0,0.8190029944540935,0.6907894736842106,1.5404997486648455E8,2e791c1fbe39f5acd2e443473c32520423f6131ee59cef2b016af5dfdade83f7,2e791c1fbe39f5acd2e443473c32520423f6131ee59cef2b016af5dfdade83f7,55,0.6582918131185703,GLOBAL_SIMILARITY,true,0.95,1.0,1.0,50,3,2.1027067317478227,0.6353451266702184,0.8917223673710976,0.7875000000000001,1.3829159694152638E8,ef35376297c2d6acf5f3859e339d279c34591ac6966f80b2b69e2bccde43448f,ebf3c4437d7fbf8f548201f9bf3efb5a5c693465d952586caa4de05d0f552d64
DISTRICT,JEJU,-,CULTURE_ART,WATERFRONT,3,90,1.0,NATIONWIDE_TYPE_VENUE,50,1,1.0,1.0,0.8301546543951931,0.7875000000000001,2.9907904830654204E8,c348e29400ebe021db666e856fec31595170b0090866fe06d013a15bb05b35e1,2553644ef02288c442375665a56f8f46ddcf3dc9ae41b4e371215f846cbf691a,179,0.3877403104966589,NATIONWIDE_TYPE,true,0.95,1.0,1.0,50,4,1.17813383600377,0.02,1.0,1.0,3.1031595545252275E8,d276e50415e38fb353aad1c8e56375866e8633ed7d8354eb8c7ee47f3334567e,7bc013454b411e0cf9a3df1367aaa887b5884cf611ee7159422975b7bcf9b9b5
DISTRICT,JEJU,-,NATURE_ECOLOGY,OTHER,3,28,1.0,NATIONWIDE_TYPE_VENUE,28,1,1.0,1.0,0.7943309395923556,0.6990000000000001,9.428861456796108E7,bac84c25c579cb164a23d21f107620de9d5a19ddb2360cb94e2daef2a6ba747b,bac84c25c579cb164a23d21f107620de9d5a19ddb2360cb94e2daef2a6ba747b,70,0.31669354132845007,SAME_REGION_TYPE,true,0.8911764705882352,0.9411764705882353,1.0,50,9,7.247184829812409,0.1375411262939593,0.9342041612593114,0.7941176470588235,9.297501367790952E7,2aa8252b06faa76ccd04b9c1d4734199db773e58a836894527adfc4888143522,4edc67db8a0e6889e052255bc9edd89e176ef2ef540bba5913ad5eca854ee642
DISTRICT,JEJU,-,LOCAL_SPECIALTY,WATERFRONT,2,71,1.0,NATIONWIDE_TYPE_VENUE,50,1,1.0,1.0,0.8358709983562232,0.7875000000000001,9.725894157749288E7,423ef67fb8d8ce3b4c72bcaeeff7f273fce5f5c7748615ef99cbb399498ea8e6,e5cf5f8fde80efc2551c0367f87da34eef6c1f474f4db478b3acde264ce13cd0,89,0.7177296430563951,GLOBAL_SIMILARITY,true,0.95,1.0,1.0,50,4,2.4816566783177434,0.5629094204055879,0.9206328530132479,0.7941176470588235,1.3216847138245331E8,a8b091cb9ce987a5af9f3784783e3ed81285dc304cab575d6da289843c7a6d8b,fd4e8c91fb690eac0804a90b89a6e6a4a796a56de7dba02b316445333164f4db
DISTRICT,JEJU,-,LOCAL_SPECIALTY,OTHER,2,30,1.0,NATIONWIDE_TYPE_VENUE,30,1,1.0,1.0,0.8167978733236948,0.6895161290322581,1.0332256899339974E8,d7eb5f5a7795ed75ed648bbe71eacb81a6fe0bd8c57b502eb69efc2e8672ca56,d7eb5f5a7795ed75ed648bbe71eacb81a6fe0bd8c57b502eb69efc2e8672ca56,48,0.5228366599048908,GLOBAL_SIMILARITY,true,0.95,1.0,1.0,48,4,2.6598793422175953,0.522836659904891,0.9042152120010877,0.6895161290322581,1.4959961608622366E8,f32591449bff55cea3dbd2e7f490638bd505f0bc00e54aa17a39f5b673f5944d,f32591449bff55cea3dbd2e7f490638bd505f0bc00e54aa17a39f5b673f5944d
DISTRICT,JEJU,-,CULTURE_ART,GREEN,2,22,1.0,SAME_DISTRICT_TYPE_VENUE,22,1,1.0,1.0,0.9357436344340475,0.8604651162790699,4.2547042106228584E8,18bbc95a56c08716c30138b18cee787180517213b515ecff6b064cd04416ce0d,18bbc95a56c08716c30138b18cee787180517213b515ecff6b064cd04416ce0d,111,0.42542111478336947,NATIONWIDE_TYPE,true,0.95,1.0,1.0,50,3,1.278118609406953,0.08,1.0,1.0,2.825145911885576E8,4aa60eb453c0814c3c51c1017b319b288040f1a0fb51c2f4ed2b1a74b7305f38,ae31e90bd9508ec3b731896cc0ce5889025c043cd39d083d2e4760921257cb0a
DISTRICT,JEJU,-,CULTURE_ART,GREEN,6,22,1.0,SAME_DISTRICT_TYPE_VENUE,22,1,1.0,1.0,0.9334948903316207,0.8744186046511628,5.371152182374228E8,18bbc95a56c08716c30138b18cee787180517213b515ecff6b064cd04416ce0d,18bbc95a56c08716c30138b18cee787180517213b515ecff6b064cd04416ce0d,113,0.41864434936450806,NATIONWIDE_TYPE,true,0.93125,0.9812500000000001,1.0,50,3,1.177024482109228,0.04,1.0,1.0,3.105058966408198E8,6a6d4bccaf307ab25cf9f17e8abba37745023cc67d34d57cb6f34382587205c4,76ec34fe9deb27e8f7117a5452088d0ae9066fd1804ab89fdba8ad989c8457b0
DISTRICT,JEJU,-,NATURE_ECOLOGY,OTHER,2,28,1.0,NATIONWIDE_TYPE_VENUE,28,1,1.0,1.0,0.7985373338971796,0.6930000000000001,8.345881958388358E7,bac84c25c579cb164a23d21f107620de9d5a19ddb2360cb94e2daef2a6ba747b,bac84c25c579cb164a23d21f107620de9d5a19ddb2360cb94e2daef2a6ba747b,83,0.2626123700493921,SAME_REGION_TYPE,true,0.9,0.9500000000000001,1.0,50,9,7.918246315029986,0.059720477833478905,0.9474405163574455,0.9230769230769231,6.120941265444009E7,561b8f60ca3610aedf7f52acaecfd7e58f6c6abb97b430f9e8348697690501e3,d1b632c1988db52c9215093cbed97be2c5bdc5097810a41fc3d15704c3c0eac0
DISTRICT,JEJU,-,LOCAL_SPECIALTY,WATERFRONT,30,71,1.0,NATIONWIDE_TYPE_VENUE,50,1,1.0,1.0,0.7710102549873352,0.6943548387096775,1.9590787702253604E8,423ef67fb8d8ce3b4c72bcaeeff7f273fce5f5c7748615ef99cbb399498ea8e6,05f3403e4250d82ded106139d6a9d9eb35a967df4498b631f5f2f13702919c60,89,0.6811934099214829,GLOBAL_SIMILARITY,true,0.95,1.0,1.0,50,4,2.6557397346047558,0.523786424615987,0.8976580728117267,0.6943548387096775,1.9980540280917418E8,a8b091cb9ce987a5af9f3784783e3ed81285dc304cab575d6da289843c7a6d8b,9c76d66ee4b69877e79167d6bb5926828f62aa8b76fb6db3b1324a7cdc147833
DISTRICT,JEJU,-,TRADITION_HISTORY,OTHER,3,22,1.0,NATIONWIDE_TYPE_VENUE,22,1,1.0,1.0,0.8387850865853259,0.7295454545454546,2.2649383231816724E8,3d535e023c473017fdda8ada497fd3aeb9dbae27b046a7bdeb89e40249781229,3d535e023c473017fdda8ada497fd3aeb9dbae27b046a7bdeb89e40249781229,48,0.3656426684106738,NATIONWIDE_TYPE,true,0.95,1.0,1.0,48,4,3.1190304192938374,0.36564266841067383,0.9410529488714627,0.7295454545454546,2.1446504837418666E8,71f8320e917453d04b215e967dd3d4057fbf96990b18eadffa54c7b4ef5b68d2,71f8320e917453d04b215e967dd3d4057fbf96990b18eadffa54c7b4ef5b68d2
DISTRICT,JEJU,-,CULTURE_ART,OTHER,8,70,1.0,NATIONWIDE_TYPE_VENUE,50,1,1.0,1.0,0.8222480669457022,0.7250000000000001,2.6803808771389472E8,e2894551a9aade3371c9d134fd015763aa296c0fb24e8191f8fdd46932c4cd77,a1ec01e7dcc682c1515f2c507e2a12aac085c826db9091ac40c4da9ded64b212,159,0.3483342847134258,NATIONWIDE_TYPE,true,0.95,1.0,1.0,50,4,1.17813383600377,0.02,1.0,1.0,2.969514557875465E8,c4e2a7a1fabc8e348280955232377d46a36c90e02498b90f6c9630d59fd24c31,d7f9d1309cc88607ff03cbdf4de0ba99d323c42272e750c29254d0653059b09f
DISTRICT,JEJU,-,CULTURE_ART,OTHER,5,70,1.0,NATIONWIDE_TYPE_VENUE,50,1,1.0,1.0,0.8309422585430182,0.75,2.5854866228479996E8,e2894551a9aade3371c9d134fd015763aa296c0fb24e8191f8fdd46932c4cd77,13e9ae3487464b69e93e4f1e52483a8bb7f8b721f0d61e765228b7c7333ca996,159,0.34475900885060606,NATIONWIDE_TYPE,true,0.95,1.0,1.0,50,4,1.17813383600377,0.02,1.0,1.0,2.969514557875465E8,c4e2a7a1fabc8e348280955232377d46a36c90e02498b90f6c9630d59fd24c31,d7f9d1309cc88607ff03cbdf4de0ba99d323c42272e750c29254d0653059b09f
